-- MySQL dump 10.13  Distrib 8.0.19, for Linux (x86_64)
--
-- Host: localhost    Database: hunter
-- ------------------------------------------------------
-- Server version	8.0.19

/*!40101 SET @OLD_CHARACTER_SET_CLIENT=@@CHARACTER_SET_CLIENT */;
/*!40101 SET @OLD_CHARACTER_SET_RESULTS=@@CHARACTER_SET_RESULTS */;
/*!40101 SET @OLD_COLLATION_CONNECTION=@@COLLATION_CONNECTION */;
/*!50503 SET NAMES utf8mb4 */;
/*!40103 SET @OLD_TIME_ZONE=@@TIME_ZONE */;
/*!40103 SET TIME_ZONE='+00:00' */;
/*!40014 SET @OLD_UNIQUE_CHECKS=@@UNIQUE_CHECKS, UNIQUE_CHECKS=0 */;
/*!40014 SET @OLD_FOREIGN_KEY_CHECKS=@@FOREIGN_KEY_CHECKS, FOREIGN_KEY_CHECKS=0 */;
/*!40101 SET @OLD_SQL_MODE=@@SQL_MODE, SQL_MODE='NO_AUTO_VALUE_ON_ZERO' */;
/*!40111 SET @OLD_SQL_NOTES=@@SQL_NOTES, SQL_NOTES=0 */;

--
-- Table structure for table `activities`
--

DROP TABLE IF EXISTS `activities`;
/*!40101 SET @saved_cs_client     = @@character_set_client */;
/*!50503 SET character_set_client = utf8mb4 */;
CREATE TABLE `activities` (
  `id` bigint unsigned NOT NULL AUTO_INCREMENT,
  `name` varchar(255) DEFAULT NULL,
  UNIQUE KEY `id` (`id`)
) ENGINE=InnoDB AUTO_INCREMENT=27 DEFAULT CHARSET=utf8mb4 COLLATE=utf8mb4_0900_ai_ci COMMENT='Направления деятельности';
/*!40101 SET character_set_client = @saved_cs_client */;

--
-- Dumping data for table `activities`
--

LOCK TABLES `activities` WRITE;
/*!40000 ALTER TABLE `activities` DISABLE KEYS */;
INSERT INTO `activities` VALUES (1,'Административное обеспечение'),(2,'Бурение'),(3,'Бухгалтерский учет и налогообложение'),(4,'Внешнеэкономическая деятельность'),(5,'Геологоразведка'),(6,'Геофизика'),(7,'Добыча газа, газового конденсата, нефти'),(8,'Инвестиции и строительство'),(9,'Маркетинг'),(10,'Мобилизационная подготовка и гражданская оборона'),(11,'Освоение морских месторождений'),(12,'Переработка и использование газа'),(13,'Подземное хранение газа'),(14,'Связи с общественностью'),(15,'Стратегическое развитие'),(16,'Страхование'),(17,'Транспортировка газа'),(18,'Транспортные средства и спецтехника'),(19,'Управление имуществом'),(20,'Управление персоналом'),(21,'Управление производственными объектами'),(22,'Управление технологическими процессами'),(23,'Финансы и экономика'),(24,'Хозяйственное обеспечение'),(25,'Электроэнергетика'),(26,'Юридическое сопровождение');
/*!40000 ALTER TABLE `activities` ENABLE KEYS */;
UNLOCK TABLES;

--
-- Table structure for table `contract_types`
--

DROP TABLE IF EXISTS `contract_types`;
/*!40101 SET @saved_cs_client     = @@character_set_client */;
/*!50503 SET character_set_client = utf8mb4 */;
CREATE TABLE `contract_types` (
  `id` bigint unsigned NOT NULL AUTO_INCREMENT,
  `name` varchar(64) DEFAULT NULL,
  UNIQUE KEY `id` (`id`)
) ENGINE=InnoDB AUTO_INCREMENT=3 DEFAULT CHARSET=utf8mb4 COLLATE=utf8mb4_0900_ai_ci COMMENT='Виды трудовых договоров';
/*!40101 SET character_set_client = @saved_cs_client */;

--
-- Dumping data for table `contract_types`
--

LOCK TABLES `contract_types` WRITE;
/*!40000 ALTER TABLE `contract_types` DISABLE KEYS */;
INSERT INTO `contract_types` VALUES (1,'Срочный'),(2,'Бессрочный');
/*!40000 ALTER TABLE `contract_types` ENABLE KEYS */;
UNLOCK TABLES;

--
-- Table structure for table `doc_types`
--

DROP TABLE IF EXISTS `doc_types`;
/*!40101 SET @saved_cs_client     = @@character_set_client */;
/*!50503 SET character_set_client = utf8mb4 */;
CREATE TABLE `doc_types` (
  `id` bigint unsigned NOT NULL AUTO_INCREMENT,
  `name` varchar(128) NOT NULL,
  `is_necessary` tinyint(1) NOT NULL,
  UNIQUE KEY `id` (`id`),
  UNIQUE KEY `name` (`name`)
) ENGINE=InnoDB AUTO_INCREMENT=16 DEFAULT CHARSET=utf8mb4 COLLATE=utf8mb4_0900_ai_ci COMMENT='Виды документов';
/*!40101 SET character_set_client = @saved_cs_client */;

--
-- Dumping data for table `doc_types`
--

LOCK TABLES `doc_types` WRITE;
/*!40000 ALTER TABLE `doc_types` DISABLE KEYS */;
INSERT INTO `doc_types` VALUES (1,'Справка',0),(2,'Аттесстат',0),(3,'Диплом',1),(4,'Сертификат',0),(5,'Свидетельство',0),(6,'Паспорт РФ',1),(7,'Заграничный паспорт',0),(8,'Свидетельство ИНН',1),(9,'СНИЛС',1),(10,'Автобиография',1),(11,'Трудовая книжка',1),(12,'Военный билет',0),(13,'Самопрезентация',1),(14,'Согласие на обработку персональных данных',1),(15,'Резюме',1);
/*!40000 ALTER TABLE `doc_types` ENABLE KEYS */;
UNLOCK TABLES;

--
-- Table structure for table `edu_m`
--

DROP TABLE IF EXISTS `edu_m`;
/*!40101 SET @saved_cs_client     = @@character_set_client */;
/*!50503 SET character_set_client = utf8mb4 */;
CREATE TABLE `edu_m` (
  `id` bigint unsigned NOT NULL AUTO_INCREMENT,
  `name` varchar(32) DEFAULT NULL,
  `edu_type_id` bigint unsigned DEFAULT NULL,
  UNIQUE KEY `id` (`id`)
) ENGINE=InnoDB AUTO_INCREMENT=13 DEFAULT CHARSET=utf8mb4 COLLATE=utf8mb4_0900_ai_ci;
/*!40101 SET character_set_client = @saved_cs_client */;

--
-- Dumping data for table `edu_m`
--

LOCK TABLES `edu_m` WRITE;
/*!40000 ALTER TABLE `edu_m` DISABLE KEYS */;
INSERT INTO `edu_m` VALUES (1,'Университет 1',6),(2,'Академия 1',6),(3,'Институт 1',6),(4,'Университет 2',6),(5,'Академия 2',6),(6,'Институт 2',6),(7,'Университет 3',6),(8,'Академия 3',6),(9,'Институт 3',6),(10,'Техникум 1',4),(11,'Техникум 2',4),(12,'Техникум 3',4);
/*!40000 ALTER TABLE `edu_m` ENABLE KEYS */;
UNLOCK TABLES;

--
-- Table structure for table `edu_types`
--

DROP TABLE IF EXISTS `edu_types`;
/*!40101 SET @saved_cs_client     = @@character_set_client */;
/*!50503 SET character_set_client = utf8mb4 */;
CREATE TABLE `edu_types` (
  `id` bigint unsigned NOT NULL AUTO_INCREMENT,
  `name` varchar(128) NOT NULL,
  UNIQUE KEY `id` (`id`),
  UNIQUE KEY `name` (`name`)
) ENGINE=InnoDB AUTO_INCREMENT=14 DEFAULT CHARSET=utf8mb4 COLLATE=utf8mb4_0900_ai_ci COMMENT='Виды образования';
/*!40101 SET character_set_client = @saved_cs_client */;

--
-- Dumping data for table `edu_types`
--

LOCK TABLES `edu_types` WRITE;
/*!40000 ALTER TABLE `edu_types` DISABLE KEYS */;
INSERT INTO `edu_types` VALUES (6,'Высшее профессиональное образование'),(12,'Консультационные семинары'),(11,'Краткосрочные семинары'),(3,'Начальное профессиональное образование'),(5,'Неполное высшее образование'),(1,'Основное общее образование'),(9,'Повышение квалификации'),(7,'Послевузовское профессиональное образование'),(10,'Профессиональная переподготовка'),(2,'Среднее (полное) общее образование'),(4,'Среднее профессиональное образование'),(13,'Стажировка'),(8,'Ученое звание, ученая степень');
/*!40000 ALTER TABLE `edu_types` ENABLE KEYS */;
UNLOCK TABLES;

--
-- Table structure for table `fan_m`
--

DROP TABLE IF EXISTS `fan_m`;
/*!40101 SET @saved_cs_client     = @@character_set_client */;
/*!50503 SET character_set_client = utf8mb4 */;
CREATE TABLE `fan_m` (
  `id` bigint unsigned NOT NULL AUTO_INCREMENT,
  `name` varchar(32) DEFAULT NULL,
  `im` char(2) DEFAULT NULL,
  UNIQUE KEY `id` (`id`)
) ENGINE=InnoDB AUTO_INCREMENT=11 DEFAULT CHARSET=utf8mb4 COLLATE=utf8mb4_0900_ai_ci;
/*!40101 SET character_set_client = @saved_cs_client */;

--
-- Dumping data for table `fan_m`
--

LOCK TABLES `fan_m` WRITE;
/*!40000 ALTER TABLE `fan_m` DISABLE KEYS */;
INSERT INTO `fan_m` VALUES (1,'Иван','I'),(2,'Сергей','S'),(3,'Пётр','P'),(4,'Семён','S'),(5,'Василий','V'),(6,'Александр','Al'),(7,'Вячеслав','V'),(8,'Вадим','V'),(9,'Антон','An'),(10,'Виталий','Vi');
/*!40000 ALTER TABLE `fan_m` ENABLE KEYS */;
UNLOCK TABLES;

--
-- Table structure for table `fan_w`
--

DROP TABLE IF EXISTS `fan_w`;
/*!40101 SET @saved_cs_client     = @@character_set_client */;
/*!50503 SET character_set_client = utf8mb4 */;
CREATE TABLE `fan_w` (
  `id` bigint unsigned NOT NULL AUTO_INCREMENT,
  `name` varchar(32) DEFAULT NULL,
  `im` char(2) DEFAULT NULL,
  UNIQUE KEY `id` (`id`)
) ENGINE=InnoDB AUTO_INCREMENT=11 DEFAULT CHARSET=utf8mb4 COLLATE=utf8mb4_0900_ai_ci;
/*!40101 SET character_set_client = @saved_cs_client */;

--
-- Dumping data for table `fan_w`
--

LOCK TABLES `fan_w` WRITE;
/*!40000 ALTER TABLE `fan_w` DISABLE KEYS */;
INSERT INTO `fan_w` VALUES (1,'Мария','Ma'),(2,'Ольга','Ol'),(3,'Татьяна','Ta'),(4,'Екатерина','Ek'),(5,'Анна','An'),(6,'Виктория','Vi'),(7,'Светланв','Sv'),(8,'Елена','El'),(9,'Людмила','Lu'),(10,'Мариа','Ma');
/*!40000 ALTER TABLE `fan_w` ENABLE KEYS */;
UNLOCK TABLES;

--
-- Table structure for table `ffn_m`
--

DROP TABLE IF EXISTS `ffn_m`;
/*!40101 SET @saved_cs_client     = @@character_set_client */;
/*!50503 SET character_set_client = utf8mb4 */;
CREATE TABLE `ffn_m` (
  `id` bigint unsigned NOT NULL AUTO_INCREMENT,
  `name` varchar(32) DEFAULT NULL,
  `io` char(2) DEFAULT NULL,
  UNIQUE KEY `id` (`id`)
) ENGINE=InnoDB AUTO_INCREMENT=11 DEFAULT CHARSET=utf8mb4 COLLATE=utf8mb4_0900_ai_ci;
/*!40101 SET character_set_client = @saved_cs_client */;

--
-- Dumping data for table `ffn_m`
--

LOCK TABLES `ffn_m` WRITE;
/*!40000 ALTER TABLE `ffn_m` DISABLE KEYS */;
INSERT INTO `ffn_m` VALUES (1,'Иванoвич','I'),(2,'Сергеевич','Se'),(3,'Петрович','Pe'),(4,'Семёнович','Sm'),(5,'Васильевич','Va'),(6,'Александрович','Al'),(7,'Вячеславович','Vi'),(8,'Вадимович','Va'),(9,'Антонович','An'),(10,'Витальевич','Vt');
/*!40000 ALTER TABLE `ffn_m` ENABLE KEYS */;
UNLOCK TABLES;

--
-- Table structure for table `ffn_w`
--

DROP TABLE IF EXISTS `ffn_w`;
/*!40101 SET @saved_cs_client     = @@character_set_client */;
/*!50503 SET character_set_client = utf8mb4 */;
CREATE TABLE `ffn_w` (
  `id` bigint unsigned NOT NULL AUTO_INCREMENT,
  `name` varchar(32) DEFAULT NULL,
  `io` char(2) DEFAULT NULL,
  UNIQUE KEY `id` (`id`)
) ENGINE=InnoDB AUTO_INCREMENT=26 DEFAULT CHARSET=utf8mb4 COLLATE=utf8mb4_0900_ai_ci;
/*!40101 SET character_set_client = @saved_cs_client */;

--
-- Dumping data for table `ffn_w`
--

LOCK TABLES `ffn_w` WRITE;
/*!40000 ALTER TABLE `ffn_w` DISABLE KEYS */;
INSERT INTO `ffn_w` VALUES (1,'Иванoвна','Iv'),(2,'Сергеевна','Se'),(3,'Петровна','Pe'),(4,'Семёновна','Sm'),(5,'Васильевна','Va'),(6,'Александровна','Al'),(7,'Вячеславовна','Vi'),(8,'Вадимовна','Vd'),(9,'Антоновна','An'),(10,'Витальевна','Vt');
/*!40000 ALTER TABLE `ffn_w` ENABLE KEYS */;
UNLOCK TABLES;

--
-- Table structure for table `firms`
--

DROP TABLE IF EXISTS `firms`;
/*!40101 SET @saved_cs_client     = @@character_set_client */;
/*!50503 SET character_set_client = utf8mb4 */;
CREATE TABLE `firms` (
  `id` bigint unsigned NOT NULL AUTO_INCREMENT,
  `name` varchar(32) DEFAULT NULL,
  UNIQUE KEY `id` (`id`)
) ENGINE=InnoDB AUTO_INCREMENT=16 DEFAULT CHARSET=utf8mb4 COLLATE=utf8mb4_0900_ai_ci;
/*!40101 SET character_set_client = @saved_cs_client */;

--
-- Dumping data for table `firms`
--

LOCK TABLES `firms` WRITE;
/*!40000 ALTER TABLE `firms` DISABLE KEYS */;
INSERT INTO `firms` VALUES (1,'Завод 123'),(2,'Фирма Рога и Копыта'),(3,'Фирма 789'),(4,'Швейная фабрика'),(5,'Нефтеперерабатывающий завод'),(6,'Завод имени Кирова'),(7,'Путиловский завод'),(8,'РЖД'),(9,'Транснефть'),(10,'Роснефть'),(11,'Новатэк'),(12,'Перекресток'),(13,'Аэрофлот'),(14,'Транснефть'),(15,'Кока-Кола');
/*!40000 ALTER TABLE `firms` ENABLE KEYS */;
UNLOCK TABLES;

--
-- Table structure for table `foreign_levels`
--

DROP TABLE IF EXISTS `foreign_levels`;
/*!40101 SET @saved_cs_client     = @@character_set_client */;
/*!50503 SET character_set_client = utf8mb4 */;
CREATE TABLE `foreign_levels` (
  `id` bigint unsigned NOT NULL AUTO_INCREMENT,
  `name` varchar(64) NOT NULL,
  UNIQUE KEY `id` (`id`),
  UNIQUE KEY `name` (`name`)
) ENGINE=InnoDB AUTO_INCREMENT=10 DEFAULT CHARSET=utf8mb4 COLLATE=utf8mb4_0900_ai_ci COMMENT='Виды документов';
/*!40101 SET character_set_client = @saved_cs_client */;

--
-- Dumping data for table `foreign_levels`
--

LOCK TABLES `foreign_levels` WRITE;
/*!40000 ALTER TABLE `foreign_levels` DISABLE KEYS */;
INSERT INTO `foreign_levels` VALUES (1,'A1'),(2,'A2'),(3,'B1'),(4,'B2'),(5,'C1'),(6,'C2'),(9,'Владеет свободно'),(8,'Умеет объясняться'),(7,'Читает и переводит со словарем');
/*!40000 ALTER TABLE `foreign_levels` ENABLE KEYS */;
UNLOCK TABLES;

--
-- Table structure for table `fsn_m`
--

DROP TABLE IF EXISTS `fsn_m`;
/*!40101 SET @saved_cs_client     = @@character_set_client */;
/*!50503 SET character_set_client = utf8mb4 */;
CREATE TABLE `fsn_m` (
  `id` bigint unsigned NOT NULL AUTO_INCREMENT,
  `name` varchar(32) DEFAULT NULL,
  `ename` varchar(32) DEFAULT NULL,
  UNIQUE KEY `id` (`id`)
) ENGINE=InnoDB AUTO_INCREMENT=11 DEFAULT CHARSET=utf8mb4 COLLATE=utf8mb4_0900_ai_ci;
/*!40101 SET character_set_client = @saved_cs_client */;

--
-- Dumping data for table `fsn_m`
--

LOCK TABLES `fsn_m` WRITE;
/*!40000 ALTER TABLE `fsn_m` DISABLE KEYS */;
INSERT INTO `fsn_m` VALUES (1,'Смирнов','smirnov'),(2,'Иванов','iavnov'),(3,'Кузнецов','kuznecov'),(4,'Соколов','sokolov'),(5,'Попов','popov'),(6,'Лебедев','lebedev'),(7,'Козлов','kozlov'),(8,'Новиков','novikov'),(9,'Морозов','morozov'),(10,'Петров','petrov');
/*!40000 ALTER TABLE `fsn_m` ENABLE KEYS */;
UNLOCK TABLES;

--
-- Table structure for table `fsn_w`
--

DROP TABLE IF EXISTS `fsn_w`;
/*!40101 SET @saved_cs_client     = @@character_set_client */;
/*!50503 SET character_set_client = utf8mb4 */;
CREATE TABLE `fsn_w` (
  `id` bigint unsigned NOT NULL AUTO_INCREMENT,
  `name` varchar(32) DEFAULT NULL,
  `ename` varchar(32) DEFAULT NULL,
  UNIQUE KEY `id` (`id`)
) ENGINE=InnoDB AUTO_INCREMENT=11 DEFAULT CHARSET=utf8mb4 COLLATE=utf8mb4_0900_ai_ci;
/*!40101 SET character_set_client = @saved_cs_client */;

--
-- Dumping data for table `fsn_w`
--

LOCK TABLES `fsn_w` WRITE;
/*!40000 ALTER TABLE `fsn_w` DISABLE KEYS */;
INSERT INTO `fsn_w` VALUES (1,'Лазарева','lazareva'),(2,'Медведева','medvedeva'),(3,'Ершова','ershova'),(4,'Никитина','nikitina'),(5,'Соболева','soboleva'),(6,'Рябова','riabova'),(7,'Полякова','poliakova'),(8,'Цветкова','cvetkova'),(9,'Данилова','danilova'),(10,'Жукова','shgukova');
/*!40000 ALTER TABLE `fsn_w` ENABLE KEYS */;
UNLOCK TABLES;

--
-- Table structure for table `functions`
--

DROP TABLE IF EXISTS `functions`;
/*!40101 SET @saved_cs_client     = @@character_set_client */;
/*!50503 SET character_set_client = utf8mb4 */;
CREATE TABLE `functions` (
  `id` bigint unsigned NOT NULL AUTO_INCREMENT,
  `task_id` bigint unsigned NOT NULL,
  `name` text NOT NULL COMMENT 'Текстовое описание функции',
  `begin_at` datetime DEFAULT CURRENT_TIMESTAMP COMMENT 'Дата создания функции',
  `end_at` datetime DEFAULT '9999-12-31 00:00:00' COMMENT 'Дата ограничения функции',
  UNIQUE KEY `id` (`id`),
  KEY `functions_task_id_fk` (`task_id`),
  CONSTRAINT `functions_task_id_fk` FOREIGN KEY (`task_id`) REFERENCES `tasks` (`id`)
) ENGINE=InnoDB AUTO_INCREMENT=113 DEFAULT CHARSET=utf8mb4 COLLATE=utf8mb4_0900_ai_ci COMMENT='Функции распределяются по должностям штатного расписания';
/*!40101 SET character_set_client = @saved_cs_client */;

--
-- Dumping data for table `functions`
--

LOCK TABLES `functions` WRITE;
/*!40000 ALTER TABLE `functions` DISABLE KEYS */;
INSERT INTO `functions` VALUES (1,1,'Функция 11','2020-02-18 20:44:55','9999-12-31 00:00:00'),(2,1,'Функция 12','2020-02-18 20:44:55','9999-12-31 00:00:00'),(3,1,'Функция 13','2020-02-18 20:44:55','9999-12-31 00:00:00'),(4,1,'Функция 14','2020-02-18 20:44:55','9999-12-31 00:00:00'),(5,2,'Функция 21','2020-02-18 20:44:55','9999-12-31 00:00:00'),(6,2,'Функция 22','2020-02-18 20:44:55','9999-12-31 00:00:00'),(7,2,'Функция 23','2020-02-18 20:44:55','9999-12-31 00:00:00'),(8,2,'Функция 24','2020-02-18 20:44:55','9999-12-31 00:00:00'),(9,3,'Функция 31','2020-02-18 20:44:55','9999-12-31 00:00:00'),(10,3,'Функция 32','2020-02-18 20:44:55','9999-12-31 00:00:00'),(11,3,'Функция 33','2020-02-18 20:44:55','9999-12-31 00:00:00'),(12,3,'Функция 34','2020-02-18 20:44:55','9999-12-31 00:00:00'),(13,4,'Функция 41','2020-02-18 20:44:55','9999-12-31 00:00:00'),(14,4,'Функция 42','2020-02-18 20:44:55','9999-12-31 00:00:00'),(15,4,'Функция 43','2020-02-18 20:44:55','9999-12-31 00:00:00'),(16,4,'Функция 44','2020-02-18 20:44:55','9999-12-31 00:00:00'),(17,5,'Функция 51','2020-02-18 20:44:55','9999-12-31 00:00:00'),(18,5,'Функция 52','2020-02-18 20:44:55','9999-12-31 00:00:00'),(19,5,'Функция 53','2020-02-18 20:44:55','9999-12-31 00:00:00'),(20,5,'Функция 54','2020-02-18 20:44:55','9999-12-31 00:00:00'),(21,6,'Функция 61','2020-02-18 20:44:55','9999-12-31 00:00:00'),(22,6,'Функция 62','2020-02-18 20:44:55','9999-12-31 00:00:00'),(23,6,'Функция 63','2020-02-18 20:44:55','9999-12-31 00:00:00'),(24,6,'Функция 64','2020-02-18 20:44:55','9999-12-31 00:00:00'),(25,7,'Функция 71','2020-02-18 20:44:55','9999-12-31 00:00:00'),(26,7,'Функция 72','2020-02-18 20:44:55','9999-12-31 00:00:00'),(27,7,'Функция 73','2020-02-18 20:44:55','9999-12-31 00:00:00'),(28,7,'Функция 74','2020-02-18 20:44:55','9999-12-31 00:00:00'),(29,8,'Функция 81','2020-02-18 20:44:56','9999-12-31 00:00:00'),(30,8,'Функция 82','2020-02-18 20:44:56','9999-12-31 00:00:00'),(31,8,'Функция 83','2020-02-18 20:44:56','9999-12-31 00:00:00'),(32,8,'Функция 84','2020-02-18 20:44:56','9999-12-31 00:00:00'),(33,9,'Функция 91','2020-02-18 20:44:56','9999-12-31 00:00:00'),(34,9,'Функция 92','2020-02-18 20:44:56','9999-12-31 00:00:00'),(35,9,'Функция 93','2020-02-18 20:44:56','9999-12-31 00:00:00'),(36,9,'Функция 94','2020-02-18 20:44:56','9999-12-31 00:00:00'),(37,10,'Функция 101','2020-02-18 20:44:56','9999-12-31 00:00:00'),(38,10,'Функция 102','2020-02-18 20:44:56','9999-12-31 00:00:00'),(39,10,'Функция 103','2020-02-18 20:44:56','9999-12-31 00:00:00'),(40,10,'Функция 104','2020-02-18 20:44:56','9999-12-31 00:00:00'),(41,11,'Функция 111','2020-02-18 20:44:56','9999-12-31 00:00:00'),(42,11,'Функция 112','2020-02-18 20:44:56','9999-12-31 00:00:00'),(43,11,'Функция 113','2020-02-18 20:44:56','9999-12-31 00:00:00'),(44,11,'Функция 114','2020-02-18 20:44:56','9999-12-31 00:00:00'),(45,12,'Функция 121','2020-02-18 20:44:56','9999-12-31 00:00:00'),(46,12,'Функция 122','2020-02-18 20:44:56','9999-12-31 00:00:00'),(47,12,'Функция 123','2020-02-18 20:44:56','9999-12-31 00:00:00'),(48,12,'Функция 124','2020-02-18 20:44:56','9999-12-31 00:00:00'),(49,13,'Функция 131','2020-02-18 20:44:56','9999-12-31 00:00:00'),(50,13,'Функция 132','2020-02-18 20:44:56','9999-12-31 00:00:00'),(51,13,'Функция 133','2020-02-18 20:44:56','9999-12-31 00:00:00'),(52,13,'Функция 134','2020-02-18 20:44:56','9999-12-31 00:00:00'),(53,14,'Функция 141','2020-02-18 20:44:56','9999-12-31 00:00:00'),(54,14,'Функция 142','2020-02-18 20:44:56','9999-12-31 00:00:00'),(55,14,'Функция 143','2020-02-18 20:44:56','9999-12-31 00:00:00'),(56,14,'Функция 144','2020-02-18 20:44:56','9999-12-31 00:00:00'),(57,15,'Функция 151','2020-02-18 20:44:56','9999-12-31 00:00:00'),(58,15,'Функция 152','2020-02-18 20:44:56','9999-12-31 00:00:00'),(59,15,'Функция 153','2020-02-18 20:44:56','9999-12-31 00:00:00'),(60,15,'Функция 154','2020-02-18 20:44:56','9999-12-31 00:00:00'),(61,16,'Функция 161','2020-02-18 20:44:56','9999-12-31 00:00:00'),(62,16,'Функция 162','2020-02-18 20:44:56','9999-12-31 00:00:00'),(63,16,'Функция 163','2020-02-18 20:44:56','9999-12-31 00:00:00'),(64,16,'Функция 164','2020-02-18 20:44:56','9999-12-31 00:00:00'),(65,17,'Функция 171','2020-02-18 20:44:56','9999-12-31 00:00:00'),(66,17,'Функция 172','2020-02-18 20:44:56','9999-12-31 00:00:00'),(67,17,'Функция 173','2020-02-18 20:44:56','9999-12-31 00:00:00'),(68,17,'Функция 174','2020-02-18 20:44:56','9999-12-31 00:00:00'),(69,18,'Функция 181','2020-02-18 20:44:56','9999-12-31 00:00:00'),(70,18,'Функция 182','2020-02-18 20:44:56','9999-12-31 00:00:00'),(71,18,'Функция 183','2020-02-18 20:44:56','9999-12-31 00:00:00'),(72,18,'Функция 184','2020-02-18 20:44:56','9999-12-31 00:00:00'),(73,19,'Функция 191','2020-02-18 20:44:56','9999-12-31 00:00:00'),(74,19,'Функция 192','2020-02-18 20:44:56','9999-12-31 00:00:00'),(75,19,'Функция 193','2020-02-18 20:44:56','9999-12-31 00:00:00'),(76,19,'Функция 194','2020-02-18 20:44:56','9999-12-31 00:00:00'),(77,20,'Функция 201','2020-02-18 20:44:56','9999-12-31 00:00:00'),(78,20,'Функция 202','2020-02-18 20:44:56','9999-12-31 00:00:00'),(79,20,'Функция 203','2020-02-18 20:44:56','9999-12-31 00:00:00'),(80,20,'Функция 204','2020-02-18 20:44:56','9999-12-31 00:00:00'),(81,21,'Функция 211','2020-02-18 20:44:56','9999-12-31 00:00:00'),(82,21,'Функция 212','2020-02-18 20:44:56','9999-12-31 00:00:00'),(83,21,'Функция 213','2020-02-18 20:44:56','9999-12-31 00:00:00'),(84,21,'Функция 214','2020-02-18 20:44:56','9999-12-31 00:00:00'),(85,22,'Функция 221','2020-02-18 20:44:56','9999-12-31 00:00:00'),(86,22,'Функция 222','2020-02-18 20:44:56','9999-12-31 00:00:00'),(87,22,'Функция 223','2020-02-18 20:44:56','9999-12-31 00:00:00'),(88,22,'Функция 224','2020-02-18 20:44:56','9999-12-31 00:00:00'),(89,23,'Функция 231','2020-02-18 20:44:56','9999-12-31 00:00:00'),(90,23,'Функция 232','2020-02-18 20:44:56','9999-12-31 00:00:00'),(91,23,'Функция 233','2020-02-18 20:44:56','9999-12-31 00:00:00'),(92,23,'Функция 234','2020-02-18 20:44:56','9999-12-31 00:00:00'),(93,24,'Функция 241','2020-02-18 20:44:56','9999-12-31 00:00:00'),(94,24,'Функция 242','2020-02-18 20:44:56','9999-12-31 00:00:00'),(95,24,'Функция 243','2020-02-18 20:44:56','9999-12-31 00:00:00'),(96,24,'Функция 244','2020-02-18 20:44:56','9999-12-31 00:00:00'),(97,25,'Функция 251','2020-02-18 20:44:56','9999-12-31 00:00:00'),(98,25,'Функция 252','2020-02-18 20:44:56','9999-12-31 00:00:00'),(99,25,'Функция 253','2020-02-18 20:44:56','9999-12-31 00:00:00'),(100,25,'Функция 254','2020-02-18 20:44:56','9999-12-31 00:00:00'),(101,26,'Функция 261','2020-02-18 20:44:56','9999-12-31 00:00:00'),(102,26,'Функция 262','2020-02-18 20:44:56','9999-12-31 00:00:00'),(103,26,'Функция 263','2020-02-18 20:44:56','9999-12-31 00:00:00'),(104,26,'Функция 264','2020-02-18 20:44:56','9999-12-31 00:00:00'),(105,27,'Функция 271','2020-02-18 20:44:56','9999-12-31 00:00:00'),(106,27,'Функция 272','2020-02-18 20:44:56','9999-12-31 00:00:00'),(107,27,'Функция 273','2020-02-18 20:44:56','9999-12-31 00:00:00'),(108,27,'Функция 274','2020-02-18 20:44:56','9999-12-31 00:00:00'),(109,28,'Функция 281','2020-02-18 20:44:56','9999-12-31 00:00:00'),(110,28,'Функция 282','2020-02-18 20:44:56','9999-12-31 00:00:00'),(111,28,'Функция 283','2020-02-18 20:44:56','9999-12-31 00:00:00'),(112,28,'Функция 284','2020-02-18 20:44:56','9999-12-31 00:00:00');
/*!40000 ALTER TABLE `functions` ENABLE KEYS */;
UNLOCK TABLES;

--
-- Table structure for table `functions_staffs`
--

DROP TABLE IF EXISTS `functions_staffs`;
/*!40101 SET @saved_cs_client     = @@character_set_client */;
/*!50503 SET character_set_client = utf8mb4 */;
CREATE TABLE `functions_staffs` (
  `staff_id` bigint unsigned NOT NULL,
  `function_id` bigint unsigned NOT NULL,
  `linked_at` datetime DEFAULT CURRENT_TIMESTAMP COMMENT 'Дата привязки задачи к подразделению',
  `unlinked_at` datetime DEFAULT '9999-12-31 00:00:00' COMMENT 'Дата отсоединения задачи от подразделения',
  KEY `functions_staffs_staff_id_fk` (`staff_id`),
  KEY `functions_staffs_function_id_fk` (`function_id`),
  CONSTRAINT `functions_staffs_function_id_fk` FOREIGN KEY (`function_id`) REFERENCES `functions` (`id`),
  CONSTRAINT `functions_staffs_staff_id_fk` FOREIGN KEY (`staff_id`) REFERENCES `staff_table` (`id`)
) ENGINE=InnoDB DEFAULT CHARSET=utf8mb4 COLLATE=utf8mb4_0900_ai_ci COMMENT='Функции распределяются по должностям штатного расписания';
/*!40101 SET character_set_client = @saved_cs_client */;

--
-- Dumping data for table `functions_staffs`
--

LOCK TABLES `functions_staffs` WRITE;
/*!40000 ALTER TABLE `functions_staffs` DISABLE KEYS */;
INSERT INTO `functions_staffs` VALUES (1,1,'2020-02-21 11:45:27','9999-12-31 00:00:00'),(1,2,'2020-02-21 11:45:27','9999-12-31 00:00:00'),(1,3,'2020-02-21 11:45:27','9999-12-31 00:00:00'),(1,4,'2020-02-21 11:45:27','9999-12-31 00:00:00'),(2,1,'2020-02-21 11:45:27','9999-12-31 00:00:00'),(2,2,'2020-02-21 11:45:27','9999-12-31 00:00:00'),(2,3,'2020-02-21 11:45:27','9999-12-31 00:00:00'),(2,4,'2020-02-21 11:45:27','9999-12-31 00:00:00'),(3,1,'2020-02-21 11:45:27','9999-12-31 00:00:00'),(3,2,'2020-02-21 11:45:27','9999-12-31 00:00:00'),(3,3,'2020-02-21 11:45:27','9999-12-31 00:00:00'),(3,4,'2020-02-21 11:45:27','9999-12-31 00:00:00'),(4,5,'2020-02-21 11:45:27','9999-12-31 00:00:00'),(4,6,'2020-02-21 11:45:27','9999-12-31 00:00:00'),(4,7,'2020-02-21 11:45:27','9999-12-31 00:00:00'),(4,8,'2020-02-21 11:45:27','9999-12-31 00:00:00'),(5,5,'2020-02-21 11:45:28','9999-12-31 00:00:00'),(5,6,'2020-02-21 11:45:28','9999-12-31 00:00:00'),(5,7,'2020-02-21 11:45:28','9999-12-31 00:00:00'),(5,8,'2020-02-21 11:45:28','9999-12-31 00:00:00'),(6,5,'2020-02-21 11:45:28','9999-12-31 00:00:00'),(6,6,'2020-02-21 11:45:28','9999-12-31 00:00:00'),(6,7,'2020-02-21 11:45:28','9999-12-31 00:00:00'),(6,8,'2020-02-21 11:45:28','9999-12-31 00:00:00'),(7,9,'2020-02-21 11:45:28','9999-12-31 00:00:00'),(7,10,'2020-02-21 11:45:28','9999-12-31 00:00:00'),(7,11,'2020-02-21 11:45:28','9999-12-31 00:00:00'),(7,12,'2020-02-21 11:45:28','9999-12-31 00:00:00'),(8,9,'2020-02-21 11:45:28','9999-12-31 00:00:00'),(8,10,'2020-02-21 11:45:28','9999-12-31 00:00:00'),(8,11,'2020-02-21 11:45:28','9999-12-31 00:00:00'),(8,12,'2020-02-21 11:45:28','9999-12-31 00:00:00'),(9,9,'2020-02-21 11:45:28','9999-12-31 00:00:00'),(9,10,'2020-02-21 11:45:28','9999-12-31 00:00:00'),(9,11,'2020-02-21 11:45:28','9999-12-31 00:00:00'),(9,12,'2020-02-21 11:45:28','9999-12-31 00:00:00'),(10,13,'2020-02-21 11:45:28','9999-12-31 00:00:00'),(10,14,'2020-02-21 11:45:28','9999-12-31 00:00:00'),(10,15,'2020-02-21 11:45:28','9999-12-31 00:00:00'),(10,16,'2020-02-21 11:45:28','9999-12-31 00:00:00'),(11,13,'2020-02-21 11:45:28','9999-12-31 00:00:00'),(11,14,'2020-02-21 11:45:28','9999-12-31 00:00:00'),(11,15,'2020-02-21 11:45:28','9999-12-31 00:00:00'),(11,16,'2020-02-21 11:45:28','9999-12-31 00:00:00'),(12,13,'2020-02-21 11:45:28','9999-12-31 00:00:00'),(12,14,'2020-02-21 11:45:28','9999-12-31 00:00:00'),(12,15,'2020-02-21 11:45:28','9999-12-31 00:00:00'),(12,16,'2020-02-21 11:45:28','9999-12-31 00:00:00'),(13,13,'2020-02-21 11:45:28','9999-12-31 00:00:00'),(13,14,'2020-02-21 11:45:28','9999-12-31 00:00:00'),(13,15,'2020-02-21 11:45:28','9999-12-31 00:00:00'),(13,16,'2020-02-21 11:45:28','9999-12-31 00:00:00'),(14,13,'2020-02-21 11:45:29','9999-12-31 00:00:00'),(14,14,'2020-02-21 11:45:29','9999-12-31 00:00:00'),(14,15,'2020-02-21 11:45:29','9999-12-31 00:00:00'),(14,16,'2020-02-21 11:45:29','9999-12-31 00:00:00'),(15,17,'2020-02-21 11:45:29','9999-12-31 00:00:00'),(15,18,'2020-02-21 11:45:29','9999-12-31 00:00:00'),(15,19,'2020-02-21 11:45:29','9999-12-31 00:00:00'),(15,20,'2020-02-21 11:45:29','9999-12-31 00:00:00'),(16,17,'2020-02-21 11:45:29','9999-12-31 00:00:00'),(16,18,'2020-02-21 11:45:29','9999-12-31 00:00:00'),(16,19,'2020-02-21 11:45:29','9999-12-31 00:00:00'),(16,20,'2020-02-21 11:45:29','9999-12-31 00:00:00'),(17,17,'2020-02-21 11:45:29','9999-12-31 00:00:00'),(17,18,'2020-02-21 11:45:29','9999-12-31 00:00:00'),(17,19,'2020-02-21 11:45:29','9999-12-31 00:00:00'),(17,20,'2020-02-21 11:45:29','9999-12-31 00:00:00'),(18,17,'2020-02-21 11:45:29','9999-12-31 00:00:00'),(18,18,'2020-02-21 11:45:29','9999-12-31 00:00:00'),(18,19,'2020-02-21 11:45:29','9999-12-31 00:00:00'),(18,20,'2020-02-21 11:45:29','9999-12-31 00:00:00'),(19,17,'2020-02-21 11:45:29','9999-12-31 00:00:00'),(19,18,'2020-02-21 11:45:29','9999-12-31 00:00:00'),(19,19,'2020-02-21 11:45:29','9999-12-31 00:00:00'),(19,20,'2020-02-21 11:45:29','9999-12-31 00:00:00'),(20,21,'2020-02-21 11:45:29','9999-12-31 00:00:00'),(20,22,'2020-02-21 11:45:29','9999-12-31 00:00:00'),(20,23,'2020-02-21 11:45:29','9999-12-31 00:00:00'),(20,24,'2020-02-21 11:45:29','9999-12-31 00:00:00'),(21,21,'2020-02-21 11:45:29','9999-12-31 00:00:00'),(21,22,'2020-02-21 11:45:29','9999-12-31 00:00:00'),(21,23,'2020-02-21 11:45:29','9999-12-31 00:00:00'),(21,24,'2020-02-21 11:45:29','9999-12-31 00:00:00'),(22,21,'2020-02-21 11:45:29','9999-12-31 00:00:00'),(22,22,'2020-02-21 11:45:29','9999-12-31 00:00:00'),(22,23,'2020-02-21 11:45:29','9999-12-31 00:00:00'),(22,24,'2020-02-21 11:45:29','9999-12-31 00:00:00'),(23,21,'2020-02-21 11:45:30','9999-12-31 00:00:00'),(23,22,'2020-02-21 11:45:30','9999-12-31 00:00:00'),(23,23,'2020-02-21 11:45:30','9999-12-31 00:00:00'),(23,24,'2020-02-21 11:45:30','9999-12-31 00:00:00'),(24,21,'2020-02-21 11:45:30','9999-12-31 00:00:00'),(24,22,'2020-02-21 11:45:30','9999-12-31 00:00:00'),(24,23,'2020-02-21 11:45:30','9999-12-31 00:00:00'),(24,24,'2020-02-21 11:45:30','9999-12-31 00:00:00'),(25,25,'2020-02-21 11:45:30','9999-12-31 00:00:00'),(25,26,'2020-02-21 11:45:30','9999-12-31 00:00:00'),(25,27,'2020-02-21 11:45:30','9999-12-31 00:00:00'),(25,28,'2020-02-21 11:45:30','9999-12-31 00:00:00'),(26,25,'2020-02-21 11:45:30','9999-12-31 00:00:00'),(26,26,'2020-02-21 11:45:30','9999-12-31 00:00:00'),(26,27,'2020-02-21 11:45:30','9999-12-31 00:00:00'),(26,28,'2020-02-21 11:45:30','9999-12-31 00:00:00'),(27,25,'2020-02-21 11:45:30','9999-12-31 00:00:00'),(27,26,'2020-02-21 11:45:30','9999-12-31 00:00:00'),(27,27,'2020-02-21 11:45:30','9999-12-31 00:00:00'),(27,28,'2020-02-21 11:45:30','9999-12-31 00:00:00'),(28,29,'2020-02-21 11:45:30','9999-12-31 00:00:00'),(28,30,'2020-02-21 11:45:30','9999-12-31 00:00:00'),(28,31,'2020-02-21 11:45:30','9999-12-31 00:00:00'),(28,32,'2020-02-21 11:45:30','9999-12-31 00:00:00'),(29,29,'2020-02-21 11:45:30','9999-12-31 00:00:00'),(29,30,'2020-02-21 11:45:30','9999-12-31 00:00:00'),(29,31,'2020-02-21 11:45:30','9999-12-31 00:00:00'),(29,32,'2020-02-21 11:45:30','9999-12-31 00:00:00'),(30,29,'2020-02-21 11:45:30','9999-12-31 00:00:00'),(30,30,'2020-02-21 11:45:30','9999-12-31 00:00:00'),(30,31,'2020-02-21 11:45:30','9999-12-31 00:00:00'),(30,32,'2020-02-21 11:45:30','9999-12-31 00:00:00'),(31,29,'2020-02-21 11:45:30','9999-12-31 00:00:00'),(31,30,'2020-02-21 11:45:30','9999-12-31 00:00:00'),(31,31,'2020-02-21 11:45:30','9999-12-31 00:00:00'),(31,32,'2020-02-21 11:45:30','9999-12-31 00:00:00'),(32,29,'2020-02-21 11:45:30','9999-12-31 00:00:00'),(32,30,'2020-02-21 11:45:30','9999-12-31 00:00:00'),(32,31,'2020-02-21 11:45:30','9999-12-31 00:00:00'),(32,32,'2020-02-21 11:45:30','9999-12-31 00:00:00'),(33,33,'2020-02-21 11:45:31','9999-12-31 00:00:00'),(33,34,'2020-02-21 11:45:31','9999-12-31 00:00:00'),(33,35,'2020-02-21 11:45:31','9999-12-31 00:00:00'),(33,36,'2020-02-21 11:45:31','9999-12-31 00:00:00'),(34,33,'2020-02-21 11:45:31','9999-12-31 00:00:00'),(34,34,'2020-02-21 11:45:31','9999-12-31 00:00:00'),(34,35,'2020-02-21 11:45:31','9999-12-31 00:00:00'),(34,36,'2020-02-21 11:45:31','9999-12-31 00:00:00'),(35,33,'2020-02-21 11:45:31','9999-12-31 00:00:00'),(35,34,'2020-02-21 11:45:31','9999-12-31 00:00:00'),(35,35,'2020-02-21 11:45:31','9999-12-31 00:00:00'),(35,36,'2020-02-21 11:45:31','9999-12-31 00:00:00'),(36,33,'2020-02-21 11:45:31','9999-12-31 00:00:00'),(36,34,'2020-02-21 11:45:31','9999-12-31 00:00:00'),(36,35,'2020-02-21 11:45:31','9999-12-31 00:00:00'),(36,36,'2020-02-21 11:45:31','9999-12-31 00:00:00'),(37,33,'2020-02-21 11:45:31','9999-12-31 00:00:00'),(37,34,'2020-02-21 11:45:31','9999-12-31 00:00:00'),(37,35,'2020-02-21 11:45:31','9999-12-31 00:00:00'),(37,36,'2020-02-21 11:45:31','9999-12-31 00:00:00'),(38,37,'2020-02-21 11:45:31','9999-12-31 00:00:00'),(38,38,'2020-02-21 11:45:31','9999-12-31 00:00:00'),(38,39,'2020-02-21 11:45:31','9999-12-31 00:00:00'),(38,40,'2020-02-21 11:45:31','9999-12-31 00:00:00'),(39,37,'2020-02-21 11:45:31','9999-12-31 00:00:00'),(39,38,'2020-02-21 11:45:31','9999-12-31 00:00:00'),(39,39,'2020-02-21 11:45:31','9999-12-31 00:00:00'),(39,40,'2020-02-21 11:45:31','9999-12-31 00:00:00'),(40,37,'2020-02-21 11:45:31','9999-12-31 00:00:00'),(40,38,'2020-02-21 11:45:31','9999-12-31 00:00:00'),(40,39,'2020-02-21 11:45:31','9999-12-31 00:00:00'),(40,40,'2020-02-21 11:45:31','9999-12-31 00:00:00'),(41,37,'2020-02-21 11:45:31','9999-12-31 00:00:00'),(41,38,'2020-02-21 11:45:31','9999-12-31 00:00:00'),(41,39,'2020-02-21 11:45:31','9999-12-31 00:00:00'),(41,40,'2020-02-21 11:45:31','9999-12-31 00:00:00'),(42,37,'2020-02-21 11:45:31','9999-12-31 00:00:00'),(42,38,'2020-02-21 11:45:31','9999-12-31 00:00:00'),(42,39,'2020-02-21 11:45:31','9999-12-31 00:00:00'),(42,40,'2020-02-21 11:45:31','9999-12-31 00:00:00'),(43,41,'2020-02-21 11:45:32','9999-12-31 00:00:00'),(43,42,'2020-02-21 11:45:32','9999-12-31 00:00:00'),(43,43,'2020-02-21 11:45:32','9999-12-31 00:00:00'),(43,44,'2020-02-21 11:45:32','9999-12-31 00:00:00'),(44,41,'2020-02-21 11:45:32','9999-12-31 00:00:00'),(44,42,'2020-02-21 11:45:32','9999-12-31 00:00:00'),(44,43,'2020-02-21 11:45:32','9999-12-31 00:00:00'),(44,44,'2020-02-21 11:45:32','9999-12-31 00:00:00'),(45,41,'2020-02-21 11:45:32','9999-12-31 00:00:00'),(45,42,'2020-02-21 11:45:32','9999-12-31 00:00:00'),(45,43,'2020-02-21 11:45:32','9999-12-31 00:00:00'),(45,44,'2020-02-21 11:45:32','9999-12-31 00:00:00'),(46,45,'2020-02-21 11:45:32','9999-12-31 00:00:00'),(46,46,'2020-02-21 11:45:32','9999-12-31 00:00:00'),(46,47,'2020-02-21 11:45:32','9999-12-31 00:00:00'),(46,48,'2020-02-21 11:45:32','9999-12-31 00:00:00'),(47,45,'2020-02-21 11:45:32','9999-12-31 00:00:00'),(47,46,'2020-02-21 11:45:32','9999-12-31 00:00:00'),(47,47,'2020-02-21 11:45:32','9999-12-31 00:00:00'),(47,48,'2020-02-21 11:45:32','9999-12-31 00:00:00'),(48,45,'2020-02-21 11:45:32','9999-12-31 00:00:00'),(48,46,'2020-02-21 11:45:32','9999-12-31 00:00:00'),(48,47,'2020-02-21 11:45:32','9999-12-31 00:00:00'),(48,48,'2020-02-21 11:45:32','9999-12-31 00:00:00'),(49,49,'2020-02-21 11:45:32','9999-12-31 00:00:00'),(49,50,'2020-02-21 11:45:32','9999-12-31 00:00:00'),(49,51,'2020-02-21 11:45:32','9999-12-31 00:00:00'),(49,52,'2020-02-21 11:45:32','9999-12-31 00:00:00'),(50,49,'2020-02-21 11:45:32','9999-12-31 00:00:00'),(50,50,'2020-02-21 11:45:32','9999-12-31 00:00:00'),(50,51,'2020-02-21 11:45:32','9999-12-31 00:00:00'),(50,52,'2020-02-21 11:45:32','9999-12-31 00:00:00'),(51,49,'2020-02-21 11:45:32','9999-12-31 00:00:00'),(51,50,'2020-02-21 11:45:32','9999-12-31 00:00:00'),(51,51,'2020-02-21 11:45:32','9999-12-31 00:00:00'),(51,52,'2020-02-21 11:45:32','9999-12-31 00:00:00'),(52,49,'2020-02-21 11:45:32','9999-12-31 00:00:00'),(52,50,'2020-02-21 11:45:32','9999-12-31 00:00:00'),(52,51,'2020-02-21 11:45:32','9999-12-31 00:00:00'),(52,52,'2020-02-21 11:45:32','9999-12-31 00:00:00'),(53,49,'2020-02-21 11:45:33','9999-12-31 00:00:00'),(53,50,'2020-02-21 11:45:33','9999-12-31 00:00:00'),(53,51,'2020-02-21 11:45:33','9999-12-31 00:00:00'),(53,52,'2020-02-21 11:45:33','9999-12-31 00:00:00'),(54,53,'2020-02-21 11:45:33','9999-12-31 00:00:00'),(54,54,'2020-02-21 11:45:33','9999-12-31 00:00:00'),(54,55,'2020-02-21 11:45:33','9999-12-31 00:00:00'),(54,56,'2020-02-21 11:45:33','9999-12-31 00:00:00'),(55,53,'2020-02-21 11:45:33','9999-12-31 00:00:00'),(55,54,'2020-02-21 11:45:33','9999-12-31 00:00:00'),(55,55,'2020-02-21 11:45:33','9999-12-31 00:00:00'),(55,56,'2020-02-21 11:45:33','9999-12-31 00:00:00'),(56,53,'2020-02-21 11:45:33','9999-12-31 00:00:00'),(56,54,'2020-02-21 11:45:33','9999-12-31 00:00:00'),(56,55,'2020-02-21 11:45:33','9999-12-31 00:00:00'),(56,56,'2020-02-21 11:45:33','9999-12-31 00:00:00'),(57,53,'2020-02-21 11:45:33','9999-12-31 00:00:00'),(57,54,'2020-02-21 11:45:33','9999-12-31 00:00:00'),(57,55,'2020-02-21 11:45:33','9999-12-31 00:00:00'),(57,56,'2020-02-21 11:45:33','9999-12-31 00:00:00'),(58,53,'2020-02-21 11:45:33','9999-12-31 00:00:00'),(58,54,'2020-02-21 11:45:33','9999-12-31 00:00:00'),(58,55,'2020-02-21 11:45:33','9999-12-31 00:00:00'),(58,56,'2020-02-21 11:45:33','9999-12-31 00:00:00'),(59,57,'2020-02-21 11:45:33','9999-12-31 00:00:00'),(59,58,'2020-02-21 11:45:33','9999-12-31 00:00:00'),(59,59,'2020-02-21 11:45:33','9999-12-31 00:00:00'),(59,60,'2020-02-21 11:45:33','9999-12-31 00:00:00'),(60,57,'2020-02-21 11:45:33','9999-12-31 00:00:00'),(60,58,'2020-02-21 11:45:33','9999-12-31 00:00:00'),(60,59,'2020-02-21 11:45:33','9999-12-31 00:00:00'),(60,60,'2020-02-21 11:45:33','9999-12-31 00:00:00'),(61,57,'2020-02-21 11:45:34','9999-12-31 00:00:00'),(61,58,'2020-02-21 11:45:34','9999-12-31 00:00:00'),(61,59,'2020-02-21 11:45:34','9999-12-31 00:00:00'),(61,60,'2020-02-21 11:45:34','9999-12-31 00:00:00'),(62,57,'2020-02-21 11:45:34','9999-12-31 00:00:00'),(62,58,'2020-02-21 11:45:34','9999-12-31 00:00:00'),(62,59,'2020-02-21 11:45:34','9999-12-31 00:00:00'),(62,60,'2020-02-21 11:45:34','9999-12-31 00:00:00'),(63,57,'2020-02-21 11:45:34','9999-12-31 00:00:00'),(63,58,'2020-02-21 11:45:34','9999-12-31 00:00:00'),(63,59,'2020-02-21 11:45:34','9999-12-31 00:00:00'),(63,60,'2020-02-21 11:45:34','9999-12-31 00:00:00'),(64,61,'2020-02-21 11:45:34','9999-12-31 00:00:00'),(64,62,'2020-02-21 11:45:34','9999-12-31 00:00:00'),(64,63,'2020-02-21 11:45:34','9999-12-31 00:00:00'),(64,64,'2020-02-21 11:45:34','9999-12-31 00:00:00'),(65,61,'2020-02-21 11:45:34','9999-12-31 00:00:00'),(65,62,'2020-02-21 11:45:34','9999-12-31 00:00:00'),(65,63,'2020-02-21 11:45:34','9999-12-31 00:00:00'),(65,64,'2020-02-21 11:45:34','9999-12-31 00:00:00'),(66,61,'2020-02-21 11:45:34','9999-12-31 00:00:00'),(66,62,'2020-02-21 11:45:34','9999-12-31 00:00:00'),(66,63,'2020-02-21 11:45:34','9999-12-31 00:00:00'),(66,64,'2020-02-21 11:45:34','9999-12-31 00:00:00'),(67,65,'2020-02-21 11:45:34','9999-12-31 00:00:00'),(67,66,'2020-02-21 11:45:34','9999-12-31 00:00:00'),(67,67,'2020-02-21 11:45:34','9999-12-31 00:00:00'),(67,68,'2020-02-21 11:45:34','9999-12-31 00:00:00'),(68,65,'2020-02-21 11:45:34','9999-12-31 00:00:00'),(68,66,'2020-02-21 11:45:34','9999-12-31 00:00:00'),(68,67,'2020-02-21 11:45:34','9999-12-31 00:00:00'),(68,68,'2020-02-21 11:45:34','9999-12-31 00:00:00'),(69,65,'2020-02-21 11:45:34','9999-12-31 00:00:00'),(69,66,'2020-02-21 11:45:34','9999-12-31 00:00:00'),(69,67,'2020-02-21 11:45:34','9999-12-31 00:00:00'),(69,68,'2020-02-21 11:45:34','9999-12-31 00:00:00'),(70,65,'2020-02-21 11:45:35','9999-12-31 00:00:00'),(70,66,'2020-02-21 11:45:35','9999-12-31 00:00:00'),(70,67,'2020-02-21 11:45:35','9999-12-31 00:00:00'),(70,68,'2020-02-21 11:45:35','9999-12-31 00:00:00'),(71,65,'2020-02-21 11:45:35','9999-12-31 00:00:00'),(71,66,'2020-02-21 11:45:35','9999-12-31 00:00:00'),(71,67,'2020-02-21 11:45:35','9999-12-31 00:00:00'),(71,68,'2020-02-21 11:45:35','9999-12-31 00:00:00'),(72,69,'2020-02-21 11:45:35','9999-12-31 00:00:00'),(72,70,'2020-02-21 11:45:35','9999-12-31 00:00:00'),(72,71,'2020-02-21 11:45:35','9999-12-31 00:00:00'),(72,72,'2020-02-21 11:45:35','9999-12-31 00:00:00'),(73,69,'2020-02-21 11:45:35','9999-12-31 00:00:00'),(73,70,'2020-02-21 11:45:35','9999-12-31 00:00:00'),(73,71,'2020-02-21 11:45:35','9999-12-31 00:00:00'),(73,72,'2020-02-21 11:45:35','9999-12-31 00:00:00'),(74,69,'2020-02-21 11:45:35','9999-12-31 00:00:00'),(74,70,'2020-02-21 11:45:35','9999-12-31 00:00:00'),(74,71,'2020-02-21 11:45:35','9999-12-31 00:00:00'),(74,72,'2020-02-21 11:45:35','9999-12-31 00:00:00'),(75,69,'2020-02-21 11:45:35','9999-12-31 00:00:00'),(75,70,'2020-02-21 11:45:35','9999-12-31 00:00:00'),(75,71,'2020-02-21 11:45:35','9999-12-31 00:00:00'),(75,72,'2020-02-21 11:45:35','9999-12-31 00:00:00'),(76,69,'2020-02-21 11:45:35','9999-12-31 00:00:00'),(76,70,'2020-02-21 11:45:35','9999-12-31 00:00:00'),(76,71,'2020-02-21 11:45:35','9999-12-31 00:00:00'),(76,72,'2020-02-21 11:45:35','9999-12-31 00:00:00'),(77,73,'2020-02-21 11:45:35','9999-12-31 00:00:00'),(77,74,'2020-02-21 11:45:35','9999-12-31 00:00:00'),(77,75,'2020-02-21 11:45:35','9999-12-31 00:00:00'),(77,76,'2020-02-21 11:45:35','9999-12-31 00:00:00'),(78,73,'2020-02-21 11:45:35','9999-12-31 00:00:00'),(78,74,'2020-02-21 11:45:35','9999-12-31 00:00:00'),(78,75,'2020-02-21 11:45:35','9999-12-31 00:00:00'),(78,76,'2020-02-21 11:45:35','9999-12-31 00:00:00'),(79,73,'2020-02-21 11:45:35','9999-12-31 00:00:00'),(79,74,'2020-02-21 11:45:35','9999-12-31 00:00:00'),(79,75,'2020-02-21 11:45:35','9999-12-31 00:00:00'),(79,76,'2020-02-21 11:45:35','9999-12-31 00:00:00'),(80,73,'2020-02-21 11:45:36','9999-12-31 00:00:00'),(80,74,'2020-02-21 11:45:36','9999-12-31 00:00:00'),(80,75,'2020-02-21 11:45:36','9999-12-31 00:00:00'),(80,76,'2020-02-21 11:45:36','9999-12-31 00:00:00'),(81,73,'2020-02-21 11:45:36','9999-12-31 00:00:00'),(81,74,'2020-02-21 11:45:36','9999-12-31 00:00:00'),(81,75,'2020-02-21 11:45:36','9999-12-31 00:00:00'),(81,76,'2020-02-21 11:45:36','9999-12-31 00:00:00'),(82,77,'2020-02-21 11:45:36','9999-12-31 00:00:00'),(82,78,'2020-02-21 11:45:36','9999-12-31 00:00:00'),(82,79,'2020-02-21 11:45:36','9999-12-31 00:00:00'),(82,80,'2020-02-21 11:45:36','9999-12-31 00:00:00'),(83,77,'2020-02-21 11:45:36','9999-12-31 00:00:00'),(83,78,'2020-02-21 11:45:36','9999-12-31 00:00:00'),(83,79,'2020-02-21 11:45:36','9999-12-31 00:00:00'),(83,80,'2020-02-21 11:45:36','9999-12-31 00:00:00'),(84,77,'2020-02-21 11:45:36','9999-12-31 00:00:00'),(84,78,'2020-02-21 11:45:36','9999-12-31 00:00:00'),(84,79,'2020-02-21 11:45:36','9999-12-31 00:00:00'),(84,80,'2020-02-21 11:45:36','9999-12-31 00:00:00'),(85,81,'2020-02-21 11:45:36','9999-12-31 00:00:00'),(85,82,'2020-02-21 11:45:36','9999-12-31 00:00:00'),(85,83,'2020-02-21 11:45:36','9999-12-31 00:00:00'),(85,84,'2020-02-21 11:45:36','9999-12-31 00:00:00'),(86,81,'2020-02-21 11:45:36','9999-12-31 00:00:00'),(86,82,'2020-02-21 11:45:36','9999-12-31 00:00:00'),(86,83,'2020-02-21 11:45:36','9999-12-31 00:00:00'),(86,84,'2020-02-21 11:45:36','9999-12-31 00:00:00'),(87,81,'2020-02-21 11:45:36','9999-12-31 00:00:00'),(87,82,'2020-02-21 11:45:36','9999-12-31 00:00:00'),(87,83,'2020-02-21 11:45:36','9999-12-31 00:00:00'),(87,84,'2020-02-21 11:45:36','9999-12-31 00:00:00'),(88,85,'2020-02-21 11:45:36','9999-12-31 00:00:00'),(88,86,'2020-02-21 11:45:36','9999-12-31 00:00:00'),(88,87,'2020-02-21 11:45:36','9999-12-31 00:00:00'),(88,88,'2020-02-21 11:45:36','9999-12-31 00:00:00'),(89,85,'2020-02-21 11:45:36','9999-12-31 00:00:00'),(89,86,'2020-02-21 11:45:36','9999-12-31 00:00:00'),(89,87,'2020-02-21 11:45:36','9999-12-31 00:00:00'),(89,88,'2020-02-21 11:45:36','9999-12-31 00:00:00'),(90,85,'2020-02-21 11:45:37','9999-12-31 00:00:00'),(90,86,'2020-02-21 11:45:37','9999-12-31 00:00:00'),(90,87,'2020-02-21 11:45:37','9999-12-31 00:00:00'),(90,88,'2020-02-21 11:45:37','9999-12-31 00:00:00'),(91,85,'2020-02-21 11:45:37','9999-12-31 00:00:00'),(91,86,'2020-02-21 11:45:37','9999-12-31 00:00:00'),(91,87,'2020-02-21 11:45:37','9999-12-31 00:00:00'),(91,88,'2020-02-21 11:45:37','9999-12-31 00:00:00'),(92,85,'2020-02-21 11:45:37','9999-12-31 00:00:00'),(92,86,'2020-02-21 11:45:37','9999-12-31 00:00:00'),(92,87,'2020-02-21 11:45:37','9999-12-31 00:00:00'),(92,88,'2020-02-21 11:45:37','9999-12-31 00:00:00'),(93,89,'2020-02-21 11:45:37','9999-12-31 00:00:00'),(93,90,'2020-02-21 11:45:37','9999-12-31 00:00:00'),(93,91,'2020-02-21 11:45:37','9999-12-31 00:00:00'),(93,92,'2020-02-21 11:45:37','9999-12-31 00:00:00'),(94,89,'2020-02-21 11:45:37','9999-12-31 00:00:00'),(94,90,'2020-02-21 11:45:37','9999-12-31 00:00:00'),(94,91,'2020-02-21 11:45:37','9999-12-31 00:00:00'),(94,92,'2020-02-21 11:45:37','9999-12-31 00:00:00'),(95,89,'2020-02-21 11:45:37','9999-12-31 00:00:00'),(95,90,'2020-02-21 11:45:37','9999-12-31 00:00:00'),(95,91,'2020-02-21 11:45:37','9999-12-31 00:00:00'),(95,92,'2020-02-21 11:45:37','9999-12-31 00:00:00'),(96,89,'2020-02-21 11:45:37','9999-12-31 00:00:00'),(96,90,'2020-02-21 11:45:37','9999-12-31 00:00:00'),(96,91,'2020-02-21 11:45:37','9999-12-31 00:00:00'),(96,92,'2020-02-21 11:45:37','9999-12-31 00:00:00'),(97,89,'2020-02-21 11:45:37','9999-12-31 00:00:00'),(97,90,'2020-02-21 11:45:37','9999-12-31 00:00:00'),(97,91,'2020-02-21 11:45:37','9999-12-31 00:00:00'),(97,92,'2020-02-21 11:45:37','9999-12-31 00:00:00'),(98,93,'2020-02-21 11:45:37','9999-12-31 00:00:00'),(98,94,'2020-02-21 11:45:37','9999-12-31 00:00:00'),(98,95,'2020-02-21 11:45:37','9999-12-31 00:00:00'),(98,96,'2020-02-21 11:45:37','9999-12-31 00:00:00'),(99,93,'2020-02-21 11:45:38','9999-12-31 00:00:00'),(99,94,'2020-02-21 11:45:38','9999-12-31 00:00:00'),(99,95,'2020-02-21 11:45:38','9999-12-31 00:00:00'),(99,96,'2020-02-21 11:45:38','9999-12-31 00:00:00'),(100,93,'2020-02-21 11:45:38','9999-12-31 00:00:00'),(100,94,'2020-02-21 11:45:38','9999-12-31 00:00:00'),(100,95,'2020-02-21 11:45:38','9999-12-31 00:00:00'),(100,96,'2020-02-21 11:45:38','9999-12-31 00:00:00'),(101,93,'2020-02-21 11:45:38','9999-12-31 00:00:00'),(101,94,'2020-02-21 11:45:38','9999-12-31 00:00:00'),(101,95,'2020-02-21 11:45:38','9999-12-31 00:00:00'),(101,96,'2020-02-21 11:45:38','9999-12-31 00:00:00'),(102,93,'2020-02-21 11:45:38','9999-12-31 00:00:00'),(102,94,'2020-02-21 11:45:38','9999-12-31 00:00:00'),(102,95,'2020-02-21 11:45:38','9999-12-31 00:00:00'),(102,96,'2020-02-21 11:45:38','9999-12-31 00:00:00'),(103,97,'2020-02-21 11:45:38','9999-12-31 00:00:00'),(103,98,'2020-02-21 11:45:38','9999-12-31 00:00:00'),(103,99,'2020-02-21 11:45:38','9999-12-31 00:00:00'),(103,100,'2020-02-21 11:45:38','9999-12-31 00:00:00'),(104,97,'2020-02-21 11:45:38','9999-12-31 00:00:00'),(104,98,'2020-02-21 11:45:38','9999-12-31 00:00:00'),(104,99,'2020-02-21 11:45:38','9999-12-31 00:00:00'),(104,100,'2020-02-21 11:45:38','9999-12-31 00:00:00'),(105,97,'2020-02-21 11:45:38','9999-12-31 00:00:00'),(105,98,'2020-02-21 11:45:38','9999-12-31 00:00:00'),(105,99,'2020-02-21 11:45:38','9999-12-31 00:00:00'),(105,100,'2020-02-21 11:45:38','9999-12-31 00:00:00'),(106,101,'2020-02-21 11:45:38','9999-12-31 00:00:00'),(106,102,'2020-02-21 11:45:38','9999-12-31 00:00:00'),(106,103,'2020-02-21 11:45:38','9999-12-31 00:00:00'),(106,104,'2020-02-21 11:45:38','9999-12-31 00:00:00'),(107,101,'2020-02-21 11:45:38','9999-12-31 00:00:00'),(107,102,'2020-02-21 11:45:38','9999-12-31 00:00:00'),(107,103,'2020-02-21 11:45:38','9999-12-31 00:00:00'),(107,104,'2020-02-21 11:45:38','9999-12-31 00:00:00'),(108,101,'2020-02-21 11:45:38','9999-12-31 00:00:00'),(108,102,'2020-02-21 11:45:38','9999-12-31 00:00:00'),(108,103,'2020-02-21 11:45:38','9999-12-31 00:00:00'),(108,104,'2020-02-21 11:45:38','9999-12-31 00:00:00'),(109,101,'2020-02-21 11:45:39','9999-12-31 00:00:00'),(109,102,'2020-02-21 11:45:39','9999-12-31 00:00:00'),(109,103,'2020-02-21 11:45:39','9999-12-31 00:00:00'),(109,104,'2020-02-21 11:45:39','9999-12-31 00:00:00'),(110,101,'2020-02-21 11:45:39','9999-12-31 00:00:00'),(110,102,'2020-02-21 11:45:39','9999-12-31 00:00:00'),(110,103,'2020-02-21 11:45:39','9999-12-31 00:00:00'),(110,104,'2020-02-21 11:45:39','9999-12-31 00:00:00'),(111,105,'2020-02-21 11:45:39','9999-12-31 00:00:00'),(111,106,'2020-02-21 11:45:39','9999-12-31 00:00:00'),(111,107,'2020-02-21 11:45:39','9999-12-31 00:00:00'),(111,108,'2020-02-21 11:45:39','9999-12-31 00:00:00'),(112,105,'2020-02-21 11:45:39','9999-12-31 00:00:00'),(112,106,'2020-02-21 11:45:39','9999-12-31 00:00:00'),(112,107,'2020-02-21 11:45:39','9999-12-31 00:00:00'),(112,108,'2020-02-21 11:45:39','9999-12-31 00:00:00'),(113,105,'2020-02-21 11:45:39','9999-12-31 00:00:00'),(113,106,'2020-02-21 11:45:39','9999-12-31 00:00:00'),(113,107,'2020-02-21 11:45:39','9999-12-31 00:00:00'),(113,108,'2020-02-21 11:45:39','9999-12-31 00:00:00'),(114,105,'2020-02-21 11:45:39','9999-12-31 00:00:00'),(114,106,'2020-02-21 11:45:39','9999-12-31 00:00:00'),(114,107,'2020-02-21 11:45:39','9999-12-31 00:00:00'),(114,108,'2020-02-21 11:45:39','9999-12-31 00:00:00'),(115,105,'2020-02-21 11:45:39','9999-12-31 00:00:00'),(115,106,'2020-02-21 11:45:39','9999-12-31 00:00:00'),(115,107,'2020-02-21 11:45:39','9999-12-31 00:00:00'),(115,108,'2020-02-21 11:45:39','9999-12-31 00:00:00');
/*!40000 ALTER TABLE `functions_staffs` ENABLE KEYS */;
UNLOCK TABLES;

--
-- Table structure for table `labor_periods`
--

DROP TABLE IF EXISTS `labor_periods`;
/*!40101 SET @saved_cs_client     = @@character_set_client */;
/*!50503 SET character_set_client = utf8mb4 */;
CREATE TABLE `labor_periods` (
  `id` bigint unsigned NOT NULL AUTO_INCREMENT,
  `resume_id` bigint unsigned NOT NULL,
  `name` varchar(255) NOT NULL COMMENT 'Наименование окпфтш',
  `begin_at` date NOT NULL COMMENT 'Начало оучения',
  `end_at` date NOT NULL COMMENT 'Окночание обучения',
  UNIQUE KEY `id` (`id`),
  KEY `labor_periods_resume_id_fk` (`resume_id`),
  CONSTRAINT `labor_periods_resume_id_fk` FOREIGN KEY (`resume_id`) REFERENCES `resumes` (`id`)
) ENGINE=InnoDB AUTO_INCREMENT=755 DEFAULT CHARSET=utf8mb4 COLLATE=utf8mb4_0900_ai_ci COMMENT='Данные о трудовой деятельности';
/*!40101 SET character_set_client = @saved_cs_client */;

--
-- Dumping data for table `labor_periods`
--

LOCK TABLES `labor_periods` WRITE;
/*!40000 ALTER TABLE `labor_periods` DISABLE KEYS */;
INSERT INTO `labor_periods` VALUES (1,1,'Завод 123','2017-06-23','2020-06-23'),(2,3,'Новатэк','2009-08-21','2011-08-21'),(3,3,'Перекресток','2011-08-21','2012-08-21'),(4,3,'Завод имени Кирова','2012-08-21','2014-08-21'),(5,3,'Нефтеперерабатывающий завод','2014-08-21','2015-08-21'),(6,3,'Завод имени Кирова','2015-08-21','2018-08-21'),(7,3,'Перекресток','2018-08-21','2021-08-21'),(8,4,'Завод 123','1992-03-26','1993-03-26'),(9,4,'Швейная фабрика','1993-03-26','1996-03-26'),(10,4,'Транснефть','1996-03-26','1997-03-26'),(11,4,'Новатэк','1997-03-26','1999-03-26'),(12,4,'Аэрофлот','1999-03-26','2002-03-26'),(13,4,'Завод имени Кирова','2002-03-26','2005-03-26'),(14,4,'Транснефть','2005-03-26','2006-03-26'),(15,4,'Транснефть','2006-03-26','2007-03-26'),(16,4,'Завод имени Кирова','2007-03-26','2008-03-26'),(17,4,'Фирма Рога и Копыта','2008-03-26','2011-03-26'),(18,4,'Нефтеперерабатывающий завод','2011-03-26','2013-03-26'),(19,4,'РЖД','2013-03-26','2014-03-26'),(20,4,'Роснефть','2014-03-26','2016-03-26'),(21,4,'Завод 123','2016-03-26','2017-03-26'),(22,4,'Завод 123','2017-03-26','2019-03-26'),(23,4,'Завод 123','2019-03-26','2020-03-26'),(24,5,'Фирма Рога и Копыта','2014-08-02','2015-08-02'),(25,5,'Нефтеперерабатывающий завод','2015-08-02','2017-08-02'),(26,5,'Роснефть','2017-08-02','2020-08-02'),(27,6,'Фирма Рога и Копыта','2002-08-06','2003-08-06'),(28,6,'Транснефть','2003-08-06','2005-08-06'),(29,6,'Новатэк','2005-08-06','2006-08-06'),(30,6,'Фирма 789','2006-08-06','2009-08-06'),(31,6,'Аэрофлот','2009-08-06','2012-08-06'),(32,6,'Фирма Рога и Копыта','2012-08-06','2013-08-06'),(33,6,'Роснефть','2013-08-06','2016-08-06'),(34,6,'Роснефть','2016-08-06','2018-08-06'),(35,6,'Фирма Рога и Копыта','2018-08-06','2019-08-06'),(36,6,'Аэрофлот','2019-08-06','2022-08-06'),(37,7,'Транснефть','2008-11-03','2010-11-03'),(38,7,'Фирма 789','2010-11-03','2013-11-03'),(39,7,'Транснефть','2013-11-03','2015-11-03'),(40,7,'Швейная фабрика','2015-11-03','2017-11-03'),(41,7,'Роснефть','2017-11-03','2020-11-03'),(42,8,'Нефтеперерабатывающий завод','2003-03-24','2004-03-24'),(43,8,'Нефтеперерабатывающий завод','2004-03-24','2006-03-24'),(44,8,'Новатэк','2006-03-24','2009-03-24'),(45,8,'Новатэк','2009-03-24','2010-03-24'),(46,8,'Фирма Рога и Копыта','2010-03-24','2013-03-24'),(47,8,'Завод имени Кирова','2013-03-24','2016-03-24'),(48,8,'Транснефть','2016-03-24','2018-03-24'),(49,8,'Транснефть','2018-03-24','2021-03-24'),(50,9,'Роснефть','2006-09-18','2008-09-18'),(51,9,'Роснефть','2008-09-18','2009-09-18'),(52,9,'Завод имени Кирова','2009-09-18','2010-09-18'),(53,9,'Путиловский завод','2010-09-18','2011-09-18'),(54,9,'Новатэк','2011-09-18','2013-09-18'),(55,9,'Новатэк','2013-09-18','2016-09-18'),(56,9,'Завод 123','2016-09-18','2019-09-18'),(57,9,'Новатэк','2019-09-18','2021-09-18'),(58,10,'Новатэк','1997-08-20','1999-08-20'),(59,10,'Фирма Рога и Копыта','1999-08-20','2000-08-20'),(60,10,'Завод 123','2000-08-20','2002-08-20'),(61,10,'Аэрофлот','2002-08-20','2003-08-20'),(62,10,'Роснефть','2003-08-20','2005-08-20'),(63,10,'Путиловский завод','2005-08-20','2008-08-20'),(64,10,'Новатэк','2008-08-20','2010-08-20'),(65,10,'Роснефть','2010-08-20','2011-08-20'),(66,10,'Перекресток','2011-08-20','2013-08-20'),(67,10,'Путиловский завод','2013-08-20','2015-08-20'),(68,10,'Фирма 789','2015-08-20','2017-08-20'),(69,10,'Завод имени Кирова','2017-08-20','2020-08-20'),(70,11,'Швейная фабрика','2018-04-01','2020-04-01'),(71,12,'РЖД','2007-10-22','2009-10-22'),(72,12,'Путиловский завод','2009-10-22','2012-10-22'),(73,12,'Нефтеперерабатывающий завод','2012-10-22','2015-10-22'),(74,12,'РЖД','2015-10-22','2018-10-22'),(75,12,'Швейная фабрика','2018-10-22','2019-10-22'),(76,12,'Путиловский завод','2019-10-22','2021-10-22'),(77,13,'Завод имени Кирова','2012-08-05','2014-08-05'),(78,13,'Путиловский завод','2014-08-05','2016-08-05'),(79,13,'Новатэк','2016-08-05','2017-08-05'),(80,13,'Швейная фабрика','2017-08-05','2019-08-05'),(81,13,'Завод 123','2019-08-05','2020-08-05'),(82,14,'Завод 123','1999-02-26','2000-02-26'),(83,14,'Путиловский завод','2000-02-26','2003-02-26'),(84,14,'Завод имени Кирова','2003-02-26','2004-02-26'),(85,14,'Транснефть','2004-02-26','2007-02-26'),(86,14,'Путиловский завод','2007-02-26','2008-02-26'),(87,14,'Перекресток','2008-02-26','2009-02-26'),(88,14,'Транснефть','2009-02-26','2012-02-26'),(89,14,'Перекресток','2012-02-26','2013-02-26'),(90,14,'Транснефть','2013-02-26','2014-02-26'),(91,14,'Транснефть','2014-02-26','2017-02-26'),(92,14,'Роснефть','2017-02-26','2018-02-26'),(93,14,'Фирма Рога и Копыта','2018-02-26','2021-02-26'),(94,15,'Фирма Рога и Копыта','2011-11-23','2014-11-23'),(95,15,'Путиловский завод','2014-11-23','2016-11-23'),(96,15,'Фирма 789','2016-11-23','2018-11-23'),(97,15,'Завод имени Кирова','2018-11-23','2020-11-23'),(98,16,'Фирма Рога и Копыта','2006-09-07','2008-09-07'),(99,16,'Путиловский завод','2008-09-07','2010-09-07'),(100,16,'Перекресток','2010-09-07','2011-09-07'),(101,16,'Аэрофлот','2011-09-07','2013-09-07'),(102,16,'Новатэк','2013-09-07','2015-09-07'),(103,16,'Роснефть','2015-09-07','2016-09-07'),(104,16,'Фирма 789','2016-09-07','2017-09-07'),(105,16,'Завод имени Кирова','2017-09-07','2019-09-07'),(106,16,'Завод 123','2019-09-07','2022-09-07'),(107,17,'Швейная фабрика','1992-02-19','1994-02-19'),(108,17,'Аэрофлот','1994-02-19','1995-02-19'),(109,17,'РЖД','1995-02-19','1997-02-19'),(110,17,'Аэрофлот','1997-02-19','1998-02-19'),(111,17,'РЖД','1998-02-19','2000-02-19'),(112,17,'Транснефть','2000-02-19','2001-02-19'),(113,17,'Швейная фабрика','2001-02-19','2002-02-19'),(114,17,'Путиловский завод','2002-02-19','2005-02-19'),(115,17,'Аэрофлот','2005-02-19','2007-02-19'),(116,17,'Завод 123','2007-02-19','2009-02-19'),(117,17,'Транснефть','2009-02-19','2010-02-19'),(118,17,'Роснефть','2010-02-19','2012-02-19'),(119,17,'Перекресток','2012-02-19','2013-02-19'),(120,17,'Перекресток','2013-02-19','2015-02-19'),(121,17,'Роснефть','2015-02-19','2016-02-19'),(122,17,'Аэрофлот','2016-02-19','2019-02-19'),(123,17,'Фирма 789','2019-02-19','2021-02-19'),(124,18,'Транснефть','2011-05-02','2012-05-02'),(125,18,'Роснефть','2012-05-02','2014-05-02'),(126,18,'Фирма Рога и Копыта','2014-05-02','2015-05-02'),(127,18,'Аэрофлот','2015-05-02','2017-05-02'),(128,18,'Путиловский завод','2017-05-02','2019-05-02'),(129,18,'Фирма Рога и Копыта','2019-05-02','2020-05-02'),(130,19,'Завод имени Кирова','2018-11-27','2020-11-27'),(131,20,'Транснефть','1999-03-13','2000-03-13'),(132,20,'Путиловский завод','2000-03-13','2001-03-13'),(133,20,'Завод имени Кирова','2001-03-13','2003-03-13'),(134,20,'Новатэк','2003-03-13','2006-03-13'),(135,20,'Транснефть','2006-03-13','2007-03-13'),(136,20,'Транснефть','2007-03-13','2008-03-13'),(137,20,'Роснефть','2008-03-13','2009-03-13'),(138,20,'Завод имени Кирова','2009-03-13','2012-03-13'),(139,20,'Роснефть','2012-03-13','2015-03-13'),(140,20,'Перекресток','2015-03-13','2016-03-13'),(141,20,'Завод 123','2016-03-13','2017-03-13'),(142,20,'Роснефть','2017-03-13','2020-03-13'),(143,21,'Фирма 789','2009-01-09','2011-01-09'),(144,21,'Швейная фабрика','2011-01-09','2012-01-09'),(145,21,'Новатэк','2012-01-09','2015-01-09'),(146,21,'РЖД','2015-01-09','2017-01-09'),(147,21,'Завод имени Кирова','2017-01-09','2020-01-09'),(148,21,'Аэрофлот','2020-01-09','2021-01-09'),(149,22,'Транснефть','2009-05-07','2012-05-07'),(150,22,'Завод имени Кирова','2012-05-07','2014-05-07'),(151,22,'Перекресток','2014-05-07','2017-05-07'),(152,22,'Транснефть','2017-05-07','2019-05-07'),(153,22,'Путиловский завод','2019-05-07','2020-05-07'),(154,23,'Новатэк','2016-04-02','2017-04-02'),(155,23,'Нефтеперерабатывающий завод','2017-04-02','2018-04-02'),(156,23,'Перекресток','2018-04-02','2021-04-02'),(157,24,'Фирма 789','2009-10-15','2012-10-15'),(158,24,'Нефтеперерабатывающий завод','2012-10-15','2013-10-15'),(159,24,'Аэрофлот','2013-10-15','2016-10-15'),(160,24,'Фирма Рога и Копыта','2016-10-15','2018-10-15'),(161,24,'Транснефть','2018-10-15','2020-10-15'),(162,25,'Завод 123','1996-03-23','1997-03-23'),(163,25,'Швейная фабрика','1997-03-23','2000-03-23'),(164,25,'Фирма Рога и Копыта','2000-03-23','2003-03-23'),(165,25,'Путиловский завод','2003-03-23','2006-03-23'),(166,25,'РЖД','2006-03-23','2009-03-23'),(167,25,'РЖД','2009-03-23','2010-03-23'),(168,25,'Завод имени Кирова','2010-03-23','2011-03-23'),(169,25,'Фирма 789','2011-03-23','2012-03-23'),(170,25,'Транснефть','2012-03-23','2013-03-23'),(171,25,'Перекресток','2013-03-23','2014-03-23'),(172,25,'Аэрофлот','2014-03-23','2015-03-23'),(173,25,'Фирма Рога и Копыта','2015-03-23','2016-03-23'),(174,25,'Транснефть','2016-03-23','2018-03-23'),(175,25,'Фирма 789','2018-03-23','2021-03-23'),(176,26,'Фирма Рога и Копыта','2014-10-02','2016-10-02'),(177,26,'Аэрофлот','2016-10-02','2017-10-02'),(178,26,'Швейная фабрика','2017-10-02','2019-10-02'),(179,26,'Путиловский завод','2019-10-02','2021-10-02'),(180,27,'Нефтеперерабатывающий завод','1997-11-03','1999-11-03'),(181,27,'Фирма Рога и Копыта','1999-11-03','2001-11-03'),(182,27,'Перекресток','2001-11-03','2002-11-03'),(183,27,'Путиловский завод','2002-11-03','2005-11-03'),(184,27,'РЖД','2005-11-03','2007-11-03'),(185,27,'Швейная фабрика','2007-11-03','2008-11-03'),(186,27,'Новатэк','2008-11-03','2009-11-03'),(187,27,'Путиловский завод','2009-11-03','2010-11-03'),(188,27,'Аэрофлот','2010-11-03','2013-11-03'),(189,27,'Путиловский завод','2013-11-03','2016-11-03'),(190,27,'Новатэк','2016-11-03','2018-11-03'),(191,27,'РЖД','2018-11-03','2020-11-03'),(192,28,'Завод имени Кирова','2007-02-07','2008-02-07'),(193,28,'Перекресток','2008-02-07','2010-02-07'),(194,28,'Завод имени Кирова','2010-02-07','2013-02-07'),(195,28,'РЖД','2013-02-07','2016-02-07'),(196,28,'Путиловский завод','2016-02-07','2017-02-07'),(197,28,'Транснефть','2017-02-07','2018-02-07'),(198,28,'РЖД','2018-02-07','2020-02-07'),(199,28,'Нефтеперерабатывающий завод','2020-02-07','2022-02-07'),(200,29,'Завод 123','2013-09-24','2014-09-24'),(201,29,'Путиловский завод','2014-09-24','2015-09-24'),(202,29,'Аэрофлот','2015-09-24','2016-09-24'),(203,29,'Транснефть','2016-09-24','2018-09-24'),(204,29,'Швейная фабрика','2018-09-24','2019-09-24'),(205,29,'Швейная фабрика','2019-09-24','2021-09-24'),(206,30,'Фирма Рога и Копыта','1997-01-25','1999-01-25'),(207,30,'Аэрофлот','1999-01-25','2000-01-25'),(208,30,'Аэрофлот','2000-01-25','2001-01-25'),(209,30,'Транснефть','2001-01-25','2003-01-25'),(210,30,'Завод имени Кирова','2003-01-25','2005-01-25'),(211,30,'Перекресток','2005-01-25','2007-01-25'),(212,30,'Путиловский завод','2007-01-25','2008-01-25'),(213,30,'Фирма Рога и Копыта','2008-01-25','2009-01-25'),(214,30,'Аэрофлот','2009-01-25','2012-01-25'),(215,30,'Новатэк','2012-01-25','2014-01-25'),(216,30,'Перекресток','2014-01-25','2015-01-25'),(217,30,'Перекресток','2015-01-25','2017-01-25'),(218,30,'Роснефть','2017-01-25','2018-01-25'),(219,30,'Завод 123','2018-01-25','2019-01-25'),(220,30,'Перекресток','2019-01-25','2022-01-25'),(221,31,'Аэрофлот','2008-01-20','2010-01-20'),(222,31,'Фирма Рога и Копыта','2010-01-20','2012-01-20'),(223,31,'Транснефть','2012-01-20','2015-01-20'),(224,31,'РЖД','2015-01-20','2016-01-20'),(225,31,'Завод 123','2016-01-20','2019-01-20'),(226,31,'Перекресток','2019-01-20','2022-01-20'),(227,32,'РЖД','2013-04-09','2014-04-09'),(228,32,'Транснефть','2014-04-09','2017-04-09'),(229,32,'Перекресток','2017-04-09','2019-04-09'),(230,32,'Швейная фабрика','2019-04-09','2020-04-09'),(231,33,'Путиловский завод','2010-10-16','2012-10-16'),(232,33,'Транснефть','2012-10-16','2014-10-16'),(233,33,'Аэрофлот','2014-10-16','2017-10-16'),(234,33,'РЖД','2017-10-16','2018-10-16'),(235,33,'Швейная фабрика','2018-10-16','2021-10-16'),(236,34,'Завод 123','1993-04-12','1996-04-12'),(237,34,'Завод имени Кирова','1996-04-12','1998-04-12'),(238,34,'Путиловский завод','1998-04-12','2000-04-12'),(239,34,'РЖД','2000-04-12','2002-04-12'),(240,34,'Роснефть','2002-04-12','2005-04-12'),(241,34,'Путиловский завод','2005-04-12','2008-04-12'),(242,34,'Швейная фабрика','2008-04-12','2009-04-12'),(243,34,'Аэрофлот','2009-04-12','2012-04-12'),(244,34,'Фирма Рога и Копыта','2012-04-12','2015-04-12'),(245,34,'Фирма 789','2015-04-12','2018-04-12'),(246,34,'Завод 123','2018-04-12','2020-04-12'),(247,35,'Завод 123','1996-02-11','1999-02-11'),(248,35,'Путиловский завод','1999-02-11','2001-02-11'),(249,35,'Фирма 789','2001-02-11','2003-02-11'),(250,35,'Транснефть','2003-02-11','2005-02-11'),(251,35,'Завод имени Кирова','2005-02-11','2006-02-11'),(252,35,'Фирма 789','2006-02-11','2009-02-11'),(253,35,'Нефтеперерабатывающий завод','2009-02-11','2011-02-11'),(254,35,'Аэрофлот','2011-02-11','2012-02-11'),(255,35,'Роснефть','2012-02-11','2015-02-11'),(256,35,'Нефтеперерабатывающий завод','2015-02-11','2017-02-11'),(257,35,'Завод 123','2017-02-11','2018-02-11'),(258,35,'Нефтеперерабатывающий завод','2018-02-11','2021-02-11'),(259,36,'Новатэк','2001-02-24','2003-02-24'),(260,36,'Транснефть','2003-02-24','2004-02-24'),(261,36,'Нефтеперерабатывающий завод','2004-02-24','2007-02-24'),(262,36,'Завод имени Кирова','2007-02-24','2008-02-24'),(263,36,'Путиловский завод','2008-02-24','2010-02-24'),(264,36,'Завод 123','2010-02-24','2013-02-24'),(265,36,'Путиловский завод','2013-02-24','2014-02-24'),(266,36,'Завод 123','2014-02-24','2015-02-24'),(267,36,'Аэрофлот','2015-02-24','2017-02-24'),(268,36,'Транснефть','2017-02-24','2019-02-24'),(269,36,'Транснефть','2019-02-24','2020-02-24'),(270,37,'Завод имени Кирова','2008-01-22','2009-01-22'),(271,37,'Швейная фабрика','2009-01-22','2011-01-22'),(272,37,'Завод имени Кирова','2011-01-22','2013-01-22'),(273,37,'Транснефть','2013-01-22','2014-01-22'),(274,37,'Новатэк','2014-01-22','2017-01-22'),(275,37,'Транснефть','2017-01-22','2019-01-22'),(276,37,'Перекресток','2019-01-22','2020-01-22'),(277,37,'Завод имени Кирова','2020-01-22','2021-01-22'),(278,38,'Путиловский завод','2000-03-06','2002-03-06'),(279,38,'Транснефть','2002-03-06','2005-03-06'),(280,38,'РЖД','2005-03-06','2008-03-06'),(281,38,'Фирма 789','2008-03-06','2009-03-06'),(282,38,'Роснефть','2009-03-06','2010-03-06'),(283,38,'Нефтеперерабатывающий завод','2010-03-06','2013-03-06'),(284,38,'Швейная фабрика','2013-03-06','2016-03-06'),(285,38,'Фирма Рога и Копыта','2016-03-06','2017-03-06'),(286,38,'Швейная фабрика','2017-03-06','2018-03-06'),(287,38,'Швейная фабрика','2018-03-06','2021-03-06'),(288,39,'Фирма Рога и Копыта','2001-10-14','2002-10-14'),(289,39,'Завод 123','2002-10-14','2004-10-14'),(290,39,'Перекресток','2004-10-14','2005-10-14'),(291,39,'Транснефть','2005-10-14','2006-10-14'),(292,39,'Фирма 789','2006-10-14','2009-10-14'),(293,39,'Транснефть','2009-10-14','2010-10-14'),(294,39,'Новатэк','2010-10-14','2011-10-14'),(295,39,'Транснефть','2011-10-14','2012-10-14'),(296,39,'Завод 123','2012-10-14','2014-10-14'),(297,39,'Путиловский завод','2014-10-14','2017-10-14'),(298,39,'Аэрофлот','2017-10-14','2020-10-14'),(299,40,'Фирма 789','2011-10-06','2014-10-06'),(300,40,'Аэрофлот','2014-10-06','2016-10-06'),(301,40,'Перекресток','2016-10-06','2018-10-06'),(302,40,'Роснефть','2018-10-06','2019-10-06'),(303,40,'Завод 123','2019-10-06','2021-10-06'),(304,41,'Швейная фабрика','1992-10-04','1995-10-04'),(305,41,'РЖД','1995-10-04','1996-10-04'),(306,41,'Завод 123','1996-10-04','1999-10-04'),(307,41,'Транснефть','1999-10-04','2002-10-04'),(308,41,'Завод 123','2002-10-04','2005-10-04'),(309,41,'Перекресток','2005-10-04','2008-10-04'),(310,41,'Фирма 789','2008-10-04','2011-10-04'),(311,41,'Швейная фабрика','2011-10-04','2013-10-04'),(312,41,'Швейная фабрика','2013-10-04','2014-10-04'),(313,41,'Завод 123','2014-10-04','2016-10-04'),(314,41,'Перекресток','2016-10-04','2018-10-04'),(315,41,'Нефтеперерабатывающий завод','2018-10-04','2020-10-04'),(316,42,'Роснефть','1998-06-27','2001-06-27'),(317,42,'Новатэк','2001-06-27','2003-06-27'),(318,42,'Швейная фабрика','2003-06-27','2006-06-27'),(319,42,'РЖД','2006-06-27','2007-06-27'),(320,42,'Швейная фабрика','2007-06-27','2009-06-27'),(321,42,'Путиловский завод','2009-06-27','2011-06-27'),(322,42,'Фирма 789','2011-06-27','2013-06-27'),(323,42,'Путиловский завод','2013-06-27','2014-06-27'),(324,42,'Фирма 789','2014-06-27','2016-06-27'),(325,42,'Роснефть','2016-06-27','2017-06-27'),(326,42,'Роснефть','2017-06-27','2018-06-27'),(327,42,'Транснефть','2018-06-27','2019-06-27'),(328,42,'РЖД','2019-06-27','2021-06-27'),(329,43,'Завод имени Кирова','1997-03-21','2000-03-21'),(330,43,'Завод имени Кирова','2000-03-21','2003-03-21'),(331,43,'Завод имени Кирова','2003-03-21','2004-03-21'),(332,43,'Аэрофлот','2004-03-21','2007-03-21'),(333,43,'Аэрофлот','2007-03-21','2009-03-21'),(334,43,'Роснефть','2009-03-21','2012-03-21'),(335,43,'Путиловский завод','2012-03-21','2014-03-21'),(336,43,'РЖД','2014-03-21','2015-03-21'),(337,43,'Роснефть','2015-03-21','2016-03-21'),(338,43,'Перекресток','2016-03-21','2018-03-21'),(339,43,'Аэрофлот','2018-03-21','2021-03-21'),(340,44,'Нефтеперерабатывающий завод','2010-10-08','2012-10-08'),(341,44,'Перекресток','2012-10-08','2014-10-08'),(342,44,'Нефтеперерабатывающий завод','2014-10-08','2017-10-08'),(343,44,'Роснефть','2017-10-08','2018-10-08'),(344,44,'Швейная фабрика','2018-10-08','2021-10-08'),(345,45,'Нефтеперерабатывающий завод','2010-11-27','2012-11-27'),(346,45,'Нефтеперерабатывающий завод','2012-11-27','2014-11-27'),(347,45,'Аэрофлот','2014-11-27','2017-11-27'),(348,45,'Нефтеперерабатывающий завод','2017-11-27','2018-11-27'),(349,45,'Транснефть','2018-11-27','2019-11-27'),(350,45,'Швейная фабрика','2019-11-27','2021-11-27'),(351,46,'Завод имени Кирова','2011-07-22','2012-07-22'),(352,46,'Завод имени Кирова','2012-07-22','2014-07-22'),(353,46,'РЖД','2014-07-22','2015-07-22'),(354,46,'Швейная фабрика','2015-07-22','2017-07-22'),(355,46,'Нефтеперерабатывающий завод','2017-07-22','2020-07-22'),(356,47,'Путиловский завод','1992-03-07','1994-03-07'),(357,47,'Нефтеперерабатывающий завод','1994-03-07','1997-03-07'),(358,47,'Транснефть','1997-03-07','1998-03-07'),(359,47,'Фирма Рога и Копыта','1998-03-07','2000-03-07'),(360,47,'Роснефть','2000-03-07','2001-03-07'),(361,47,'Перекресток','2001-03-07','2003-03-07'),(362,47,'Новатэк','2003-03-07','2006-03-07'),(363,47,'Транснефть','2006-03-07','2008-03-07'),(364,47,'РЖД','2008-03-07','2010-03-07'),(365,47,'Завод имени Кирова','2010-03-07','2011-03-07'),(366,47,'Нефтеперерабатывающий завод','2011-03-07','2012-03-07'),(367,47,'Роснефть','2012-03-07','2014-03-07'),(368,47,'Транснефть','2014-03-07','2016-03-07'),(369,47,'Транснефть','2016-03-07','2019-03-07'),(370,47,'Роснефть','2019-03-07','2020-03-07'),(371,48,'Фирма Рога и Копыта','2017-06-04','2020-06-04'),(372,49,'Завод имени Кирова','1992-08-08','1995-08-08'),(373,49,'Перекресток','1995-08-08','1997-08-08'),(374,49,'Транснефть','1997-08-08','1998-08-08'),(375,49,'Роснефть','1998-08-08','1999-08-08'),(376,49,'Швейная фабрика','1999-08-08','2000-08-08'),(377,49,'Перекресток','2000-08-08','2001-08-08'),(378,49,'Транснефть','2001-08-08','2004-08-08'),(379,49,'Транснефть','2004-08-08','2005-08-08'),(380,49,'Роснефть','2005-08-08','2007-08-08'),(381,49,'РЖД','2007-08-08','2008-08-08'),(382,49,'Роснефть','2008-08-08','2010-08-08'),(383,49,'Аэрофлот','2010-08-08','2013-08-08'),(384,49,'Транснефть','2013-08-08','2016-08-08'),(385,49,'Роснефть','2016-08-08','2017-08-08'),(386,49,'Перекресток','2017-08-08','2019-08-08'),(387,49,'Роснефть','2019-08-08','2021-08-08'),(388,50,'Транснефть','1996-10-01','1999-10-01'),(389,50,'Завод 123','1999-10-01','2000-10-01'),(390,50,'Транснефть','2000-10-01','2003-10-01'),(391,50,'Перекресток','2003-10-01','2006-10-01'),(392,50,'Фирма Рога и Копыта','2006-10-01','2008-10-01'),(393,50,'Завод 123','2008-10-01','2010-10-01'),(394,50,'РЖД','2010-10-01','2012-10-01'),(395,50,'Завод 123','2012-10-01','2014-10-01'),(396,50,'РЖД','2014-10-01','2015-10-01'),(397,50,'Новатэк','2015-10-01','2018-10-01'),(398,50,'Фирма 789','2018-10-01','2019-10-01'),(399,50,'Завод имени Кирова','2019-10-01','2020-10-01'),(400,51,'РЖД','1996-01-20','1998-01-20'),(401,51,'РЖД','1998-01-20','2001-01-20'),(402,51,'РЖД','2001-01-20','2002-01-20'),(403,51,'Нефтеперерабатывающий завод','2002-01-20','2003-01-20'),(404,51,'Роснефть','2003-01-20','2004-01-20'),(405,51,'Фирма Рога и Копыта','2004-01-20','2006-01-20'),(406,51,'Завод имени Кирова','2006-01-20','2007-01-20'),(407,51,'Аэрофлот','2007-01-20','2010-01-20'),(408,51,'Фирма 789','2010-01-20','2013-01-20'),(409,51,'Транснефть','2013-01-20','2014-01-20'),(410,51,'Завод имени Кирова','2014-01-20','2017-01-20'),(411,51,'Транснефть','2017-01-20','2019-01-20'),(412,51,'Завод 123','2019-01-20','2020-01-20'),(413,51,'Путиловский завод','2020-01-20','2023-01-20'),(414,52,'Транснефть','1996-05-14','1997-05-14'),(415,52,'РЖД','1997-05-14','2000-05-14'),(416,52,'Путиловский завод','2000-05-14','2003-05-14'),(417,52,'Завод имени Кирова','2003-05-14','2006-05-14'),(418,52,'Завод 123','2006-05-14','2008-05-14'),(419,52,'РЖД','2008-05-14','2011-05-14'),(420,52,'Путиловский завод','2011-05-14','2012-05-14'),(421,52,'Фирма Рога и Копыта','2012-05-14','2015-05-14'),(422,52,'Фирма 789','2015-05-14','2018-05-14'),(423,52,'Фирма Рога и Копыта','2018-05-14','2020-05-14'),(424,53,'Перекресток','2001-08-16','2004-08-16'),(425,53,'Путиловский завод','2004-08-16','2005-08-16'),(426,53,'Аэрофлот','2005-08-16','2007-08-16'),(427,53,'Завод 123','2007-08-16','2008-08-16'),(428,53,'Транснефть','2008-08-16','2009-08-16'),(429,53,'Перекресток','2009-08-16','2011-08-16'),(430,53,'Швейная фабрика','2011-08-16','2014-08-16'),(431,53,'Транснефть','2014-08-16','2016-08-16'),(432,53,'Нефтеперерабатывающий завод','2016-08-16','2018-08-16'),(433,53,'Нефтеперерабатывающий завод','2018-08-16','2020-08-16'),(434,54,'Перекресток','1992-06-15','1994-06-15'),(435,54,'Путиловский завод','1994-06-15','1996-06-15'),(436,54,'Завод 123','1996-06-15','1999-06-15'),(437,54,'Путиловский завод','1999-06-15','2000-06-15'),(438,54,'Фирма Рога и Копыта','2000-06-15','2002-06-15'),(439,54,'Завод 123','2002-06-15','2005-06-15'),(440,54,'Путиловский завод','2005-06-15','2007-06-15'),(441,54,'Новатэк','2007-06-15','2010-06-15'),(442,54,'Нефтеперерабатывающий завод','2010-06-15','2013-06-15'),(443,54,'Транснефть','2013-06-15','2015-06-15'),(444,54,'Новатэк','2015-06-15','2016-06-15'),(445,54,'РЖД','2016-06-15','2017-06-15'),(446,54,'Новатэк','2017-06-15','2020-06-15'),(447,55,'Нефтеперерабатывающий завод','2002-02-13','2005-02-13'),(448,55,'Новатэк','2005-02-13','2007-02-13'),(449,55,'Нефтеперерабатывающий завод','2007-02-13','2010-02-13'),(450,55,'Транснефть','2010-02-13','2013-02-13'),(451,55,'Швейная фабрика','2013-02-13','2016-02-13'),(452,55,'Новатэк','2016-02-13','2019-02-13'),(453,55,'Путиловский завод','2019-02-13','2021-02-13'),(454,56,'Путиловский завод','2001-07-01','2003-07-01'),(455,56,'Роснефть','2003-07-01','2005-07-01'),(456,56,'Транснефть','2005-07-01','2008-07-01'),(457,56,'Фирма Рога и Копыта','2008-07-01','2011-07-01'),(458,56,'Путиловский завод','2011-07-01','2013-07-01'),(459,56,'Аэрофлот','2013-07-01','2014-07-01'),(460,56,'Новатэк','2014-07-01','2016-07-01'),(461,56,'Транснефть','2016-07-01','2018-07-01'),(462,56,'Роснефть','2018-07-01','2021-07-01'),(463,57,'Транснефть','2016-08-21','2018-08-21'),(464,57,'Транснефть','2018-08-21','2020-08-21'),(465,58,'Завод имени Кирова','1993-01-07','1996-01-07'),(466,58,'РЖД','1996-01-07','1999-01-07'),(467,58,'Новатэк','1999-01-07','2000-01-07'),(468,58,'Завод имени Кирова','2000-01-07','2003-01-07'),(469,58,'Фирма 789','2003-01-07','2006-01-07'),(470,58,'Швейная фабрика','2006-01-07','2007-01-07'),(471,58,'Перекресток','2007-01-07','2010-01-07'),(472,58,'Новатэк','2010-01-07','2011-01-07'),(473,58,'Аэрофлот','2011-01-07','2013-01-07'),(474,58,'Роснефть','2013-01-07','2015-01-07'),(475,58,'Завод имени Кирова','2015-01-07','2017-01-07'),(476,58,'Фирма Рога и Копыта','2017-01-07','2018-01-07'),(477,58,'Транснефть','2018-01-07','2020-01-07'),(478,58,'Транснефть','2020-01-07','2023-01-07'),(479,59,'РЖД','1999-07-08','2002-07-08'),(480,59,'Перекресток','2002-07-08','2005-07-08'),(481,59,'Фирма Рога и Копыта','2005-07-08','2008-07-08'),(482,59,'Путиловский завод','2008-07-08','2009-07-08'),(483,59,'Швейная фабрика','2009-07-08','2010-07-08'),(484,59,'Путиловский завод','2010-07-08','2013-07-08'),(485,59,'Швейная фабрика','2013-07-08','2014-07-08'),(486,59,'Роснефть','2014-07-08','2015-07-08'),(487,59,'Роснефть','2015-07-08','2018-07-08'),(488,59,'Путиловский завод','2018-07-08','2020-07-08'),(489,60,'Новатэк','2008-11-08','2011-11-08'),(490,60,'Путиловский завод','2011-11-08','2012-11-08'),(491,60,'Нефтеперерабатывающий завод','2012-11-08','2013-11-08'),(492,60,'Роснефть','2013-11-08','2014-11-08'),(493,60,'РЖД','2014-11-08','2015-11-08'),(494,60,'Транснефть','2015-11-08','2017-11-08'),(495,60,'Фирма 789','2017-11-08','2020-11-08'),(496,61,'Перекресток','2014-03-23','2015-03-23'),(497,61,'Транснефть','2015-03-23','2016-03-23'),(498,61,'Швейная фабрика','2016-03-23','2018-03-23'),(499,61,'Фирма 789','2018-03-23','2019-03-23'),(500,61,'Завод имени Кирова','2019-03-23','2021-03-23'),(501,62,'Роснефть','2004-11-11','2006-11-11'),(502,62,'Транснефть','2006-11-11','2008-11-11'),(503,62,'Аэрофлот','2008-11-11','2011-11-11'),(504,62,'Завод 123','2011-11-11','2014-11-11'),(505,62,'Фирма Рога и Копыта','2014-11-11','2015-11-11'),(506,62,'Транснефть','2015-11-11','2017-11-11'),(507,62,'Завод 123','2017-11-11','2018-11-11'),(508,62,'Роснефть','2018-11-11','2019-11-11'),(509,62,'Транснефть','2019-11-11','2022-11-11'),(510,64,'Новатэк','2011-02-23','2014-02-23'),(511,64,'Фирма Рога и Копыта','2014-02-23','2016-02-23'),(512,64,'Новатэк','2016-02-23','2018-02-23'),(513,64,'РЖД','2018-02-23','2021-02-23'),(514,65,'Аэрофлот','2003-04-09','2006-04-09'),(515,65,'Нефтеперерабатывающий завод','2006-04-09','2007-04-09'),(516,65,'Транснефть','2007-04-09','2008-04-09'),(517,65,'Нефтеперерабатывающий завод','2008-04-09','2010-04-09'),(518,65,'Транснефть','2010-04-09','2012-04-09'),(519,65,'Завод 123','2012-04-09','2013-04-09'),(520,65,'Роснефть','2013-04-09','2016-04-09'),(521,65,'РЖД','2016-04-09','2019-04-09'),(522,65,'Завод имени Кирова','2019-04-09','2022-04-09'),(523,66,'РЖД','2019-06-18','2021-06-18'),(524,67,'РЖД','2011-06-15','2012-06-15'),(525,67,'Роснефть','2012-06-15','2014-06-15'),(526,67,'Завод 123','2014-06-15','2015-06-15'),(527,67,'Путиловский завод','2015-06-15','2017-06-15'),(528,67,'Новатэк','2017-06-15','2019-06-15'),(529,67,'Новатэк','2019-06-15','2021-06-15'),(530,68,'Перекресток','2014-06-02','2015-06-02'),(531,68,'Фирма Рога и Копыта','2015-06-02','2016-06-02'),(532,68,'Завод 123','2016-06-02','2017-06-02'),(533,68,'Фирма 789','2017-06-02','2018-06-02'),(534,68,'Новатэк','2018-06-02','2019-06-02'),(535,68,'Перекресток','2019-06-02','2020-06-02'),(536,69,'Фирма Рога и Копыта','1994-06-08','1995-06-08'),(537,69,'Аэрофлот','1995-06-08','1997-06-08'),(538,69,'Путиловский завод','1997-06-08','1998-06-08'),(539,69,'Транснефть','1998-06-08','2000-06-08'),(540,69,'Фирма 789','2000-06-08','2003-06-08'),(541,69,'Путиловский завод','2003-06-08','2004-06-08'),(542,69,'Роснефть','2004-06-08','2007-06-08'),(543,69,'Новатэк','2007-06-08','2009-06-08'),(544,69,'Транснефть','2009-06-08','2011-06-08'),(545,69,'Фирма 789','2011-06-08','2012-06-08'),(546,69,'Новатэк','2012-06-08','2014-06-08'),(547,69,'Роснефть','2014-06-08','2016-06-08'),(548,69,'Фирма 789','2016-06-08','2017-06-08'),(549,69,'Транснефть','2017-06-08','2020-06-08'),(550,70,'РЖД','2018-08-26','2019-08-26'),(551,70,'Транснефть','2019-08-26','2021-08-26'),(552,71,'Аэрофлот','1999-03-16','2001-03-16'),(553,71,'Путиловский завод','2001-03-16','2002-03-16'),(554,71,'Новатэк','2002-03-16','2004-03-16'),(555,71,'Новатэк','2004-03-16','2007-03-16'),(556,71,'РЖД','2007-03-16','2010-03-16'),(557,71,'Новатэк','2010-03-16','2011-03-16'),(558,71,'Транснефть','2011-03-16','2013-03-16'),(559,71,'Фирма Рога и Копыта','2013-03-16','2015-03-16'),(560,71,'Новатэк','2015-03-16','2017-03-16'),(561,71,'Фирма 789','2017-03-16','2019-03-16'),(562,71,'РЖД','2019-03-16','2021-03-16'),(563,72,'РЖД','2005-11-13','2006-11-13'),(564,72,'Завод 123','2006-11-13','2007-11-13'),(565,72,'Нефтеперерабатывающий завод','2007-11-13','2009-11-13'),(566,72,'Фирма 789','2009-11-13','2012-11-13'),(567,72,'Нефтеперерабатывающий завод','2012-11-13','2015-11-13'),(568,72,'Фирма 789','2015-11-13','2017-11-13'),(569,72,'Путиловский завод','2017-11-13','2020-11-13'),(570,73,'Роснефть','1995-06-05','1996-06-05'),(571,73,'Путиловский завод','1996-06-05','1998-06-05'),(572,73,'РЖД','1998-06-05','2001-06-05'),(573,73,'Перекресток','2001-06-05','2004-06-05'),(574,73,'Транснефть','2004-06-05','2005-06-05'),(575,73,'Аэрофлот','2005-06-05','2008-06-05'),(576,73,'Завод 123','2008-06-05','2010-06-05'),(577,73,'Новатэк','2010-06-05','2013-06-05'),(578,73,'Транснефть','2013-06-05','2016-06-05'),(579,73,'Перекресток','2016-06-05','2017-06-05'),(580,73,'РЖД','2017-06-05','2019-06-05'),(581,73,'Роснефть','2019-06-05','2021-06-05'),(582,74,'Фирма 789','2009-02-02','2011-02-02'),(583,74,'Транснефть','2011-02-02','2014-02-02'),(584,74,'Завод имени Кирова','2014-02-02','2015-02-02'),(585,74,'Путиловский завод','2015-02-02','2016-02-02'),(586,74,'Транснефть','2016-02-02','2017-02-02'),(587,74,'Перекресток','2017-02-02','2020-02-02'),(588,74,'Нефтеперерабатывающий завод','2020-02-02','2022-02-02'),(589,75,'Завод 123','2006-09-17','2007-09-17'),(590,75,'Аэрофлот','2007-09-17','2009-09-17'),(591,75,'Фирма 789','2009-09-17','2012-09-17'),(592,75,'Аэрофлот','2012-09-17','2015-09-17'),(593,75,'Новатэк','2015-09-17','2017-09-17'),(594,75,'Транснефть','2017-09-17','2020-09-17'),(595,76,'Транснефть','2003-07-21','2006-07-21'),(596,76,'Швейная фабрика','2006-07-21','2009-07-21'),(597,76,'Завод 123','2009-07-21','2012-07-21'),(598,76,'Завод имени Кирова','2012-07-21','2013-07-21'),(599,76,'Новатэк','2013-07-21','2014-07-21'),(600,76,'Путиловский завод','2014-07-21','2017-07-21'),(601,76,'Новатэк','2017-07-21','2018-07-21'),(602,76,'Аэрофлот','2018-07-21','2021-07-21'),(603,78,'Аэрофлот','2018-09-11','2019-09-11'),(604,78,'Транснефть','2019-09-11','2021-09-11'),(605,79,'Аэрофлот','2006-06-05','2008-06-05'),(606,79,'Завод 123','2008-06-05','2010-06-05'),(607,79,'Роснефть','2010-06-05','2013-06-05'),(608,79,'Завод 123','2013-06-05','2015-06-05'),(609,79,'Фирма Рога и Копыта','2015-06-05','2018-06-05'),(610,79,'Фирма Рога и Копыта','2018-06-05','2020-06-05'),(611,80,'Завод имени Кирова','2011-02-19','2012-02-19'),(612,80,'Нефтеперерабатывающий завод','2012-02-19','2014-02-19'),(613,80,'Аэрофлот','2014-02-19','2017-02-19'),(614,80,'РЖД','2017-02-19','2018-02-19'),(615,80,'Перекресток','2018-02-19','2021-02-19'),(616,81,'Путиловский завод','1999-05-08','2000-05-08'),(617,81,'Транснефть','2000-05-08','2002-05-08'),(618,81,'Транснефть','2002-05-08','2003-05-08'),(619,81,'Завод 123','2003-05-08','2005-05-08'),(620,81,'Фирма 789','2005-05-08','2007-05-08'),(621,81,'Нефтеперерабатывающий завод','2007-05-08','2008-05-08'),(622,81,'Завод 123','2008-05-08','2011-05-08'),(623,81,'Транснефть','2011-05-08','2014-05-08'),(624,81,'Швейная фабрика','2014-05-08','2017-05-08'),(625,81,'Новатэк','2017-05-08','2019-05-08'),(626,81,'Фирма Рога и Копыта','2019-05-08','2021-05-08'),(627,82,'Новатэк','2017-10-18','2019-10-18'),(628,82,'Новатэк','2019-10-18','2020-10-18'),(629,84,'Транснефть','1992-11-22','1995-11-22'),(630,84,'Новатэк','1995-11-22','1997-11-22'),(631,84,'Транснефть','1997-11-22','1999-11-22'),(632,84,'Швейная фабрика','1999-11-22','2000-11-22'),(633,84,'Завод имени Кирова','2000-11-22','2001-11-22'),(634,84,'Швейная фабрика','2001-11-22','2002-11-22'),(635,84,'Аэрофлот','2002-11-22','2004-11-22'),(636,84,'Транснефть','2004-11-22','2007-11-22'),(637,84,'Завод 123','2007-11-22','2010-11-22'),(638,84,'Швейная фабрика','2010-11-22','2012-11-22'),(639,84,'Роснефть','2012-11-22','2015-11-22'),(640,84,'Роснефть','2015-11-22','2018-11-22'),(641,84,'Путиловский завод','2018-11-22','2019-11-22'),(642,84,'Завод 123','2019-11-22','2022-11-22'),(643,85,'Завод имени Кирова','2001-09-21','2003-09-21'),(644,85,'РЖД','2003-09-21','2005-09-21'),(645,85,'Путиловский завод','2005-09-21','2007-09-21'),(646,85,'Роснефть','2007-09-21','2008-09-21'),(647,85,'Роснефть','2008-09-21','2009-09-21'),(648,85,'Завод имени Кирова','2009-09-21','2012-09-21'),(649,85,'Завод имени Кирова','2012-09-21','2015-09-21'),(650,85,'Роснефть','2015-09-21','2018-09-21'),(651,85,'Аэрофлот','2018-09-21','2020-09-21'),(652,86,'Путиловский завод','2010-07-06','2012-07-06'),(653,86,'Путиловский завод','2012-07-06','2013-07-06'),(654,86,'Перекресток','2013-07-06','2015-07-06'),(655,86,'Завод 123','2015-07-06','2017-07-06'),(656,86,'Путиловский завод','2017-07-06','2020-07-06'),(657,87,'Роснефть','2001-07-02','2004-07-02'),(658,87,'Нефтеперерабатывающий завод','2004-07-02','2007-07-02'),(659,87,'Аэрофлот','2007-07-02','2009-07-02'),(660,87,'Транснефть','2009-07-02','2012-07-02'),(661,87,'Нефтеперерабатывающий завод','2012-07-02','2015-07-02'),(662,87,'Транснефть','2015-07-02','2018-07-02'),(663,87,'Транснефть','2018-07-02','2020-07-02'),(664,88,'Фирма 789','1995-08-05','1998-08-05'),(665,88,'Завод имени Кирова','1998-08-05','2000-08-05'),(666,88,'Транснефть','2000-08-05','2003-08-05'),(667,88,'Новатэк','2003-08-05','2006-08-05'),(668,88,'РЖД','2006-08-05','2009-08-05'),(669,88,'Аэрофлот','2009-08-05','2011-08-05'),(670,88,'Завод имени Кирова','2011-08-05','2012-08-05'),(671,88,'Роснефть','2012-08-05','2015-08-05'),(672,88,'Швейная фабрика','2015-08-05','2018-08-05'),(673,88,'Транснефть','2018-08-05','2021-08-05'),(674,89,'Путиловский завод','2002-09-16','2003-09-16'),(675,89,'Завод 123','2003-09-16','2005-09-16'),(676,89,'Транснефть','2005-09-16','2008-09-16'),(677,89,'Завод 123','2008-09-16','2009-09-16'),(678,89,'Транснефть','2009-09-16','2010-09-16'),(679,89,'Транснефть','2010-09-16','2013-09-16'),(680,89,'Роснефть','2013-09-16','2014-09-16'),(681,89,'Транснефть','2014-09-16','2015-09-16'),(682,89,'Новатэк','2015-09-16','2016-09-16'),(683,89,'Нефтеперерабатывающий завод','2016-09-16','2018-09-16'),(684,89,'Аэрофлот','2018-09-16','2021-09-16'),(685,90,'Швейная фабрика','2016-11-09','2019-11-09'),(686,90,'РЖД','2019-11-09','2020-11-09'),(687,91,'Транснефть','1993-04-08','1995-04-08'),(688,91,'Аэрофлот','1995-04-08','1997-04-08'),(689,91,'Роснефть','1997-04-08','1998-04-08'),(690,91,'Фирма Рога и Копыта','1998-04-08','2000-04-08'),(691,91,'Нефтеперерабатывающий завод','2000-04-08','2003-04-08'),(692,91,'Новатэк','2003-04-08','2006-04-08'),(693,91,'Роснефть','2006-04-08','2008-04-08'),(694,91,'Завод имени Кирова','2008-04-08','2010-04-08'),(695,91,'Роснефть','2010-04-08','2011-04-08'),(696,91,'Швейная фабрика','2011-04-08','2013-04-08'),(697,91,'Фирма 789','2013-04-08','2016-04-08'),(698,91,'РЖД','2016-04-08','2017-04-08'),(699,91,'Швейная фабрика','2017-04-08','2020-04-08'),(700,92,'Швейная фабрика','2003-08-08','2006-08-08'),(701,92,'Перекресток','2006-08-08','2007-08-08'),(702,92,'Фирма Рога и Копыта','2007-08-08','2009-08-08'),(703,92,'Швейная фабрика','2009-08-08','2011-08-08'),(704,92,'Транснефть','2011-08-08','2012-08-08'),(705,92,'Путиловский завод','2012-08-08','2013-08-08'),(706,92,'РЖД','2013-08-08','2016-08-08'),(707,92,'Завод имени Кирова','2016-08-08','2017-08-08'),(708,92,'Аэрофлот','2017-08-08','2018-08-08'),(709,92,'Аэрофлот','2018-08-08','2020-08-08'),(710,93,'Нефтеперерабатывающий завод','2002-02-20','2005-02-20'),(711,93,'Новатэк','2005-02-20','2007-02-20'),(712,93,'Перекресток','2007-02-20','2009-02-20'),(713,93,'Фирма 789','2009-02-20','2012-02-20'),(714,93,'Путиловский завод','2012-02-20','2015-02-20'),(715,93,'Новатэк','2015-02-20','2017-02-20'),(716,93,'Перекресток','2017-02-20','2020-02-20'),(717,93,'Завод 123','2020-02-20','2021-02-20'),(718,95,'Завод имени Кирова','2013-07-16','2015-07-16'),(719,95,'Перекресток','2015-07-16','2017-07-16'),(720,95,'РЖД','2017-07-16','2019-07-16'),(721,95,'Фирма Рога и Копыта','2019-07-16','2022-07-16'),(722,96,'Завод 123','1992-01-10','1995-01-10'),(723,96,'Швейная фабрика','1995-01-10','1996-01-10'),(724,96,'Путиловский завод','1996-01-10','1999-01-10'),(725,96,'Завод 123','1999-01-10','2000-01-10'),(726,96,'Перекресток','2000-01-10','2002-01-10'),(727,96,'Швейная фабрика','2002-01-10','2004-01-10'),(728,96,'Фирма 789','2004-01-10','2005-01-10'),(729,96,'Перекресток','2005-01-10','2008-01-10'),(730,96,'Путиловский завод','2008-01-10','2010-01-10'),(731,96,'Путиловский завод','2010-01-10','2011-01-10'),(732,96,'Фирма Рога и Копыта','2011-01-10','2012-01-10'),(733,96,'Путиловский завод','2012-01-10','2015-01-10'),(734,96,'Швейная фабрика','2015-01-10','2017-01-10'),(735,96,'Транснефть','2017-01-10','2019-01-10'),(736,96,'Завод 123','2019-01-10','2021-01-10'),(737,97,'Аэрофлот','1992-10-10','1994-10-10'),(738,97,'Завод имени Кирова','1994-10-10','1996-10-10'),(739,97,'Завод 123','1996-10-10','1997-10-10'),(740,97,'Завод 123','1997-10-10','1999-10-10'),(741,97,'Завод имени Кирова','1999-10-10','2001-10-10'),(742,97,'Завод имени Кирова','2001-10-10','2002-10-10'),(743,97,'Путиловский завод','2002-10-10','2003-10-10'),(744,97,'Завод 123','2003-10-10','2004-10-10'),(745,97,'Путиловский завод','2004-10-10','2006-10-10'),(746,97,'Аэрофлот','2006-10-10','2009-10-10'),(747,97,'Фирма 789','2009-10-10','2012-10-10'),(748,97,'Завод 123','2012-10-10','2014-10-10'),(749,97,'Фирма 789','2014-10-10','2016-10-10'),(750,97,'РЖД','2016-10-10','2018-10-10'),(751,97,'Нефтеперерабатывающий завод','2018-10-10','2020-10-10'),(752,98,'Транснефть','2012-11-24','2015-11-24'),(753,98,'Транснефть','2015-11-24','2017-11-24'),(754,98,'Фирма 789','2017-11-24','2020-11-24');
/*!40000 ALTER TABLE `labor_periods` ENABLE KEYS */;
UNLOCK TABLES;

--
-- Table structure for table `personal`
--

DROP TABLE IF EXISTS `personal`;
/*!40101 SET @saved_cs_client     = @@character_set_client */;
/*!50503 SET character_set_client = utf8mb4 */;
CREATE TABLE `personal` (
  `id` bigint unsigned NOT NULL AUTO_INCREMENT,
  `name` varchar(255) NOT NULL,
  `staff_id` bigint unsigned DEFAULT NULL COMMENT 'Занимаемая должность',
  UNIQUE KEY `id` (`id`),
  KEY `personal_staff_id_idx` (`staff_id`),
  CONSTRAINT `personal_staff_id_idx` FOREIGN KEY (`staff_id`) REFERENCES `staff_table` (`id`)
) ENGINE=InnoDB AUTO_INCREMENT=6 DEFAULT CHARSET=utf8mb4 COLLATE=utf8mb4_0900_ai_ci COMMENT='Таблица сотрудников';
/*!40101 SET character_set_client = @saved_cs_client */;

--
-- Dumping data for table `personal`
--

LOCK TABLES `personal` WRITE;
/*!40000 ALTER TABLE `personal` DISABLE KEYS */;
INSERT INTO `personal` VALUES (1,'Пупкин Иван Семёнович',3),(2,'Тряпочкни Сергей Петрович',6),(3,'Сергеев Петр Сергеевич',9),(4,'Тюлькин Сергей Иванович',10),(5,'Иванов Сидр Петрович',12);
/*!40000 ALTER TABLE `personal` ENABLE KEYS */;
UNLOCK TABLES;
/*!50003 SET @saved_cs_client      = @@character_set_client */ ;
/*!50003 SET @saved_cs_results     = @@character_set_results */ ;
/*!50003 SET @saved_col_connection = @@collation_connection */ ;
/*!50003 SET character_set_client  = utf8 */ ;
/*!50003 SET character_set_results = utf8 */ ;
/*!50003 SET collation_connection  = utf8_general_ci */ ;
/*!50003 SET @saved_sql_mode       = @@sql_mode */ ;
/*!50003 SET sql_mode              = 'ONLY_FULL_GROUP_BY,STRICT_TRANS_TABLES,NO_ZERO_IN_DATE,NO_ZERO_DATE,ERROR_FOR_DIVISION_BY_ZERO,NO_ENGINE_SUBSTITUTION' */ ;
DELIMITER ;;
/*!50003 CREATE*/ /*!50017 DEFINER=`root`@`localhost`*/ /*!50003 TRIGGER `add_person` AFTER INSERT ON `personal` FOR EACH ROW BEGIN
	UPDATE staff_table SET is_vacant = FALSE, vacant_from = '9999-12-31'
		WHERE id = NEW.staff_id;
END */;;
DELIMITER ;
/*!50003 SET sql_mode              = @saved_sql_mode */ ;
/*!50003 SET character_set_client  = @saved_cs_client */ ;
/*!50003 SET character_set_results = @saved_cs_results */ ;
/*!50003 SET collation_connection  = @saved_col_connection */ ;
/*!50003 SET @saved_cs_client      = @@character_set_client */ ;
/*!50003 SET @saved_cs_results     = @@character_set_results */ ;
/*!50003 SET @saved_col_connection = @@collation_connection */ ;
/*!50003 SET character_set_client  = utf8 */ ;
/*!50003 SET character_set_results = utf8 */ ;
/*!50003 SET collation_connection  = utf8_general_ci */ ;
/*!50003 SET @saved_sql_mode       = @@sql_mode */ ;
/*!50003 SET sql_mode              = 'ONLY_FULL_GROUP_BY,STRICT_TRANS_TABLES,NO_ZERO_IN_DATE,NO_ZERO_DATE,ERROR_FOR_DIVISION_BY_ZERO,NO_ENGINE_SUBSTITUTION' */ ;
DELIMITER ;;
/*!50003 CREATE*/ /*!50017 DEFINER=`root`@`localhost`*/ /*!50003 TRIGGER `delete_person` AFTER DELETE ON `personal` FOR EACH ROW BEGIN
	UPDATE staff_table SET is_vacant = TRUE, vacant_from = NOW()
		WHERE id = OLD.staff_id;
END */;;
DELIMITER ;
/*!50003 SET sql_mode              = @saved_sql_mode */ ;
/*!50003 SET character_set_client  = @saved_cs_client */ ;
/*!50003 SET character_set_results = @saved_cs_results */ ;
/*!50003 SET collation_connection  = @saved_col_connection */ ;

--
-- Table structure for table `places`
--

DROP TABLE IF EXISTS `places`;
/*!40101 SET @saved_cs_client     = @@character_set_client */;
/*!50503 SET character_set_client = utf8mb4 */;
CREATE TABLE `places` (
  `id` bigint unsigned NOT NULL AUTO_INCREMENT,
  `name` varchar(128) NOT NULL,
  UNIQUE KEY `id` (`id`),
  UNIQUE KEY `name` (`name`)
) ENGINE=InnoDB AUTO_INCREMENT=23 DEFAULT CHARSET=utf8mb4 COLLATE=utf8mb4_0900_ai_ci COMMENT='Города';
/*!40101 SET character_set_client = @saved_cs_client */;

--
-- Dumping data for table `places`
--

LOCK TABLES `places` WRITE;
/*!40000 ALTER TABLE `places` DISABLE KEYS */;
INSERT INTO `places` VALUES (21,'Барнаул'),(15,'Волгоград'),(13,'Воронеж'),(4,'Екатеринбург'),(20,'Ижевск'),(6,'Казань'),(16,'Краснодар'),(12,'Красноярск'),(1,'Москва'),(5,'Нижний Новгород'),(3,'Новосибирск'),(8,'Омск'),(14,'Пермь'),(10,'Ростов-на-Дону'),(9,'Самара'),(2,'Санкт-Петербург'),(17,'Саратов'),(19,'Тольятти'),(18,'Тюмень'),(22,'Ульяновск'),(11,'Уфа'),(7,'Челябинск');
/*!40000 ALTER TABLE `places` ENABLE KEYS */;
UNLOCK TABLES;

--
-- Table structure for table `positions`
--

DROP TABLE IF EXISTS `positions`;
/*!40101 SET @saved_cs_client     = @@character_set_client */;
/*!50503 SET character_set_client = utf8mb4 */;
CREATE TABLE `positions` (
  `id` bigint unsigned NOT NULL AUTO_INCREMENT,
  `name` varchar(128) NOT NULL,
  `level_id` bigint unsigned NOT NULL,
  UNIQUE KEY `id` (`id`),
  UNIQUE KEY `name` (`name`),
  KEY `level_id_fk` (`level_id`),
  CONSTRAINT `level_id_fk` FOREIGN KEY (`level_id`) REFERENCES `positions_levels` (`id`)
) ENGINE=InnoDB AUTO_INCREMENT=14 DEFAULT CHARSET=utf8mb4 COLLATE=utf8mb4_0900_ai_ci COMMENT='Таблица должностей';
/*!40101 SET character_set_client = @saved_cs_client */;

--
-- Dumping data for table `positions`
--

LOCK TABLES `positions` WRITE;
/*!40000 ALTER TABLE `positions` DISABLE KEYS */;
INSERT INTO `positions` VALUES (1,'Генеральный директор',1),(2,'Начальник Департамента',2),(3,'Начальник Управления',2),(4,'Начальник отдела',2),(5,'Заместитель начальника Департамента',2),(6,'Заместитель начальника Управления',2),(7,'Заместитель начальника отдела',2),(8,'главный специалист',3),(9,'ведущий специалист',3),(10,'ведущий инженер',3),(11,'секретарь',4),(12,'референт',4),(13,'ведущий программист',3);
/*!40000 ALTER TABLE `positions` ENABLE KEYS */;
UNLOCK TABLES;

--
-- Table structure for table `positions_levels`
--

DROP TABLE IF EXISTS `positions_levels`;
/*!40101 SET @saved_cs_client     = @@character_set_client */;
/*!50503 SET character_set_client = utf8mb4 */;
CREATE TABLE `positions_levels` (
  `id` bigint unsigned NOT NULL AUTO_INCREMENT,
  `name` varchar(128) NOT NULL,
  UNIQUE KEY `id` (`id`),
  UNIQUE KEY `name` (`name`)
) ENGINE=InnoDB AUTO_INCREMENT=6 DEFAULT CHARSET=utf8mb4 COLLATE=utf8mb4_0900_ai_ci COMMENT='Таблица уровней должности';
/*!40101 SET character_set_client = @saved_cs_client */;

--
-- Dumping data for table `positions_levels`
--

LOCK TABLES `positions_levels` WRITE;
/*!40000 ALTER TABLE `positions_levels` DISABLE KEYS */;
INSERT INTO `positions_levels` VALUES (1,'Высший управленческий состав'),(5,'Рабочие'),(2,'Руководители'),(4,'Служащие'),(3,'Специалисты');
/*!40000 ALTER TABLE `positions_levels` ENABLE KEYS */;
UNLOCK TABLES;

--
-- Table structure for table `processing`
--

DROP TABLE IF EXISTS `processing`;
/*!40101 SET @saved_cs_client     = @@character_set_client */;
/*!50503 SET character_set_client = utf8mb4 */;
CREATE TABLE `processing` (
  `request_id` bigint unsigned NOT NULL COMMENT 'Заявка на подбор',
  `resume_id` bigint unsigned NOT NULL COMMENT 'Кандидат ',
  `step_id` tinyint unsigned NOT NULL COMMENT 'Шаг рассмотрения ',
  `begin_at` date NOT NULL COMMENT 'Начало рассмотрения на шаге',
  `end_at` date NOT NULL COMMENT 'Окночание рассмотрения на шаге',
  `person_id` bigint unsigned DEFAULT NULL COMMENT 'Кто проводит мероприятие ',
  `is_success` tinyint(1) DEFAULT NULL COMMENT 'Результат прохождения шага',
  `comments` text,
  PRIMARY KEY (`request_id`,`resume_id`,`step_id`),
  KEY `processing_resume_id_fk` (`resume_id`),
  KEY `processing_step_id_fk` (`step_id`),
  KEY `processing_person_id_fk` (`person_id`),
  CONSTRAINT `processing_person_id_fk` FOREIGN KEY (`person_id`) REFERENCES `personal` (`id`),
  CONSTRAINT `processing_request_id_fk` FOREIGN KEY (`request_id`) REFERENCES `requests` (`id`),
  CONSTRAINT `processing_resume_id_fk` FOREIGN KEY (`resume_id`) REFERENCES `resumes` (`id`),
  CONSTRAINT `processing_step_id_fk` FOREIGN KEY (`step_id`) REFERENCES `selection_steps` (`id`)
) ENGINE=InnoDB DEFAULT CHARSET=utf8mb4 COLLATE=utf8mb4_0900_ai_ci COMMENT='Процесс рассмотрения кандидата';
/*!40101 SET character_set_client = @saved_cs_client */;

--
-- Dumping data for table `processing`
--

LOCK TABLES `processing` WRITE;
/*!40000 ALTER TABLE `processing` DISABLE KEYS */;
INSERT INTO `processing` VALUES (1,1,1,'2020-02-02','2020-02-07',3,1,'Пройдено успешно'),(1,1,2,'2020-02-07','2020-02-08',3,1,'Пройдено успешно'),(1,1,3,'2020-02-08','2020-02-11',3,1,'Пройдено успешно'),(1,1,4,'2020-02-11','2020-02-13',2,1,'Пройдено успешно'),(1,1,5,'2020-02-13','9999-12-31',3,0,NULL),(1,2,1,'2020-02-13','9999-12-31',3,0,NULL),(2,3,1,'2020-02-02','2020-02-04',4,1,'Пройдено успешно'),(2,3,2,'2020-02-04','2020-02-08',4,1,'Пройдено успешно'),(2,3,3,'2020-02-08','9999-12-31',4,0,NULL),(3,4,1,'2020-02-02','2020-02-04',5,1,'Пройдено успешно'),(3,4,2,'2020-02-04','2020-02-09',5,1,'Пройдено успешно'),(3,4,3,'2020-02-09','2020-02-12',5,1,'Пройдено успешно'),(3,4,4,'2020-02-12','2020-02-18',2,1,'Пройдено успешно'),(3,4,5,'2020-02-18','9999-12-31',5,0,NULL),(3,5,1,'2020-02-18','2020-02-22',5,1,'Пройдено успешно'),(3,5,2,'2020-02-22','9999-12-31',5,0,NULL),(4,6,1,'2020-02-02','2020-02-09',3,1,'Пройдено успешно'),(4,6,2,'2020-02-09','9999-12-31',3,0,NULL),(5,7,1,'2020-02-02','2020-02-03',4,1,'Пройдено успешно'),(5,7,2,'2020-02-03','2020-02-09',4,1,'Пройдено успешно'),(5,7,3,'2020-02-09','2020-02-13',4,1,'Пройдено успешно'),(5,7,4,'2020-02-13','2020-02-20',2,1,'Пройдено успешно'),(5,7,5,'2020-02-20','9999-12-31',4,0,NULL),(5,8,1,'2020-02-20','2020-02-23',4,1,'Пройдено успешно'),(5,8,2,'2020-02-23','9999-12-31',4,0,NULL),(6,9,1,'2020-02-02','9999-12-31',5,0,NULL),(7,10,1,'2020-02-02','2020-02-06',3,1,'Пройдено успешно'),(7,10,2,'2020-02-06','2020-02-07',3,1,'Пройдено успешно'),(7,10,3,'2020-02-07','2020-02-13',3,1,'Пройдено успешно'),(7,10,4,'2020-02-13','9999-12-31',2,0,NULL),(8,11,1,'2020-02-02','2020-02-03',4,1,'Пройдено успешно'),(8,11,2,'2020-02-03','2020-02-05',4,1,'Пройдено успешно'),(8,11,3,'2020-02-05','2020-02-12',4,1,'Пройдено успешно'),(8,11,4,'2020-02-12','9999-12-31',2,0,NULL),(8,12,1,'2020-02-12','9999-12-31',4,0,NULL),(9,13,1,'2020-02-02','2020-02-09',5,1,'Пройдено успешно'),(9,13,2,'2020-02-09','9999-12-31',5,0,NULL),(10,14,1,'2020-02-02','2020-02-03',3,1,'Пройдено успешно'),(10,14,2,'2020-02-03','9999-12-31',3,0,NULL),(11,15,1,'2020-02-02','2020-02-05',4,1,'Пройдено успешно'),(11,15,2,'2020-02-05','9999-12-31',4,0,NULL),(11,16,1,'2020-02-05','2020-02-07',4,1,'Пройдено успешно'),(11,16,2,'2020-02-07','2020-02-12',4,1,'Пройдено успешно'),(11,16,3,'2020-02-12','2020-02-13',4,1,'Пройдено успешно'),(11,16,4,'2020-02-13','2020-02-20',2,1,'Пройдено успешно'),(11,16,5,'2020-02-20','9999-12-31',4,0,NULL),(12,17,1,'2020-02-02','9999-12-31',5,0,NULL),(12,18,1,'2020-02-02','2020-02-06',5,1,'Пройдено успешно'),(12,18,2,'2020-02-06','2020-02-09',5,1,'Пройдено успешно'),(12,18,3,'2020-02-09','2020-02-14',5,1,'Пройдено успешно'),(12,18,4,'2020-02-14','2020-02-21',2,1,'Пройдено успешно'),(12,18,5,'2020-02-21','9999-12-31',5,0,NULL),(13,19,1,'2020-02-02','2020-02-09',3,1,'Пройдено успешно'),(13,19,2,'2020-02-09','9999-12-31',3,0,NULL),(13,20,1,'2020-02-09','2020-02-16',3,1,'Пройдено успешно'),(13,20,2,'2020-02-16','2020-02-19',3,1,'Пройдено успешно'),(13,20,3,'2020-02-19','9999-12-31',3,0,NULL),(14,21,1,'2020-02-02','2020-02-03',4,1,'Пройдено успешно'),(14,21,2,'2020-02-03','2020-02-07',4,1,'Пройдено успешно'),(14,21,3,'2020-02-07','2020-02-09',4,1,'Пройдено успешно'),(14,21,4,'2020-02-09','2020-02-12',2,1,'Пройдено успешно'),(14,21,5,'2020-02-12','9999-12-31',4,0,NULL),(14,22,1,'2020-02-12','2020-02-18',4,1,'Пройдено успешно'),(14,22,2,'2020-02-18','2020-02-19',4,1,'Пройдено успешно'),(14,22,3,'2020-02-19','2020-02-20',4,1,'Пройдено успешно'),(14,22,4,'2020-02-20','9999-12-31',2,0,NULL),(15,23,1,'2020-02-02','9999-12-31',5,0,NULL),(16,24,1,'2020-02-02','2020-02-09',3,1,'Пройдено успешно'),(16,24,2,'2020-02-09','2020-02-14',3,1,'Пройдено успешно'),(16,24,3,'2020-02-14','2020-02-16',3,1,'Пройдено успешно'),(16,24,4,'2020-02-16','2020-02-20',2,1,'Пройдено успешно'),(16,24,5,'2020-02-20','9999-12-31',3,0,NULL),(16,25,1,'2020-02-20','2020-02-24',3,1,'Пройдено успешно'),(16,25,2,'2020-02-24','2020-03-02',3,1,'Пройдено успешно'),(16,25,3,'2020-03-02','2020-03-04',3,1,'Пройдено успешно'),(16,25,4,'2020-03-04','2020-03-07',2,1,'Пройдено успешно'),(16,25,5,'2020-03-07','9999-12-31',3,0,NULL),(17,26,1,'2020-02-02','9999-12-31',4,0,NULL),(17,27,1,'2020-02-02','2020-02-06',4,1,'Пройдено успешно'),(17,27,2,'2020-02-06','2020-02-09',4,1,'Пройдено успешно'),(17,27,3,'2020-02-09','9999-12-31',4,0,NULL),(18,28,1,'2020-02-02','2020-02-03',5,1,'Пройдено успешно'),(18,28,2,'2020-02-03','2020-02-09',5,1,'Пройдено успешно'),(18,28,3,'2020-02-09','2020-02-16',5,1,'Пройдено успешно'),(18,28,4,'2020-02-16','2020-02-19',2,1,'Пройдено успешно'),(18,28,5,'2020-02-19','9999-12-31',5,0,NULL),(19,29,1,'2020-02-02','2020-02-05',3,1,'Пройдено успешно'),(19,29,2,'2020-02-05','2020-02-10',3,1,'Пройдено успешно'),(19,29,3,'2020-02-10','9999-12-31',3,0,NULL),(19,30,1,'2020-02-10','9999-12-31',3,0,NULL),(20,31,1,'2020-02-02','9999-12-31',4,0,NULL),(21,32,1,'2020-02-02','2020-02-07',5,1,'Пройдено успешно'),(21,32,2,'2020-02-07','2020-02-08',5,1,'Пройдено успешно'),(21,32,3,'2020-02-08','2020-02-10',5,1,'Пройдено успешно'),(21,32,4,'2020-02-10','9999-12-31',2,0,NULL),(22,33,1,'2020-02-02','2020-02-07',3,1,'Пройдено успешно'),(22,33,2,'2020-02-07','2020-02-12',3,1,'Пройдено успешно'),(22,33,3,'2020-02-12','2020-02-13',3,1,'Пройдено успешно'),(22,33,4,'2020-02-13','2020-02-16',2,1,'Пройдено успешно'),(22,33,5,'2020-02-16','9999-12-31',3,0,NULL),(22,34,1,'2020-02-16','2020-02-19',3,1,'Пройдено успешно'),(22,34,2,'2020-02-19','2020-02-24',3,1,'Пройдено успешно'),(22,34,3,'2020-02-24','9999-12-31',3,0,NULL),(23,35,1,'2020-02-02','2020-02-09',4,1,'Пройдено успешно'),(23,35,2,'2020-02-09','2020-02-14',4,1,'Пройдено успешно'),(23,35,3,'2020-02-14','9999-12-31',4,0,NULL),(24,36,1,'2020-02-02','2020-02-05',5,1,'Пройдено успешно'),(24,36,2,'2020-02-05','9999-12-31',5,0,NULL),(25,37,1,'2020-02-02','9999-12-31',3,0,NULL),(25,38,1,'2020-02-02','2020-02-07',3,1,'Пройдено успешно'),(25,38,2,'2020-02-07','2020-02-11',3,1,'Пройдено успешно'),(25,38,3,'2020-02-11','2020-02-13',3,1,'Пройдено успешно'),(25,38,4,'2020-02-13','2020-02-19',2,1,'Пройдено успешно'),(25,38,5,'2020-02-19','9999-12-31',3,0,NULL),(26,39,1,'2020-02-02','2020-02-06',4,1,'Пройдено успешно'),(26,39,2,'2020-02-06','2020-02-13',4,1,'Пройдено успешно'),(26,39,3,'2020-02-13','2020-02-16',4,1,'Пройдено успешно'),(26,39,4,'2020-02-16','2020-02-20',2,1,'Пройдено успешно'),(26,39,5,'2020-02-20','9999-12-31',4,0,NULL),(27,40,1,'2020-02-02','2020-02-07',5,1,'Пройдено успешно'),(27,40,2,'2020-02-07','2020-02-09',5,1,'Пройдено успешно'),(27,40,3,'2020-02-09','2020-02-11',5,1,'Пройдено успешно'),(27,40,4,'2020-02-11','9999-12-31',2,0,NULL),(27,41,1,'2020-02-11','9999-12-31',5,0,NULL),(28,42,1,'2020-02-02','2020-02-05',3,1,'Пройдено успешно'),(28,42,2,'2020-02-05','9999-12-31',3,0,NULL),(29,43,1,'2020-02-02','2020-02-06',4,1,'Пройдено успешно'),(29,43,2,'2020-02-06','2020-02-10',4,1,'Пройдено успешно'),(29,43,3,'2020-02-10','2020-02-16',4,1,'Пройдено успешно'),(29,43,4,'2020-02-16','9999-12-31',2,0,NULL),(29,44,1,'2020-02-16','9999-12-31',4,0,NULL),(30,45,1,'2020-02-02','2020-02-07',5,1,'Пройдено успешно'),(30,45,2,'2020-02-07','2020-02-10',5,1,'Пройдено успешно'),(30,45,3,'2020-02-10','2020-02-14',5,1,'Пройдено успешно'),(30,45,4,'2020-02-14','9999-12-31',2,0,NULL),(30,46,1,'2020-02-14','2020-02-21',5,1,'Пройдено успешно'),(30,46,2,'2020-02-21','2020-02-24',5,1,'Пройдено успешно'),(30,46,3,'2020-02-24','9999-12-31',5,0,NULL),(31,47,1,'2020-02-02','2020-02-05',3,1,'Пройдено успешно'),(31,47,2,'2020-02-05','2020-02-09',3,1,'Пройдено успешно'),(31,47,3,'2020-02-09','2020-02-11',3,1,'Пройдено успешно'),(31,47,4,'2020-02-11','9999-12-31',2,0,NULL),(31,48,1,'2020-02-11','9999-12-31',3,0,NULL),(32,49,1,'2020-02-02','2020-02-04',4,1,'Пройдено успешно'),(32,49,2,'2020-02-04','9999-12-31',4,0,NULL),(32,50,1,'2020-02-04','2020-02-06',4,1,'Пройдено успешно'),(32,50,2,'2020-02-06','2020-02-13',4,1,'Пройдено успешно'),(32,50,3,'2020-02-13','2020-02-14',4,1,'Пройдено успешно'),(32,50,4,'2020-02-14','2020-02-21',2,1,'Пройдено успешно'),(32,50,5,'2020-02-21','9999-12-31',4,0,NULL),(33,51,1,'2020-02-02','2020-02-07',5,1,'Пройдено успешно'),(33,51,2,'2020-02-07','2020-02-13',5,1,'Пройдено успешно'),(33,51,3,'2020-02-13','2020-02-16',5,1,'Пройдено успешно'),(33,51,4,'2020-02-16','9999-12-31',2,0,NULL),(34,52,1,'2020-02-02','2020-02-08',3,1,'Пройдено успешно'),(34,52,2,'2020-02-08','2020-02-13',3,1,'Пройдено успешно'),(34,52,3,'2020-02-13','2020-02-17',3,1,'Пройдено успешно'),(34,52,4,'2020-02-17','9999-12-31',2,0,NULL),(35,53,1,'2020-02-02','2020-02-07',4,1,'Пройдено успешно'),(35,53,2,'2020-02-07','2020-02-09',4,1,'Пройдено успешно'),(35,53,3,'2020-02-09','2020-02-11',4,1,'Пройдено успешно'),(35,53,4,'2020-02-11','9999-12-31',2,0,NULL),(35,54,1,'2020-02-11','2020-02-12',4,1,'Пройдено успешно'),(35,54,2,'2020-02-12','2020-02-18',4,1,'Пройдено успешно'),(35,54,3,'2020-02-18','9999-12-31',4,0,NULL),(36,55,1,'2020-02-02','2020-02-09',5,1,'Пройдено успешно'),(36,55,2,'2020-02-09','2020-02-15',5,1,'Пройдено успешно'),(36,55,3,'2020-02-15','9999-12-31',5,0,NULL),(36,56,1,'2020-02-15','2020-02-18',5,1,'Пройдено успешно'),(36,56,2,'2020-02-18','2020-02-21',5,1,'Пройдено успешно'),(36,56,3,'2020-02-21','9999-12-31',5,0,NULL),(37,57,1,'2020-02-02','2020-02-08',3,1,'Пройдено успешно'),(37,57,2,'2020-02-08','9999-12-31',3,0,NULL),(38,58,1,'2020-02-02','2020-02-07',4,1,'Пройдено успешно'),(38,58,2,'2020-02-07','2020-02-10',4,1,'Пройдено успешно'),(38,58,3,'2020-02-10','2020-02-11',4,1,'Пройдено успешно'),(38,58,4,'2020-02-11','2020-02-17',2,1,'Пройдено успешно'),(38,58,5,'2020-02-17','9999-12-31',4,0,NULL),(39,59,1,'2020-02-02','2020-02-04',5,1,'Пройдено успешно'),(39,59,2,'2020-02-04','2020-02-07',5,1,'Пройдено успешно'),(39,59,3,'2020-02-07','9999-12-31',5,0,NULL),(40,60,1,'2020-02-02','2020-02-08',3,1,'Пройдено успешно'),(40,60,2,'2020-02-08','9999-12-31',3,0,NULL),(41,61,1,'2020-02-02','9999-12-31',4,0,NULL),(42,62,1,'2020-02-02','2020-02-05',5,1,'Пройдено успешно'),(42,62,2,'2020-02-05','2020-02-12',5,1,'Пройдено успешно'),(42,62,3,'2020-02-12','9999-12-31',5,0,NULL),(43,63,1,'2020-02-02','2020-02-05',3,1,'Пройдено успешно'),(43,63,2,'2020-02-05','2020-02-08',3,1,'Пройдено успешно'),(43,63,3,'2020-02-08','9999-12-31',3,0,NULL),(43,64,1,'2020-02-08','2020-02-12',3,1,'Пройдено успешно'),(43,64,2,'2020-02-12','2020-02-17',3,1,'Пройдено успешно'),(43,64,3,'2020-02-17','2020-02-24',3,1,'Пройдено успешно'),(43,64,4,'2020-02-24','2020-02-27',2,1,'Пройдено успешно'),(43,64,5,'2020-02-27','9999-12-31',3,0,NULL),(44,65,1,'2020-02-02','2020-02-06',4,1,'Пройдено успешно'),(44,65,2,'2020-02-06','2020-02-12',4,1,'Пройдено успешно'),(44,65,3,'2020-02-12','2020-02-16',4,1,'Пройдено успешно'),(44,65,4,'2020-02-16','2020-02-17',2,1,'Пройдено успешно'),(44,65,5,'2020-02-17','9999-12-31',4,0,NULL),(45,66,1,'2020-02-02','2020-02-06',5,1,'Пройдено успешно'),(45,66,2,'2020-02-06','2020-02-08',5,1,'Пройдено успешно'),(45,66,3,'2020-02-08','2020-02-13',5,1,'Пройдено успешно'),(45,66,4,'2020-02-13','9999-12-31',2,0,NULL),(45,67,1,'2020-02-13','2020-02-19',5,1,'Пройдено успешно'),(45,67,2,'2020-02-19','2020-02-23',5,1,'Пройдено успешно'),(45,67,3,'2020-02-23','2020-02-27',5,1,'Пройдено успешно'),(45,67,4,'2020-02-27','9999-12-31',2,0,NULL),(46,68,1,'2020-02-02','2020-02-08',3,1,'Пройдено успешно'),(46,68,2,'2020-02-08','2020-02-11',3,1,'Пройдено успешно'),(46,68,3,'2020-02-11','2020-02-12',3,1,'Пройдено успешно'),(46,68,4,'2020-02-12','2020-02-17',2,1,'Пройдено успешно'),(46,68,5,'2020-02-17','9999-12-31',3,0,NULL),(46,69,1,'2020-02-17','2020-02-23',3,1,'Пройдено успешно'),(46,69,2,'2020-02-23','2020-02-25',3,1,'Пройдено успешно'),(46,69,3,'2020-02-25','2020-03-02',3,1,'Пройдено успешно'),(46,69,4,'2020-03-02','2020-03-09',2,1,'Пройдено успешно'),(46,69,5,'2020-03-09','9999-12-31',3,0,NULL),(47,70,1,'2020-02-02','2020-02-06',4,1,'Пройдено успешно'),(47,70,2,'2020-02-06','2020-02-12',4,1,'Пройдено успешно'),(47,70,3,'2020-02-12','2020-02-15',4,1,'Пройдено успешно'),(47,70,4,'2020-02-15','2020-02-20',2,1,'Пройдено успешно'),(47,70,5,'2020-02-20','9999-12-31',4,0,NULL),(48,71,1,'2020-02-02','2020-02-06',5,1,'Пройдено успешно'),(48,71,2,'2020-02-06','9999-12-31',5,0,NULL),(49,72,1,'2020-02-02','2020-02-05',3,1,'Пройдено успешно'),(49,72,2,'2020-02-05','2020-02-09',3,1,'Пройдено успешно'),(49,72,3,'2020-02-09','2020-02-13',3,1,'Пройдено успешно'),(49,72,4,'2020-02-13','2020-02-20',2,1,'Пройдено успешно'),(49,72,5,'2020-02-20','9999-12-31',3,0,NULL),(50,73,1,'2020-02-02','2020-02-05',4,1,'Пройдено успешно'),(50,73,2,'2020-02-05','2020-02-06',4,1,'Пройдено успешно'),(50,73,3,'2020-02-06','9999-12-31',4,0,NULL);
/*!40000 ALTER TABLE `processing` ENABLE KEYS */;
UNLOCK TABLES;

--
-- Table structure for table `relative_types`
--

DROP TABLE IF EXISTS `relative_types`;
/*!40101 SET @saved_cs_client     = @@character_set_client */;
/*!50503 SET character_set_client = utf8mb4 */;
CREATE TABLE `relative_types` (
  `id` bigint unsigned NOT NULL AUTO_INCREMENT,
  `name` varchar(16) NOT NULL,
  UNIQUE KEY `id` (`id`),
  UNIQUE KEY `name` (`name`)
) ENGINE=InnoDB AUTO_INCREMENT=9 DEFAULT CHARSET=utf8mb4 COLLATE=utf8mb4_0900_ai_ci COMMENT='Родственники';
/*!40101 SET character_set_client = @saved_cs_client */;

--
-- Dumping data for table `relative_types`
--

LOCK TABLES `relative_types` WRITE;
/*!40000 ALTER TABLE `relative_types` DISABLE KEYS */;
INSERT INTO `relative_types` VALUES (7,'Брат'),(6,'Дочь'),(4,'Жена'),(1,'Мать'),(3,'Муж'),(2,'Отец'),(8,'Сестра'),(5,'Сын');
/*!40000 ALTER TABLE `relative_types` ENABLE KEYS */;
UNLOCK TABLES;

--
-- Table structure for table `relatives`
--

DROP TABLE IF EXISTS `relatives`;
/*!40101 SET @saved_cs_client     = @@character_set_client */;
/*!50503 SET character_set_client = utf8mb4 */;
CREATE TABLE `relatives` (
  `id` bigint unsigned NOT NULL AUTO_INCREMENT,
  `resume_id` bigint unsigned NOT NULL,
  `name` varchar(128) NOT NULL COMMENT 'Имя родственника',
  `relative_type_id` bigint unsigned DEFAULT NULL,
  UNIQUE KEY `id` (`id`),
  KEY `relatives_resume_id_fk` (`resume_id`),
  KEY `relatives_relative_type_id_fk` (`relative_type_id`),
  CONSTRAINT `relatives_relative_type_id_fk` FOREIGN KEY (`relative_type_id`) REFERENCES `relative_types` (`id`),
  CONSTRAINT `relatives_resume_id_fk` FOREIGN KEY (`resume_id`) REFERENCES `resumes` (`id`)
) ENGINE=InnoDB AUTO_INCREMENT=193 DEFAULT CHARSET=utf8mb4 COLLATE=utf8mb4_0900_ai_ci COMMENT='Данные о родственниках';
/*!40101 SET character_set_client = @saved_cs_client */;

--
-- Dumping data for table `relatives`
--

LOCK TABLES `relatives` WRITE;
/*!40000 ALTER TABLE `relatives` DISABLE KEYS */;
INSERT INTO `relatives` VALUES (1,1,'ФИО родственника 11',3),(2,2,'ФИО родственника 21',1),(3,2,'ФИО родственника 22',3),(4,3,'ФИО родственника 31',6),(5,3,'ФИО родственника 32',4),(6,4,'ФИО родственника 41',4),(7,4,'ФИО родственника 42',3),(8,5,'ФИО родственника 51',2),(9,6,'ФИО родственника 61',7),(10,7,'ФИО родственника 71',3),(11,7,'ФИО родственника 72',2),(12,8,'ФИО родственника 81',3),(13,8,'ФИО родственника 82',7),(14,9,'ФИО родственника 91',5),(15,9,'ФИО родственника 92',2),(16,9,'ФИО родственника 93',3),(17,10,'ФИО родственника 101',6),(18,10,'ФИО родственника 102',6),(19,11,'ФИО родственника 111',2),(20,11,'ФИО родственника 112',5),(21,12,'ФИО родственника 121',2),(22,13,'ФИО родственника 131',5),(23,13,'ФИО родственника 132',5),(24,14,'ФИО родственника 141',1),(25,14,'ФИО родственника 142',4),(26,15,'ФИО родственника 151',2),(27,16,'ФИО родственника 161',3),(28,16,'ФИО родственника 162',7),(29,17,'ФИО родственника 171',7),(30,17,'ФИО родственника 172',2),(31,18,'ФИО родственника 181',2),(32,19,'ФИО родственника 191',6),(33,19,'ФИО родственника 192',4),(34,20,'ФИО родственника 201',2),(35,21,'ФИО родственника 211',5),(36,21,'ФИО родственника 212',5),(37,22,'ФИО родственника 221',5),(38,22,'ФИО родственника 222',6),(39,22,'ФИО родственника 223',2),(40,23,'ФИО родственника 231',2),(41,23,'ФИО родственника 232',7),(42,23,'ФИО родственника 233',7),(43,24,'ФИО родственника 241',2),(44,24,'ФИО родственника 242',4),(45,24,'ФИО родственника 243',6),(46,25,'ФИО родственника 251',4),(47,25,'ФИО родственника 252',1),(48,25,'ФИО родственника 253',2),(49,26,'ФИО родственника 261',3),(50,26,'ФИО родственника 262',4),(51,27,'ФИО родственника 271',7),(52,27,'ФИО родственника 272',1),(53,28,'ФИО родственника 281',3),(54,28,'ФИО родственника 282',1),(55,29,'ФИО родственника 291',3),(56,29,'ФИО родственника 292',5),(57,29,'ФИО родственника 293',7),(58,30,'ФИО родственника 301',2),(59,30,'ФИО родственника 302',2),(60,31,'ФИО родственника 311',1),(61,31,'ФИО родственника 312',7),(62,31,'ФИО родственника 313',3),(63,32,'ФИО родственника 321',3),(64,33,'ФИО родственника 331',2),(65,33,'ФИО родственника 332',6),(66,34,'ФИО родственника 341',3),(67,34,'ФИО родственника 342',3),(68,35,'ФИО родственника 351',3),(69,35,'ФИО родственника 352',7),(70,35,'ФИО родственника 353',2),(71,36,'ФИО родственника 361',5),(72,36,'ФИО родственника 362',2),(73,36,'ФИО родственника 363',2),(74,37,'ФИО родственника 371',4),(75,38,'ФИО родственника 381',3),(76,38,'ФИО родственника 382',5),(77,38,'ФИО родственника 383',3),(78,39,'ФИО родственника 391',5),(79,39,'ФИО родственника 392',4),(80,40,'ФИО родственника 401',5),(81,40,'ФИО родственника 402',5),(82,40,'ФИО родственника 403',3),(83,41,'ФИО родственника 411',3),(84,41,'ФИО родственника 412',7),(85,41,'ФИО родственника 413',3),(86,42,'ФИО родственника 421',2),(87,43,'ФИО родственника 431',7),(88,43,'ФИО родственника 432',2),(89,43,'ФИО родственника 433',6),(90,44,'ФИО родственника 441',3),(91,44,'ФИО родственника 442',4),(92,44,'ФИО родственника 443',1),(93,45,'ФИО родственника 451',4),(94,46,'ФИО родственника 461',4),(95,47,'ФИО родственника 471',7),(96,47,'ФИО родственника 472',7),(97,47,'ФИО родственника 473',3),(98,48,'ФИО родственника 481',1),(99,48,'ФИО родственника 482',1),(100,49,'ФИО родственника 491',7),(101,49,'ФИО родственника 492',1),(102,49,'ФИО родственника 493',6),(103,50,'ФИО родственника 501',5),(104,50,'ФИО родственника 502',2),(105,51,'ФИО родственника 511',4),(106,52,'ФИО родственника 521',3),(107,52,'ФИО родственника 522',4),(108,52,'ФИО родственника 523',3),(109,53,'ФИО родственника 531',4),(110,54,'ФИО родственника 541',1),(111,55,'ФИО родственника 551',2),(112,55,'ФИО родственника 552',4),(113,56,'ФИО родственника 561',7),(114,56,'ФИО родственника 562',6),(115,56,'ФИО родственника 563',5),(116,57,'ФИО родственника 571',4),(117,57,'ФИО родственника 572',1),(118,58,'ФИО родственника 581',3),(119,58,'ФИО родственника 582',1),(120,58,'ФИО родственника 583',6),(121,59,'ФИО родственника 591',5),(122,59,'ФИО родственника 592',1),(123,59,'ФИО родственника 593',4),(124,60,'ФИО родственника 601',7),(125,61,'ФИО родственника 611',4),(126,61,'ФИО родственника 612',1),(127,62,'ФИО родственника 621',7),(128,63,'ФИО родственника 631',6),(129,63,'ФИО родственника 632',7),(130,63,'ФИО родственника 633',5),(131,64,'ФИО родственника 641',5),(132,65,'ФИО родственника 651',2),(133,65,'ФИО родственника 652',5),(134,66,'ФИО родственника 661',7),(135,67,'ФИО родственника 671',1),(136,67,'ФИО родственника 672',6),(137,68,'ФИО родственника 681',5),(138,68,'ФИО родственника 682',6),(139,68,'ФИО родственника 683',1),(140,69,'ФИО родственника 691',6),(141,69,'ФИО родственника 692',4),(142,69,'ФИО родственника 693',1),(143,70,'ФИО родственника 701',3),(144,70,'ФИО родственника 702',7),(145,70,'ФИО родственника 703',5),(146,71,'ФИО родственника 711',7),(147,72,'ФИО родственника 721',6),(148,73,'ФИО родственника 731',1),(149,73,'ФИО родственника 732',3),(150,73,'ФИО родственника 733',4),(151,74,'ФИО родственника 741',2),(152,74,'ФИО родственника 742',1),(153,75,'ФИО родственника 751',2),(154,76,'ФИО родственника 761',3),(155,77,'ФИО родственника 771',7),(156,77,'ФИО родственника 772',5),(157,78,'ФИО родственника 781',2),(158,78,'ФИО родственника 782',5),(159,78,'ФИО родственника 783',3),(160,79,'ФИО родственника 791',3),(161,79,'ФИО родственника 792',3),(162,79,'ФИО родственника 793',5),(163,80,'ФИО родственника 801',6),(164,80,'ФИО родственника 802',5),(165,81,'ФИО родственника 811',2),(166,82,'ФИО родственника 821',6),(167,83,'ФИО родственника 831',3),(168,83,'ФИО родственника 832',7),(169,84,'ФИО родственника 841',2),(170,85,'ФИО родственника 851',3),(171,86,'ФИО родственника 861',6),(172,87,'ФИО родственника 871',1),(173,88,'ФИО родственника 881',1),(174,88,'ФИО родственника 882',4),(175,88,'ФИО родственника 883',6),(176,89,'ФИО родственника 891',1),(177,90,'ФИО родственника 901',7),(178,91,'ФИО родственника 911',6),(179,91,'ФИО родственника 912',1),(180,92,'ФИО родственника 921',1),(181,92,'ФИО родственника 922',5),(182,92,'ФИО родственника 923',6),(183,93,'ФИО родственника 931',5),(184,93,'ФИО родственника 932',6),(185,94,'ФИО родственника 941',4),(186,95,'ФИО родственника 951',4),(187,96,'ФИО родственника 961',3),(188,97,'ФИО родственника 971',1),(189,97,'ФИО родственника 972',1),(190,97,'ФИО родственника 973',7),(191,98,'ФИО родственника 981',6),(192,98,'ФИО родственника 982',2);
/*!40000 ALTER TABLE `relatives` ENABLE KEYS */;
UNLOCK TABLES;

--
-- Table structure for table `requests`
--

DROP TABLE IF EXISTS `requests`;
/*!40101 SET @saved_cs_client     = @@character_set_client */;
/*!50503 SET character_set_client = utf8mb4 */;
CREATE TABLE `requests` (
  `id` bigint unsigned NOT NULL AUTO_INCREMENT,
  `staff_id` bigint unsigned DEFAULT NULL COMMENT 'Идентификатор вакантной должности',
  `activity_id` bigint unsigned DEFAULT NULL COMMENT 'Идентификатор направления деятельности',
  `created_at` datetime DEFAULT CURRENT_TIMESTAMP,
  `closed_at` datetime DEFAULT '9999-12-31 00:00:00',
  UNIQUE KEY `id` (`id`),
  KEY `requests_staff_id_fk` (`staff_id`),
  KEY `requests_activity_id_fk` (`activity_id`),
  CONSTRAINT `requests_activity_id_fk` FOREIGN KEY (`activity_id`) REFERENCES `activities` (`id`),
  CONSTRAINT `requests_staff_id_fk` FOREIGN KEY (`staff_id`) REFERENCES `staff_table` (`id`)
) ENGINE=InnoDB AUTO_INCREMENT=64 DEFAULT CHARSET=utf8mb4 COLLATE=utf8mb4_0900_ai_ci COMMENT='заявка на подбор';
/*!40101 SET character_set_client = @saved_cs_client */;

--
-- Dumping data for table `requests`
--

LOCK TABLES `requests` WRITE;
/*!40000 ALTER TABLE `requests` DISABLE KEYS */;
INSERT INTO `requests` VALUES (1,1,17,'2020-02-01 00:00:00','9999-12-31 00:00:00'),(2,2,11,'2020-02-01 00:00:00','9999-12-31 00:00:00'),(3,4,3,'2020-02-01 00:00:00','9999-12-31 00:00:00'),(4,5,7,'2020-02-01 00:00:00','9999-12-31 00:00:00'),(5,7,25,'2020-02-01 00:00:00','9999-12-31 00:00:00'),(6,8,5,'2020-02-01 00:00:00','9999-12-31 00:00:00'),(7,11,23,'2020-02-01 00:00:00','9999-12-31 00:00:00'),(8,13,1,'2020-02-01 00:00:00','9999-12-31 00:00:00'),(9,14,11,'2020-02-01 00:00:00','9999-12-31 00:00:00'),(10,15,2,'2020-02-01 00:00:00','9999-12-31 00:00:00'),(11,16,24,'2020-02-01 00:00:00','9999-12-31 00:00:00'),(12,17,13,'2020-02-01 00:00:00','9999-12-31 00:00:00'),(13,18,19,'2020-02-01 00:00:00','9999-12-31 00:00:00'),(14,19,7,'2020-02-01 00:00:00','9999-12-31 00:00:00'),(15,20,1,'2020-02-01 00:00:00','9999-12-31 00:00:00'),(16,21,8,'2020-02-01 00:00:00','9999-12-31 00:00:00'),(17,22,12,'2020-02-01 00:00:00','9999-12-31 00:00:00'),(18,23,11,'2020-02-01 00:00:00','9999-12-31 00:00:00'),(19,24,17,'2020-02-01 00:00:00','9999-12-31 00:00:00'),(20,25,25,'2020-02-01 00:00:00','9999-12-31 00:00:00'),(21,26,2,'2020-02-01 00:00:00','9999-12-31 00:00:00'),(22,27,7,'2020-02-01 00:00:00','9999-12-31 00:00:00'),(23,28,5,'2020-02-01 00:00:00','9999-12-31 00:00:00'),(24,29,4,'2020-02-01 00:00:00','9999-12-31 00:00:00'),(25,30,5,'2020-02-01 00:00:00','9999-12-31 00:00:00'),(26,31,12,'2020-02-01 00:00:00','9999-12-31 00:00:00'),(27,32,20,'2020-02-01 00:00:00','9999-12-31 00:00:00'),(28,33,12,'2020-02-01 00:00:00','9999-12-31 00:00:00'),(29,34,24,'2020-02-01 00:00:00','9999-12-31 00:00:00'),(30,35,11,'2020-02-01 00:00:00','9999-12-31 00:00:00'),(31,36,4,'2020-02-01 00:00:00','9999-12-31 00:00:00'),(32,37,14,'2020-02-01 00:00:00','9999-12-31 00:00:00'),(33,38,8,'2020-02-01 00:00:00','9999-12-31 00:00:00'),(34,39,23,'2020-02-01 00:00:00','9999-12-31 00:00:00'),(35,40,17,'2020-02-01 00:00:00','9999-12-31 00:00:00'),(36,41,12,'2020-02-01 00:00:00','9999-12-31 00:00:00'),(37,42,11,'2020-02-01 00:00:00','9999-12-31 00:00:00'),(38,43,17,'2020-02-01 00:00:00','9999-12-31 00:00:00'),(39,44,3,'2020-02-01 00:00:00','9999-12-31 00:00:00'),(40,45,13,'2020-02-01 00:00:00','9999-12-31 00:00:00'),(41,46,4,'2020-02-01 00:00:00','9999-12-31 00:00:00'),(42,47,8,'2020-02-01 00:00:00','9999-12-31 00:00:00'),(43,48,1,'2020-02-01 00:00:00','9999-12-31 00:00:00'),(44,49,7,'2020-02-01 00:00:00','9999-12-31 00:00:00'),(45,50,7,'2020-02-01 00:00:00','9999-12-31 00:00:00'),(46,51,14,'2020-02-01 00:00:00','9999-12-31 00:00:00'),(47,52,24,'2020-02-01 00:00:00','9999-12-31 00:00:00'),(48,53,3,'2020-02-01 00:00:00','9999-12-31 00:00:00'),(49,54,18,'2020-02-01 00:00:00','9999-12-31 00:00:00'),(50,55,6,'2020-02-01 00:00:00','9999-12-31 00:00:00');
/*!40000 ALTER TABLE `requests` ENABLE KEYS */;
UNLOCK TABLES;

--
-- Table structure for table `requests_detail`
--

DROP TABLE IF EXISTS `requests_detail`;
/*!40101 SET @saved_cs_client     = @@character_set_client */;
/*!50503 SET character_set_client = utf8mb4 */;
CREATE TABLE `requests_detail` (
  `request_id` bigint unsigned NOT NULL,
  `edu_id` bigint unsigned DEFAULT NULL COMMENT 'Требование к образованию',
  `experience` tinyint unsigned DEFAULT NULL COMMENT 'Требования к стажу',
  `language` varchar(32) DEFAULT NULL COMMENT 'Иностранный язык',
  `foreign_level_id` bigint unsigned DEFAULT NULL COMMENT 'Требование к уровню знания иностранного языка',
  `special_skills` text COMMENT 'Специальные умения и навыки',
  PRIMARY KEY (`request_id`),
  KEY `requests_detail_edu_id_fk` (`edu_id`),
  KEY `requests_detail_foreign_level_id_fk` (`foreign_level_id`),
  CONSTRAINT `requests_detail_edu_id_fk` FOREIGN KEY (`edu_id`) REFERENCES `edu_types` (`id`),
  CONSTRAINT `requests_detail_foreign_level_id_fk` FOREIGN KEY (`foreign_level_id`) REFERENCES `foreign_levels` (`id`),
  CONSTRAINT `requests_detail_recuest_id_fk` FOREIGN KEY (`request_id`) REFERENCES `requests` (`id`)
) ENGINE=InnoDB DEFAULT CHARSET=utf8mb4 COLLATE=utf8mb4_0900_ai_ci COMMENT='Детальные требования к должности';
/*!40101 SET character_set_client = @saved_cs_client */;

--
-- Dumping data for table `requests_detail`
--

LOCK TABLES `requests_detail` WRITE;
/*!40000 ALTER TABLE `requests_detail` DISABLE KEYS */;
INSERT INTO `requests_detail` VALUES (1,6,2,'Английский',9,'Навыки подготовки внутренних документов, ведения деловой переписки, аналитической работы'),(2,3,2,'Немецкий',3,'Высокий уровень владения стандартными приложениями MS Office (Word, Excel, PowerPoint и др.)'),(3,1,8,'Китиайский',3,'Способность оперативной обработки значительного объёма материала, обучаемость, логический склад ума'),(4,2,5,'Английский',4,'Навыки подготовки внутренних документов, ведения деловой переписки, аналитической работы'),(5,3,4,'Немецкий',3,'Высокий уровень владения стандартными приложениями MS Office (Word, Excel, PowerPoint и др.)'),(6,3,10,'Китиайский',6,'Способность оперативной обработки значительного объёма материала, обучаемость, логический склад ума'),(7,3,3,'Английский',8,'Навыки подготовки внутренних документов, ведения деловой переписки, аналитической работы'),(8,3,5,'Немецкий',9,'Высокий уровень владения стандартными приложениями MS Office (Word, Excel, PowerPoint и др.)'),(9,5,7,'Китиайский',9,'Способность оперативной обработки значительного объёма материала, обучаемость, логический склад ума'),(10,5,2,'Английский',4,'Навыки подготовки внутренних документов, ведения деловой переписки, аналитической работы'),(11,3,9,'Немецкий',2,'Высокий уровень владения стандартными приложениями MS Office (Word, Excel, PowerPoint и др.)'),(12,2,9,'Китиайский',5,'Способность оперативной обработки значительного объёма материала, обучаемость, логический склад ума'),(13,6,5,'Английский',1,'Навыки подготовки внутренних документов, ведения деловой переписки, аналитической работы'),(14,6,8,'Немецкий',9,'Высокий уровень владения стандартными приложениями MS Office (Word, Excel, PowerPoint и др.)'),(15,4,9,'Китиайский',5,'Способность оперативной обработки значительного объёма материала, обучаемость, логический склад ума'),(16,6,4,'Английский',7,'Навыки подготовки внутренних документов, ведения деловой переписки, аналитической работы'),(17,4,10,'Немецкий',7,'Высокий уровень владения стандартными приложениями MS Office (Word, Excel, PowerPoint и др.)'),(18,1,2,'Китиайский',5,'Способность оперативной обработки значительного объёма материала, обучаемость, логический склад ума'),(19,6,9,'Английский',6,'Навыки подготовки внутренних документов, ведения деловой переписки, аналитической работы'),(20,5,9,'Немецкий',1,'Высокий уровень владения стандартными приложениями MS Office (Word, Excel, PowerPoint и др.)'),(21,4,2,'Китиайский',7,'Способность оперативной обработки значительного объёма материала, обучаемость, логический склад ума'),(22,6,9,'Английский',5,'Навыки подготовки внутренних документов, ведения деловой переписки, аналитической работы'),(23,5,3,'Немецкий',9,'Высокий уровень владения стандартными приложениями MS Office (Word, Excel, PowerPoint и др.)'),(24,1,3,'Китиайский',1,'Способность оперативной обработки значительного объёма материала, обучаемость, логический склад ума'),(25,4,6,'Английский',2,'Навыки подготовки внутренних документов, ведения деловой переписки, аналитической работы'),(26,1,4,'Немецкий',1,'Высокий уровень владения стандартными приложениями MS Office (Word, Excel, PowerPoint и др.)'),(27,3,10,'Китиайский',5,'Способность оперативной обработки значительного объёма материала, обучаемость, логический склад ума'),(28,5,10,'Английский',5,'Навыки подготовки внутренних документов, ведения деловой переписки, аналитической работы'),(29,6,8,'Немецкий',3,'Высокий уровень владения стандартными приложениями MS Office (Word, Excel, PowerPoint и др.)'),(30,1,5,'Китиайский',3,'Способность оперативной обработки значительного объёма материала, обучаемость, логический склад ума'),(31,5,10,'Английский',5,'Навыки подготовки внутренних документов, ведения деловой переписки, аналитической работы'),(32,5,3,'Немецкий',9,'Высокий уровень владения стандартными приложениями MS Office (Word, Excel, PowerPoint и др.)'),(33,1,3,'Китиайский',1,'Способность оперативной обработки значительного объёма материала, обучаемость, логический склад ума'),(34,4,6,'Английский',1,'Навыки подготовки внутренних документов, ведения деловой переписки, аналитической работы'),(35,4,9,'Немецкий',7,'Высокий уровень владения стандартными приложениями MS Office (Word, Excel, PowerPoint и др.)'),(36,5,5,'Китиайский',3,'Способность оперативной обработки значительного объёма материала, обучаемость, логический склад ума'),(37,6,8,'Английский',1,'Навыки подготовки внутренних документов, ведения деловой переписки, аналитической работы'),(38,1,4,'Немецкий',5,'Высокий уровень владения стандартными приложениями MS Office (Word, Excel, PowerPoint и др.)'),(39,1,5,'Китиайский',8,'Способность оперативной обработки значительного объёма материала, обучаемость, логический склад ума'),(40,6,2,'Английский',8,'Навыки подготовки внутренних документов, ведения деловой переписки, аналитической работы'),(41,5,6,'Немецкий',3,'Высокий уровень владения стандартными приложениями MS Office (Word, Excel, PowerPoint и др.)'),(42,4,4,'Китиайский',9,'Способность оперативной обработки значительного объёма материала, обучаемость, логический склад ума'),(43,3,7,'Английский',7,'Навыки подготовки внутренних документов, ведения деловой переписки, аналитической работы'),(44,6,3,'Немецкий',4,'Высокий уровень владения стандартными приложениями MS Office (Word, Excel, PowerPoint и др.)'),(45,3,2,'Китиайский',3,'Способность оперативной обработки значительного объёма материала, обучаемость, логический склад ума'),(46,6,10,'Английский',7,'Навыки подготовки внутренних документов, ведения деловой переписки, аналитической работы'),(47,1,9,'Немецкий',2,'Высокий уровень владения стандартными приложениями MS Office (Word, Excel, PowerPoint и др.)'),(48,3,8,'Китиайский',2,'Способность оперативной обработки значительного объёма материала, обучаемость, логический склад ума'),(49,5,5,'Английский',9,'Навыки подготовки внутренних документов, ведения деловой переписки, аналитической работы'),(50,1,1,'Немецкий',8,'Высокий уровень владения стандартными приложениями MS Office (Word, Excel, PowerPoint и др.)');
/*!40000 ALTER TABLE `requests_detail` ENABLE KEYS */;
UNLOCK TABLES;

--
-- Table structure for table `resume_docs`
--

DROP TABLE IF EXISTS `resume_docs`;
/*!40101 SET @saved_cs_client     = @@character_set_client */;
/*!50503 SET character_set_client = utf8mb4 */;
CREATE TABLE `resume_docs` (
  `resume_id` bigint unsigned NOT NULL,
  `doc_type_id` bigint unsigned NOT NULL COMMENT 'Тип документа',
  `doc_path` varchar(255) DEFAULT NULL,
  PRIMARY KEY (`resume_id`,`doc_type_id`),
  KEY `resume_docs_doc_type_id_fk` (`doc_type_id`),
  CONSTRAINT `resume_docs_doc_type_id_fk` FOREIGN KEY (`doc_type_id`) REFERENCES `doc_types` (`id`),
  CONSTRAINT `resume_docs_resume_id_fk` FOREIGN KEY (`resume_id`) REFERENCES `resumes` (`id`)
) ENGINE=InnoDB DEFAULT CHARSET=utf8mb4 COLLATE=utf8mb4_0900_ai_ci COMMENT='Перечень документов кандидата';
/*!40101 SET character_set_client = @saved_cs_client */;

--
-- Dumping data for table `resume_docs`
--

LOCK TABLES `resume_docs` WRITE;
/*!40000 ALTER TABLE `resume_docs` DISABLE KEYS */;
INSERT INTO `resume_docs` VALUES (1,7,'http:/hrportal.ru/docs/Заграничный паспорт11.pdf'),(2,2,'http:/hrportal.ru/docs/Аттесстат22.pdf'),(2,5,'http:/hrportal.ru/docs/Свидетельство21.pdf'),(3,8,'http:/hrportal.ru/docs/Свидетельство ИНН32.pdf'),(3,9,'http:/hrportal.ru/docs/СНИЛС35.pdf'),(3,10,'http:/hrportal.ru/docs/Автобиография31.pdf'),(3,11,'http:/hrportal.ru/docs/Трудовая книжка34.pdf'),(3,13,'http:/hrportal.ru/docs/Самопрезентация36.pdf'),(4,3,'http:/hrportal.ru/docs/Диплом45.pdf'),(4,4,'http:/hrportal.ru/docs/Сертификат41.pdf'),(4,7,'http:/hrportal.ru/docs/Заграничный паспорт42.pdf'),(4,9,'http:/hrportal.ru/docs/СНИЛС48.pdf'),(4,11,'http:/hrportal.ru/docs/Трудовая книжка49.pdf'),(4,13,'http:/hrportal.ru/docs/Самопрезентация44.pdf'),(5,1,'http:/hrportal.ru/docs/Справка59.pdf'),(5,3,'http:/hrportal.ru/docs/Диплом510.pdf'),(5,4,'http:/hrportal.ru/docs/Сертификат52.pdf'),(5,6,'http:/hrportal.ru/docs/Паспорт РФ51.pdf'),(5,7,'http:/hrportal.ru/docs/Заграничный паспорт57.pdf'),(5,8,'http:/hrportal.ru/docs/Свидетельство ИНН55.pdf'),(5,10,'http:/hrportal.ru/docs/Автобиография58.pdf'),(5,12,'http:/hrportal.ru/docs/Военный билет54.pdf'),(5,13,'http:/hrportal.ru/docs/Самопрезентация53.pdf'),(6,6,'http:/hrportal.ru/docs/Паспорт РФ61.pdf'),(7,2,'http:/hrportal.ru/docs/Аттесстат711.pdf'),(7,3,'http:/hrportal.ru/docs/Диплом713.pdf'),(7,5,'http:/hrportal.ru/docs/Свидетельство76.pdf'),(7,6,'http:/hrportal.ru/docs/Паспорт РФ79.pdf'),(7,7,'http:/hrportal.ru/docs/Заграничный паспорт75.pdf'),(7,8,'http:/hrportal.ru/docs/Свидетельство ИНН72.pdf'),(7,10,'http:/hrportal.ru/docs/Автобиография71.pdf'),(7,14,'http:/hrportal.ru/docs/Согласие на обработку персональных данных74.pdf'),(8,1,'http:/hrportal.ru/docs/Справка81.pdf'),(8,9,'http:/hrportal.ru/docs/СНИЛС82.pdf'),(8,10,'http:/hrportal.ru/docs/Автобиография84.pdf'),(8,13,'http:/hrportal.ru/docs/Самопрезентация83.pdf'),(9,1,'http:/hrportal.ru/docs/Справка99.pdf'),(9,2,'http:/hrportal.ru/docs/Аттесстат94.pdf'),(9,3,'http:/hrportal.ru/docs/Диплом93.pdf'),(9,9,'http:/hrportal.ru/docs/СНИЛС97.pdf'),(9,11,'http:/hrportal.ru/docs/Трудовая книжка910.pdf'),(9,13,'http:/hrportal.ru/docs/Самопрезентация91.pdf'),(9,14,'http:/hrportal.ru/docs/Согласие на обработку персональных данных92.pdf'),(10,6,'http:/hrportal.ru/docs/Паспорт РФ102.pdf'),(10,9,'http:/hrportal.ru/docs/СНИЛС104.pdf'),(10,10,'http:/hrportal.ru/docs/Автобиография105.pdf'),(10,11,'http:/hrportal.ru/docs/Трудовая книжка101.pdf'),(10,13,'http:/hrportal.ru/docs/Самопрезентация107.pdf'),(11,1,'http:/hrportal.ru/docs/Справка113.pdf'),(11,6,'http:/hrportal.ru/docs/Паспорт РФ119.pdf'),(11,7,'http:/hrportal.ru/docs/Заграничный паспорт115.pdf'),(11,8,'http:/hrportal.ru/docs/Свидетельство ИНН114.pdf'),(11,9,'http:/hrportal.ru/docs/СНИЛС112.pdf'),(11,10,'http:/hrportal.ru/docs/Автобиография117.pdf'),(11,14,'http:/hrportal.ru/docs/Согласие на обработку персональных данных111.pdf'),(12,1,'http:/hrportal.ru/docs/Справка121.pdf'),(12,2,'http:/hrportal.ru/docs/Аттесстат122.pdf'),(12,3,'http:/hrportal.ru/docs/Диплом124.pdf'),(12,4,'http:/hrportal.ru/docs/Сертификат125.pdf'),(12,5,'http:/hrportal.ru/docs/Свидетельство128.pdf'),(12,8,'http:/hrportal.ru/docs/Свидетельство ИНН123.pdf'),(12,9,'http:/hrportal.ru/docs/СНИЛС1210.pdf'),(12,10,'http:/hrportal.ru/docs/Автобиография126.pdf'),(12,11,'http:/hrportal.ru/docs/Трудовая книжка129.pdf'),(12,12,'http:/hrportal.ru/docs/Военный билет1211.pdf'),(13,5,'http:/hrportal.ru/docs/Свидетельство131.pdf'),(13,6,'http:/hrportal.ru/docs/Паспорт РФ136.pdf'),(13,8,'http:/hrportal.ru/docs/Свидетельство ИНН132.pdf'),(13,10,'http:/hrportal.ru/docs/Автобиография133.pdf'),(13,11,'http:/hrportal.ru/docs/Трудовая книжка134.pdf'),(14,1,'http:/hrportal.ru/docs/Справка141.pdf'),(14,2,'http:/hrportal.ru/docs/Аттесстат149.pdf'),(14,3,'http:/hrportal.ru/docs/Диплом143.pdf'),(14,5,'http:/hrportal.ru/docs/Свидетельство1411.pdf'),(14,7,'http:/hrportal.ru/docs/Заграничный паспорт146.pdf'),(14,10,'http:/hrportal.ru/docs/Автобиография142.pdf'),(14,11,'http:/hrportal.ru/docs/Трудовая книжка1410.pdf'),(14,12,'http:/hrportal.ru/docs/Военный билет145.pdf'),(14,13,'http:/hrportal.ru/docs/Самопрезентация144.pdf'),(14,14,'http:/hrportal.ru/docs/Согласие на обработку персональных данных148.pdf'),(15,1,'http:/hrportal.ru/docs/Справка154.pdf'),(15,2,'http:/hrportal.ru/docs/Аттесстат152.pdf'),(15,5,'http:/hrportal.ru/docs/Свидетельство157.pdf'),(15,6,'http:/hrportal.ru/docs/Паспорт РФ156.pdf'),(15,7,'http:/hrportal.ru/docs/Заграничный паспорт153.pdf'),(15,10,'http:/hrportal.ru/docs/Автобиография151.pdf'),(15,12,'http:/hrportal.ru/docs/Военный билет1510.pdf'),(15,13,'http:/hrportal.ru/docs/Самопрезентация155.pdf'),(16,1,'http:/hrportal.ru/docs/Справка169.pdf'),(16,2,'http:/hrportal.ru/docs/Аттесстат1612.pdf'),(16,4,'http:/hrportal.ru/docs/Сертификат167.pdf'),(16,5,'http:/hrportal.ru/docs/Свидетельство162.pdf'),(16,6,'http:/hrportal.ru/docs/Паспорт РФ1611.pdf'),(16,8,'http:/hrportal.ru/docs/Свидетельство ИНН166.pdf'),(16,11,'http:/hrportal.ru/docs/Трудовая книжка163.pdf'),(16,12,'http:/hrportal.ru/docs/Военный билет164.pdf'),(16,13,'http:/hrportal.ru/docs/Самопрезентация1610.pdf'),(16,14,'http:/hrportal.ru/docs/Согласие на обработку персональных данных161.pdf'),(17,3,'http:/hrportal.ru/docs/Диплом177.pdf'),(17,4,'http:/hrportal.ru/docs/Сертификат174.pdf'),(17,5,'http:/hrportal.ru/docs/Свидетельство179.pdf'),(17,7,'http:/hrportal.ru/docs/Заграничный паспорт171.pdf'),(17,8,'http:/hrportal.ru/docs/Свидетельство ИНН175.pdf'),(17,9,'http:/hrportal.ru/docs/СНИЛС172.pdf'),(17,11,'http:/hrportal.ru/docs/Трудовая книжка176.pdf'),(17,12,'http:/hrportal.ru/docs/Военный билет178.pdf'),(18,4,'http:/hrportal.ru/docs/Сертификат181.pdf'),(18,5,'http:/hrportal.ru/docs/Свидетельство183.pdf'),(18,6,'http:/hrportal.ru/docs/Паспорт РФ182.pdf'),(19,2,'http:/hrportal.ru/docs/Аттесстат197.pdf'),(19,3,'http:/hrportal.ru/docs/Диплом195.pdf'),(19,4,'http:/hrportal.ru/docs/Сертификат192.pdf'),(19,5,'http:/hrportal.ru/docs/Свидетельство196.pdf'),(19,8,'http:/hrportal.ru/docs/Свидетельство ИНН194.pdf'),(19,10,'http:/hrportal.ru/docs/Автобиография198.pdf'),(19,11,'http:/hrportal.ru/docs/Трудовая книжка191.pdf'),(19,12,'http:/hrportal.ru/docs/Военный билет193.pdf'),(20,1,'http:/hrportal.ru/docs/Справка208.pdf'),(20,3,'http:/hrportal.ru/docs/Диплом2013.pdf'),(20,4,'http:/hrportal.ru/docs/Сертификат2010.pdf'),(20,5,'http:/hrportal.ru/docs/Свидетельство203.pdf'),(20,7,'http:/hrportal.ru/docs/Заграничный паспорт201.pdf'),(20,8,'http:/hrportal.ru/docs/Свидетельство ИНН202.pdf'),(20,9,'http:/hrportal.ru/docs/СНИЛС207.pdf'),(20,11,'http:/hrportal.ru/docs/Трудовая книжка205.pdf'),(20,12,'http:/hrportal.ru/docs/Военный билет2012.pdf'),(20,13,'http:/hrportal.ru/docs/Самопрезентация2011.pdf'),(20,14,'http:/hrportal.ru/docs/Согласие на обработку персональных данных204.pdf'),(21,3,'http:/hrportal.ru/docs/Диплом215.pdf'),(21,7,'http:/hrportal.ru/docs/Заграничный паспорт213.pdf'),(21,8,'http:/hrportal.ru/docs/Свидетельство ИНН212.pdf'),(21,11,'http:/hrportal.ru/docs/Трудовая книжка211.pdf'),(21,13,'http:/hrportal.ru/docs/Самопрезентация217.pdf'),(22,1,'http:/hrportal.ru/docs/Справка224.pdf'),(22,3,'http:/hrportal.ru/docs/Диплом221.pdf'),(22,4,'http:/hrportal.ru/docs/Сертификат2213.pdf'),(22,6,'http:/hrportal.ru/docs/Паспорт РФ227.pdf'),(22,7,'http:/hrportal.ru/docs/Заграничный паспорт228.pdf'),(22,8,'http:/hrportal.ru/docs/Свидетельство ИНН226.pdf'),(22,11,'http:/hrportal.ru/docs/Трудовая книжка225.pdf'),(22,12,'http:/hrportal.ru/docs/Военный билет2211.pdf'),(22,14,'http:/hrportal.ru/docs/Согласие на обработку персональных данных222.pdf'),(23,1,'http:/hrportal.ru/docs/Справка238.pdf'),(23,2,'http:/hrportal.ru/docs/Аттесстат237.pdf'),(23,3,'http:/hrportal.ru/docs/Диплом233.pdf'),(23,4,'http:/hrportal.ru/docs/Сертификат2310.pdf'),(23,5,'http:/hrportal.ru/docs/Свидетельство232.pdf'),(23,7,'http:/hrportal.ru/docs/Заграничный паспорт231.pdf'),(23,10,'http:/hrportal.ru/docs/Автобиография235.pdf'),(23,11,'http:/hrportal.ru/docs/Трудовая книжка2311.pdf'),(23,12,'http:/hrportal.ru/docs/Военный билет234.pdf'),(23,13,'http:/hrportal.ru/docs/Самопрезентация239.pdf'),(23,14,'http:/hrportal.ru/docs/Согласие на обработку персональных данных2312.pdf'),(24,5,'http:/hrportal.ru/docs/Свидетельство241.pdf'),(24,6,'http:/hrportal.ru/docs/Паспорт РФ247.pdf'),(24,7,'http:/hrportal.ru/docs/Заграничный паспорт244.pdf'),(24,8,'http:/hrportal.ru/docs/Свидетельство ИНН242.pdf'),(24,11,'http:/hrportal.ru/docs/Трудовая книжка245.pdf'),(24,12,'http:/hrportal.ru/docs/Военный билет243.pdf'),(24,13,'http:/hrportal.ru/docs/Самопрезентация2410.pdf'),(25,10,'http:/hrportal.ru/docs/Автобиография252.pdf'),(25,12,'http:/hrportal.ru/docs/Военный билет251.pdf'),(26,2,'http:/hrportal.ru/docs/Аттесстат261.pdf'),(27,5,'http:/hrportal.ru/docs/Свидетельство275.pdf'),(27,7,'http:/hrportal.ru/docs/Заграничный паспорт272.pdf'),(27,10,'http:/hrportal.ru/docs/Автобиография274.pdf'),(27,11,'http:/hrportal.ru/docs/Трудовая книжка271.pdf'),(27,14,'http:/hrportal.ru/docs/Согласие на обработку персональных данных273.pdf'),(28,2,'http:/hrportal.ru/docs/Аттесстат282.pdf'),(28,4,'http:/hrportal.ru/docs/Сертификат283.pdf'),(28,6,'http:/hrportal.ru/docs/Паспорт РФ281.pdf'),(29,1,'http:/hrportal.ru/docs/Справка297.pdf'),(29,2,'http:/hrportal.ru/docs/Аттесстат296.pdf'),(29,7,'http:/hrportal.ru/docs/Заграничный паспорт292.pdf'),(29,9,'http:/hrportal.ru/docs/СНИЛС298.pdf'),(29,11,'http:/hrportal.ru/docs/Трудовая книжка293.pdf'),(29,13,'http:/hrportal.ru/docs/Самопрезентация291.pdf'),(30,2,'http:/hrportal.ru/docs/Аттесстат303.pdf'),(30,9,'http:/hrportal.ru/docs/СНИЛС301.pdf'),(30,10,'http:/hrportal.ru/docs/Автобиография304.pdf'),(30,14,'http:/hrportal.ru/docs/Согласие на обработку персональных данных302.pdf'),(31,1,'http:/hrportal.ru/docs/Справка311.pdf'),(31,4,'http:/hrportal.ru/docs/Сертификат317.pdf'),(31,8,'http:/hrportal.ru/docs/Свидетельство ИНН315.pdf'),(31,12,'http:/hrportal.ru/docs/Военный билет312.pdf'),(31,13,'http:/hrportal.ru/docs/Самопрезентация313.pdf'),(32,2,'http:/hrportal.ru/docs/Аттесстат325.pdf'),(32,5,'http:/hrportal.ru/docs/Свидетельство321.pdf'),(32,8,'http:/hrportal.ru/docs/Свидетельство ИНН322.pdf'),(32,9,'http:/hrportal.ru/docs/СНИЛС324.pdf'),(32,10,'http:/hrportal.ru/docs/Автобиография323.pdf'),(33,1,'http:/hrportal.ru/docs/Справка3311.pdf'),(33,3,'http:/hrportal.ru/docs/Диплом337.pdf'),(33,5,'http:/hrportal.ru/docs/Свидетельство339.pdf'),(33,7,'http:/hrportal.ru/docs/Заграничный паспорт332.pdf'),(33,9,'http:/hrportal.ru/docs/СНИЛС333.pdf'),(33,11,'http:/hrportal.ru/docs/Трудовая книжка334.pdf'),(33,12,'http:/hrportal.ru/docs/Военный билет335.pdf'),(33,13,'http:/hrportal.ru/docs/Самопрезентация331.pdf'),(33,14,'http:/hrportal.ru/docs/Согласие на обработку персональных данных338.pdf'),(34,1,'http:/hrportal.ru/docs/Справка343.pdf'),(34,2,'http:/hrportal.ru/docs/Аттесстат344.pdf'),(34,4,'http:/hrportal.ru/docs/Сертификат341.pdf'),(34,5,'http:/hrportal.ru/docs/Свидетельство342.pdf'),(35,1,'http:/hrportal.ru/docs/Справка352.pdf'),(35,6,'http:/hrportal.ru/docs/Паспорт РФ351.pdf'),(35,8,'http:/hrportal.ru/docs/Свидетельство ИНН354.pdf'),(35,13,'http:/hrportal.ru/docs/Самопрезентация353.pdf'),(35,14,'http:/hrportal.ru/docs/Согласие на обработку персональных данных355.pdf'),(36,6,'http:/hrportal.ru/docs/Паспорт РФ361.pdf'),(37,1,'http:/hrportal.ru/docs/Справка371.pdf'),(37,2,'http:/hrportal.ru/docs/Аттесстат373.pdf'),(37,3,'http:/hrportal.ru/docs/Диплом375.pdf'),(37,4,'http:/hrportal.ru/docs/Сертификат377.pdf'),(37,10,'http:/hrportal.ru/docs/Автобиография372.pdf'),(37,11,'http:/hrportal.ru/docs/Трудовая книжка374.pdf'),(37,12,'http:/hrportal.ru/docs/Военный билет3712.pdf'),(37,13,'http:/hrportal.ru/docs/Самопрезентация378.pdf'),(38,3,'http:/hrportal.ru/docs/Диплом389.pdf'),(38,4,'http:/hrportal.ru/docs/Сертификат383.pdf'),(38,5,'http:/hrportal.ru/docs/Свидетельство382.pdf'),(38,7,'http:/hrportal.ru/docs/Заграничный паспорт381.pdf'),(38,8,'http:/hrportal.ru/docs/Свидетельство ИНН3814.pdf'),(38,10,'http:/hrportal.ru/docs/Автобиография385.pdf'),(38,13,'http:/hrportal.ru/docs/Самопрезентация3810.pdf'),(38,14,'http:/hrportal.ru/docs/Согласие на обработку персональных данных388.pdf'),(39,12,'http:/hrportal.ru/docs/Военный билет391.pdf'),(40,3,'http:/hrportal.ru/docs/Диплом407.pdf'),(40,5,'http:/hrportal.ru/docs/Свидетельство405.pdf'),(40,7,'http:/hrportal.ru/docs/Заграничный паспорт406.pdf'),(40,11,'http:/hrportal.ru/docs/Трудовая книжка401.pdf'),(40,12,'http:/hrportal.ru/docs/Военный билет402.pdf'),(41,1,'http:/hrportal.ru/docs/Справка414.pdf'),(41,3,'http:/hrportal.ru/docs/Диплом411.pdf'),(41,4,'http:/hrportal.ru/docs/Сертификат413.pdf'),(41,5,'http:/hrportal.ru/docs/Свидетельство412.pdf'),(41,9,'http:/hrportal.ru/docs/СНИЛС415.pdf'),(42,1,'http:/hrportal.ru/docs/Справка421.pdf'),(42,9,'http:/hrportal.ru/docs/СНИЛС422.pdf'),(42,14,'http:/hrportal.ru/docs/Согласие на обработку персональных данных423.pdf'),(43,5,'http:/hrportal.ru/docs/Свидетельство431.pdf'),(44,1,'http:/hrportal.ru/docs/Справка441.pdf'),(44,7,'http:/hrportal.ru/docs/Заграничный паспорт443.pdf'),(44,10,'http:/hrportal.ru/docs/Автобиография444.pdf'),(44,13,'http:/hrportal.ru/docs/Самопрезентация442.pdf'),(45,10,'http:/hrportal.ru/docs/Автобиография453.pdf'),(45,13,'http:/hrportal.ru/docs/Самопрезентация451.pdf'),(46,4,'http:/hrportal.ru/docs/Сертификат464.pdf'),(46,7,'http:/hrportal.ru/docs/Заграничный паспорт462.pdf'),(46,8,'http:/hrportal.ru/docs/Свидетельство ИНН463.pdf'),(46,10,'http:/hrportal.ru/docs/Автобиография465.pdf'),(46,13,'http:/hrportal.ru/docs/Самопрезентация461.pdf'),(47,3,'http:/hrportal.ru/docs/Диплом478.pdf'),(47,5,'http:/hrportal.ru/docs/Свидетельство472.pdf'),(47,6,'http:/hrportal.ru/docs/Паспорт РФ471.pdf'),(47,7,'http:/hrportal.ru/docs/Заграничный паспорт473.pdf'),(47,9,'http:/hrportal.ru/docs/СНИЛС475.pdf'),(47,11,'http:/hrportal.ru/docs/Трудовая книжка479.pdf'),(48,14,'http:/hrportal.ru/docs/Согласие на обработку персональных данных481.pdf'),(49,2,'http:/hrportal.ru/docs/Аттесстат498.pdf'),(49,3,'http:/hrportal.ru/docs/Диплом492.pdf'),(49,4,'http:/hrportal.ru/docs/Сертификат4911.pdf'),(49,6,'http:/hrportal.ru/docs/Паспорт РФ494.pdf'),(49,9,'http:/hrportal.ru/docs/СНИЛС495.pdf'),(49,10,'http:/hrportal.ru/docs/Автобиография4910.pdf'),(49,13,'http:/hrportal.ru/docs/Самопрезентация491.pdf'),(49,14,'http:/hrportal.ru/docs/Согласие на обработку персональных данных499.pdf'),(50,2,'http:/hrportal.ru/docs/Аттесстат504.pdf'),(50,6,'http:/hrportal.ru/docs/Паспорт РФ501.pdf'),(50,7,'http:/hrportal.ru/docs/Заграничный паспорт506.pdf'),(50,8,'http:/hrportal.ru/docs/Свидетельство ИНН502.pdf'),(50,14,'http:/hrportal.ru/docs/Согласие на обработку персональных данных505.pdf'),(51,2,'http:/hrportal.ru/docs/Аттесстат513.pdf'),(51,9,'http:/hrportal.ru/docs/СНИЛС512.pdf'),(51,10,'http:/hrportal.ru/docs/Автобиография511.pdf'),(52,1,'http:/hrportal.ru/docs/Справка522.pdf'),(52,2,'http:/hrportal.ru/docs/Аттесстат525.pdf'),(52,4,'http:/hrportal.ru/docs/Сертификат526.pdf'),(52,8,'http:/hrportal.ru/docs/Свидетельство ИНН521.pdf'),(52,9,'http:/hrportal.ru/docs/СНИЛС523.pdf'),(52,10,'http:/hrportal.ru/docs/Автобиография5213.pdf'),(52,11,'http:/hrportal.ru/docs/Трудовая книжка524.pdf'),(53,2,'http:/hrportal.ru/docs/Аттесстат538.pdf'),(53,4,'http:/hrportal.ru/docs/Сертификат536.pdf'),(53,6,'http:/hrportal.ru/docs/Паспорт РФ533.pdf'),(53,8,'http:/hrportal.ru/docs/Свидетельство ИНН534.pdf'),(53,9,'http:/hrportal.ru/docs/СНИЛС535.pdf'),(53,12,'http:/hrportal.ru/docs/Военный билет532.pdf'),(53,13,'http:/hrportal.ru/docs/Самопрезентация531.pdf'),(54,1,'http:/hrportal.ru/docs/Справка545.pdf'),(54,2,'http:/hrportal.ru/docs/Аттесстат5410.pdf'),(54,4,'http:/hrportal.ru/docs/Сертификат542.pdf'),(54,5,'http:/hrportal.ru/docs/Свидетельство541.pdf'),(54,6,'http:/hrportal.ru/docs/Паспорт РФ5411.pdf'),(54,10,'http:/hrportal.ru/docs/Автобиография549.pdf'),(54,11,'http:/hrportal.ru/docs/Трудовая книжка548.pdf'),(54,12,'http:/hrportal.ru/docs/Военный билет544.pdf'),(55,1,'http:/hrportal.ru/docs/Справка555.pdf'),(55,3,'http:/hrportal.ru/docs/Диплом551.pdf'),(55,6,'http:/hrportal.ru/docs/Паспорт РФ557.pdf'),(55,7,'http:/hrportal.ru/docs/Заграничный паспорт553.pdf'),(55,8,'http:/hrportal.ru/docs/Свидетельство ИНН5510.pdf'),(55,9,'http:/hrportal.ru/docs/СНИЛС558.pdf'),(55,11,'http:/hrportal.ru/docs/Трудовая книжка552.pdf'),(55,13,'http:/hrportal.ru/docs/Самопрезентация554.pdf'),(56,8,'http:/hrportal.ru/docs/Свидетельство ИНН561.pdf'),(57,1,'http:/hrportal.ru/docs/Справка574.pdf'),(57,3,'http:/hrportal.ru/docs/Диплом577.pdf'),(57,4,'http:/hrportal.ru/docs/Сертификат572.pdf'),(57,5,'http:/hrportal.ru/docs/Свидетельство575.pdf'),(57,6,'http:/hrportal.ru/docs/Паспорт РФ571.pdf'),(57,9,'http:/hrportal.ru/docs/СНИЛС576.pdf'),(57,12,'http:/hrportal.ru/docs/Военный билет578.pdf'),(57,14,'http:/hrportal.ru/docs/Согласие на обработку персональных данных573.pdf'),(58,2,'http:/hrportal.ru/docs/Аттесстат584.pdf'),(58,4,'http:/hrportal.ru/docs/Сертификат589.pdf'),(58,5,'http:/hrportal.ru/docs/Свидетельство581.pdf'),(58,9,'http:/hrportal.ru/docs/СНИЛС586.pdf'),(58,11,'http:/hrportal.ru/docs/Трудовая книжка582.pdf'),(58,13,'http:/hrportal.ru/docs/Самопрезентация583.pdf'),(59,1,'http:/hrportal.ru/docs/Справка598.pdf'),(59,2,'http:/hrportal.ru/docs/Аттесстат596.pdf'),(59,3,'http:/hrportal.ru/docs/Диплом591.pdf'),(59,4,'http:/hrportal.ru/docs/Сертификат592.pdf'),(59,5,'http:/hrportal.ru/docs/Свидетельство597.pdf'),(59,6,'http:/hrportal.ru/docs/Паспорт РФ599.pdf'),(59,7,'http:/hrportal.ru/docs/Заграничный паспорт595.pdf'),(59,10,'http:/hrportal.ru/docs/Автобиография593.pdf'),(60,1,'http:/hrportal.ru/docs/Справка604.pdf'),(60,2,'http:/hrportal.ru/docs/Аттесстат602.pdf'),(60,3,'http:/hrportal.ru/docs/Диплом6010.pdf'),(60,4,'http:/hrportal.ru/docs/Сертификат6014.pdf'),(60,5,'http:/hrportal.ru/docs/Свидетельство606.pdf'),(60,6,'http:/hrportal.ru/docs/Паспорт РФ601.pdf'),(60,7,'http:/hrportal.ru/docs/Заграничный паспорт603.pdf'),(60,10,'http:/hrportal.ru/docs/Автобиография605.pdf'),(61,5,'http:/hrportal.ru/docs/Свидетельство611.pdf'),(62,1,'http:/hrportal.ru/docs/Справка629.pdf'),(62,3,'http:/hrportal.ru/docs/Диплом628.pdf'),(62,5,'http:/hrportal.ru/docs/Свидетельство621.pdf'),(62,6,'http:/hrportal.ru/docs/Паспорт РФ625.pdf'),(62,7,'http:/hrportal.ru/docs/Заграничный паспорт622.pdf'),(62,9,'http:/hrportal.ru/docs/СНИЛС627.pdf'),(62,10,'http:/hrportal.ru/docs/Автобиография6210.pdf'),(62,14,'http:/hrportal.ru/docs/Согласие на обработку персональных данных624.pdf'),(63,2,'http:/hrportal.ru/docs/Аттесстат631.pdf'),(63,8,'http:/hrportal.ru/docs/Свидетельство ИНН633.pdf'),(63,9,'http:/hrportal.ru/docs/СНИЛС634.pdf'),(63,14,'http:/hrportal.ru/docs/Согласие на обработку персональных данных632.pdf'),(64,2,'http:/hrportal.ru/docs/Аттесстат647.pdf'),(64,4,'http:/hrportal.ru/docs/Сертификат641.pdf'),(64,6,'http:/hrportal.ru/docs/Паспорт РФ643.pdf'),(64,7,'http:/hrportal.ru/docs/Заграничный паспорт642.pdf'),(64,8,'http:/hrportal.ru/docs/Свидетельство ИНН646.pdf'),(64,9,'http:/hrportal.ru/docs/СНИЛС644.pdf'),(64,11,'http:/hrportal.ru/docs/Трудовая книжка648.pdf'),(64,13,'http:/hrportal.ru/docs/Самопрезентация645.pdf'),(65,1,'http:/hrportal.ru/docs/Справка654.pdf'),(65,2,'http:/hrportal.ru/docs/Аттесстат653.pdf'),(65,3,'http:/hrportal.ru/docs/Диплом651.pdf'),(65,4,'http:/hrportal.ru/docs/Сертификат656.pdf'),(65,5,'http:/hrportal.ru/docs/Свидетельство6511.pdf'),(65,6,'http:/hrportal.ru/docs/Паспорт РФ658.pdf'),(65,8,'http:/hrportal.ru/docs/Свидетельство ИНН652.pdf'),(65,10,'http:/hrportal.ru/docs/Автобиография655.pdf'),(65,12,'http:/hrportal.ru/docs/Военный билет6512.pdf'),(66,5,'http:/hrportal.ru/docs/Свидетельство663.pdf'),(66,7,'http:/hrportal.ru/docs/Заграничный паспорт664.pdf'),(66,10,'http:/hrportal.ru/docs/Автобиография661.pdf'),(67,1,'http:/hrportal.ru/docs/Справка672.pdf'),(67,4,'http:/hrportal.ru/docs/Сертификат674.pdf'),(67,5,'http:/hrportal.ru/docs/Свидетельство671.pdf'),(67,7,'http:/hrportal.ru/docs/Заграничный паспорт675.pdf'),(67,14,'http:/hrportal.ru/docs/Согласие на обработку персональных данных677.pdf'),(68,2,'http:/hrportal.ru/docs/Аттесстат689.pdf'),(68,4,'http:/hrportal.ru/docs/Сертификат6811.pdf'),(68,8,'http:/hrportal.ru/docs/Свидетельство ИНН686.pdf'),(68,9,'http:/hrportal.ru/docs/СНИЛС687.pdf'),(68,10,'http:/hrportal.ru/docs/Автобиография683.pdf'),(68,11,'http:/hrportal.ru/docs/Трудовая книжка684.pdf'),(68,12,'http:/hrportal.ru/docs/Военный билет681.pdf'),(68,14,'http:/hrportal.ru/docs/Согласие на обработку персональных данных685.pdf'),(69,1,'http:/hrportal.ru/docs/Справка694.pdf'),(69,4,'http:/hrportal.ru/docs/Сертификат691.pdf'),(69,5,'http:/hrportal.ru/docs/Свидетельство697.pdf'),(69,6,'http:/hrportal.ru/docs/Паспорт РФ696.pdf'),(69,7,'http:/hrportal.ru/docs/Заграничный паспорт695.pdf'),(69,8,'http:/hrportal.ru/docs/Свидетельство ИНН693.pdf'),(69,9,'http:/hrportal.ru/docs/СНИЛС699.pdf'),(69,13,'http:/hrportal.ru/docs/Самопрезентация6911.pdf'),(70,9,'http:/hrportal.ru/docs/СНИЛС702.pdf'),(70,14,'http:/hrportal.ru/docs/Согласие на обработку персональных данных701.pdf'),(71,6,'http:/hrportal.ru/docs/Паспорт РФ711.pdf'),(72,1,'http:/hrportal.ru/docs/Справка724.pdf'),(72,3,'http:/hrportal.ru/docs/Диплом728.pdf'),(72,4,'http:/hrportal.ru/docs/Сертификат729.pdf'),(72,6,'http:/hrportal.ru/docs/Паспорт РФ722.pdf'),(72,7,'http:/hrportal.ru/docs/Заграничный паспорт7211.pdf'),(72,10,'http:/hrportal.ru/docs/Автобиография721.pdf'),(72,12,'http:/hrportal.ru/docs/Военный билет723.pdf'),(72,13,'http:/hrportal.ru/docs/Самопрезентация727.pdf'),(72,14,'http:/hrportal.ru/docs/Согласие на обработку персональных данных7213.pdf'),(73,7,'http:/hrportal.ru/docs/Заграничный паспорт734.pdf'),(73,10,'http:/hrportal.ru/docs/Автобиография731.pdf'),(73,12,'http:/hrportal.ru/docs/Военный билет732.pdf'),(73,14,'http:/hrportal.ru/docs/Согласие на обработку персональных данных733.pdf'),(74,3,'http:/hrportal.ru/docs/Диплом741.pdf'),(74,10,'http:/hrportal.ru/docs/Автобиография744.pdf'),(74,13,'http:/hrportal.ru/docs/Самопрезентация742.pdf'),(74,14,'http:/hrportal.ru/docs/Согласие на обработку персональных данных745.pdf'),(75,1,'http:/hrportal.ru/docs/Справка757.pdf'),(75,3,'http:/hrportal.ru/docs/Диплом753.pdf'),(75,4,'http:/hrportal.ru/docs/Сертификат751.pdf'),(75,6,'http:/hrportal.ru/docs/Паспорт РФ752.pdf'),(75,8,'http:/hrportal.ru/docs/Свидетельство ИНН758.pdf'),(75,10,'http:/hrportal.ru/docs/Автобиография754.pdf'),(75,11,'http:/hrportal.ru/docs/Трудовая книжка755.pdf'),(75,13,'http:/hrportal.ru/docs/Самопрезентация756.pdf'),(76,11,'http:/hrportal.ru/docs/Трудовая книжка761.pdf'),(77,1,'http:/hrportal.ru/docs/Справка771.pdf'),(77,2,'http:/hrportal.ru/docs/Аттесстат772.pdf'),(77,3,'http:/hrportal.ru/docs/Диплом777.pdf'),(77,4,'http:/hrportal.ru/docs/Сертификат775.pdf'),(77,5,'http:/hrportal.ru/docs/Свидетельство773.pdf'),(77,7,'http:/hrportal.ru/docs/Заграничный паспорт774.pdf'),(77,8,'http:/hrportal.ru/docs/Свидетельство ИНН778.pdf'),(77,11,'http:/hrportal.ru/docs/Трудовая книжка776.pdf'),(77,12,'http:/hrportal.ru/docs/Военный билет7710.pdf'),(78,3,'http:/hrportal.ru/docs/Диплом781.pdf'),(78,11,'http:/hrportal.ru/docs/Трудовая книжка782.pdf'),(79,1,'http:/hrportal.ru/docs/Справка793.pdf'),(79,3,'http:/hrportal.ru/docs/Диплом798.pdf'),(79,4,'http:/hrportal.ru/docs/Сертификат791.pdf'),(79,6,'http:/hrportal.ru/docs/Паспорт РФ799.pdf'),(79,7,'http:/hrportal.ru/docs/Заграничный паспорт794.pdf'),(79,8,'http:/hrportal.ru/docs/Свидетельство ИНН7910.pdf'),(79,10,'http:/hrportal.ru/docs/Автобиография796.pdf'),(79,14,'http:/hrportal.ru/docs/Согласие на обработку персональных данных792.pdf'),(80,2,'http:/hrportal.ru/docs/Аттесстат808.pdf'),(80,3,'http:/hrportal.ru/docs/Диплом802.pdf'),(80,5,'http:/hrportal.ru/docs/Свидетельство801.pdf'),(80,6,'http:/hrportal.ru/docs/Паспорт РФ807.pdf'),(80,10,'http:/hrportal.ru/docs/Автобиография804.pdf'),(80,12,'http:/hrportal.ru/docs/Военный билет803.pdf'),(80,14,'http:/hrportal.ru/docs/Согласие на обработку персональных данных805.pdf'),(81,1,'http:/hrportal.ru/docs/Справка816.pdf'),(81,2,'http:/hrportal.ru/docs/Аттесстат814.pdf'),(81,4,'http:/hrportal.ru/docs/Сертификат813.pdf'),(81,5,'http:/hrportal.ru/docs/Свидетельство812.pdf'),(81,7,'http:/hrportal.ru/docs/Заграничный паспорт811.pdf'),(81,13,'http:/hrportal.ru/docs/Самопрезентация815.pdf'),(82,1,'http:/hrportal.ru/docs/Справка823.pdf'),(82,2,'http:/hrportal.ru/docs/Аттесстат828.pdf'),(82,4,'http:/hrportal.ru/docs/Сертификат825.pdf'),(82,7,'http:/hrportal.ru/docs/Заграничный паспорт821.pdf'),(82,10,'http:/hrportal.ru/docs/Автобиография826.pdf'),(82,12,'http:/hrportal.ru/docs/Военный билет827.pdf'),(82,13,'http:/hrportal.ru/docs/Самопрезентация822.pdf'),(83,2,'http:/hrportal.ru/docs/Аттесстат8312.pdf'),(83,3,'http:/hrportal.ru/docs/Диплом833.pdf'),(83,5,'http:/hrportal.ru/docs/Свидетельство8311.pdf'),(83,6,'http:/hrportal.ru/docs/Паспорт РФ839.pdf'),(83,7,'http:/hrportal.ru/docs/Заграничный паспорт8310.pdf'),(83,8,'http:/hrportal.ru/docs/Свидетельство ИНН831.pdf'),(83,9,'http:/hrportal.ru/docs/СНИЛС8313.pdf'),(83,10,'http:/hrportal.ru/docs/Автобиография834.pdf'),(83,11,'http:/hrportal.ru/docs/Трудовая книжка832.pdf'),(83,12,'http:/hrportal.ru/docs/Военный билет836.pdf'),(84,1,'http:/hrportal.ru/docs/Справка842.pdf'),(84,2,'http:/hrportal.ru/docs/Аттесстат8411.pdf'),(84,3,'http:/hrportal.ru/docs/Диплом845.pdf'),(84,4,'http:/hrportal.ru/docs/Сертификат849.pdf'),(84,5,'http:/hrportal.ru/docs/Свидетельство843.pdf'),(84,7,'http:/hrportal.ru/docs/Заграничный паспорт844.pdf'),(84,8,'http:/hrportal.ru/docs/Свидетельство ИНН8410.pdf'),(84,10,'http:/hrportal.ru/docs/Автобиография841.pdf'),(84,11,'http:/hrportal.ru/docs/Трудовая книжка846.pdf'),(84,12,'http:/hrportal.ru/docs/Военный билет848.pdf'),(85,1,'http:/hrportal.ru/docs/Справка852.pdf'),(85,2,'http:/hrportal.ru/docs/Аттесстат855.pdf'),(85,5,'http:/hrportal.ru/docs/Свидетельство854.pdf'),(85,6,'http:/hrportal.ru/docs/Паспорт РФ859.pdf'),(85,7,'http:/hrportal.ru/docs/Заграничный паспорт853.pdf'),(85,8,'http:/hrportal.ru/docs/Свидетельство ИНН856.pdf'),(85,10,'http:/hrportal.ru/docs/Автобиография8512.pdf'),(85,13,'http:/hrportal.ru/docs/Самопрезентация851.pdf'),(85,14,'http:/hrportal.ru/docs/Согласие на обработку персональных данных8510.pdf'),(86,1,'http:/hrportal.ru/docs/Справка8610.pdf'),(86,3,'http:/hrportal.ru/docs/Диплом862.pdf'),(86,5,'http:/hrportal.ru/docs/Свидетельство863.pdf'),(86,8,'http:/hrportal.ru/docs/Свидетельство ИНН869.pdf'),(86,9,'http:/hrportal.ru/docs/СНИЛС866.pdf'),(86,13,'http:/hrportal.ru/docs/Самопрезентация861.pdf'),(86,14,'http:/hrportal.ru/docs/Согласие на обработку персональных данных864.pdf'),(87,1,'http:/hrportal.ru/docs/Справка876.pdf'),(87,2,'http:/hrportal.ru/docs/Аттесстат873.pdf'),(87,5,'http:/hrportal.ru/docs/Свидетельство878.pdf'),(87,7,'http:/hrportal.ru/docs/Заграничный паспорт875.pdf'),(87,11,'http:/hrportal.ru/docs/Трудовая книжка874.pdf'),(87,12,'http:/hrportal.ru/docs/Военный билет871.pdf'),(87,13,'http:/hrportal.ru/docs/Самопрезентация872.pdf'),(88,4,'http:/hrportal.ru/docs/Сертификат881.pdf'),(88,14,'http:/hrportal.ru/docs/Согласие на обработку персональных данных882.pdf'),(89,6,'http:/hrportal.ru/docs/Паспорт РФ891.pdf'),(90,1,'http:/hrportal.ru/docs/Справка902.pdf'),(90,3,'http:/hrportal.ru/docs/Диплом904.pdf'),(90,4,'http:/hrportal.ru/docs/Сертификат9010.pdf'),(90,7,'http:/hrportal.ru/docs/Заграничный паспорт901.pdf'),(90,8,'http:/hrportal.ru/docs/Свидетельство ИНН906.pdf'),(90,12,'http:/hrportal.ru/docs/Военный билет903.pdf'),(91,1,'http:/hrportal.ru/docs/Справка911.pdf'),(91,3,'http:/hrportal.ru/docs/Диплом916.pdf'),(91,5,'http:/hrportal.ru/docs/Свидетельство915.pdf'),(91,8,'http:/hrportal.ru/docs/Свидетельство ИНН918.pdf'),(91,9,'http:/hrportal.ru/docs/СНИЛС912.pdf'),(91,12,'http:/hrportal.ru/docs/Военный билет914.pdf'),(91,14,'http:/hrportal.ru/docs/Согласие на обработку персональных данных913.pdf'),(92,1,'http:/hrportal.ru/docs/Справка927.pdf'),(92,3,'http:/hrportal.ru/docs/Диплом929.pdf'),(92,7,'http:/hrportal.ru/docs/Заграничный паспорт923.pdf'),(92,8,'http:/hrportal.ru/docs/Свидетельство ИНН921.pdf'),(92,11,'http:/hrportal.ru/docs/Трудовая книжка926.pdf'),(92,12,'http:/hrportal.ru/docs/Военный билет922.pdf'),(93,3,'http:/hrportal.ru/docs/Диплом936.pdf'),(93,5,'http:/hrportal.ru/docs/Свидетельство932.pdf'),(93,6,'http:/hrportal.ru/docs/Паспорт РФ931.pdf'),(93,12,'http:/hrportal.ru/docs/Военный билет938.pdf'),(93,13,'http:/hrportal.ru/docs/Самопрезентация934.pdf'),(94,3,'http:/hrportal.ru/docs/Диплом944.pdf'),(94,5,'http:/hrportal.ru/docs/Свидетельство941.pdf'),(94,7,'http:/hrportal.ru/docs/Заграничный паспорт943.pdf'),(94,9,'http:/hrportal.ru/docs/СНИЛС945.pdf'),(94,10,'http:/hrportal.ru/docs/Автобиография942.pdf'),(95,2,'http:/hrportal.ru/docs/Аттесстат951.pdf'),(95,3,'http:/hrportal.ru/docs/Диплом956.pdf'),(95,6,'http:/hrportal.ru/docs/Паспорт РФ952.pdf'),(95,7,'http:/hrportal.ru/docs/Заграничный паспорт954.pdf'),(95,11,'http:/hrportal.ru/docs/Трудовая книжка953.pdf'),(96,2,'http:/hrportal.ru/docs/Аттесстат964.pdf'),(96,5,'http:/hrportal.ru/docs/Свидетельство963.pdf'),(96,6,'http:/hrportal.ru/docs/Паспорт РФ965.pdf'),(96,7,'http:/hrportal.ru/docs/Заграничный паспорт961.pdf'),(96,8,'http:/hrportal.ru/docs/Свидетельство ИНН962.pdf'),(96,12,'http:/hrportal.ru/docs/Военный билет966.pdf'),(97,2,'http:/hrportal.ru/docs/Аттесстат9710.pdf'),(97,3,'http:/hrportal.ru/docs/Диплом976.pdf'),(97,4,'http:/hrportal.ru/docs/Сертификат972.pdf'),(97,6,'http:/hrportal.ru/docs/Паспорт РФ9711.pdf'),(97,9,'http:/hrportal.ru/docs/СНИЛС975.pdf'),(97,10,'http:/hrportal.ru/docs/Автобиография974.pdf'),(97,11,'http:/hrportal.ru/docs/Трудовая книжка979.pdf'),(97,12,'http:/hrportal.ru/docs/Военный билет971.pdf'),(97,13,'http:/hrportal.ru/docs/Самопрезентация973.pdf'),(98,2,'http:/hrportal.ru/docs/Аттесстат984.pdf'),(98,4,'http:/hrportal.ru/docs/Сертификат982.pdf'),(98,5,'http:/hrportal.ru/docs/Свидетельство988.pdf'),(98,9,'http:/hrportal.ru/docs/СНИЛС981.pdf'),(98,10,'http:/hrportal.ru/docs/Автобиография986.pdf'),(98,12,'http:/hrportal.ru/docs/Военный билет985.pdf');
/*!40000 ALTER TABLE `resume_docs` ENABLE KEYS */;
UNLOCK TABLES;

--
-- Table structure for table `resume_edus`
--

DROP TABLE IF EXISTS `resume_edus`;
/*!40101 SET @saved_cs_client     = @@character_set_client */;
/*!50503 SET character_set_client = utf8mb4 */;
CREATE TABLE `resume_edus` (
  `id` bigint unsigned NOT NULL AUTO_INCREMENT,
  `resume_id` bigint unsigned NOT NULL,
  `name` varchar(255) NOT NULL COMMENT 'Наименование учебного заведения',
  `begin_at` date NOT NULL COMMENT 'Начало обучения',
  `end_at` date NOT NULL COMMENT 'Окночание обучения',
  `edu_type_id` bigint unsigned NOT NULL,
  UNIQUE KEY `id` (`id`),
  KEY `resume_edus_resume_id_fk` (`resume_id`),
  KEY `resume_edus_edu_type_id_fk` (`edu_type_id`),
  CONSTRAINT `resume_edus_edu_type_id_fk` FOREIGN KEY (`edu_type_id`) REFERENCES `edu_types` (`id`),
  CONSTRAINT `resume_edus_resume_id_fk` FOREIGN KEY (`resume_id`) REFERENCES `resumes` (`id`)
) ENGINE=InnoDB AUTO_INCREMENT=147 DEFAULT CHARSET=utf8mb4 COLLATE=utf8mb4_0900_ai_ci COMMENT='Данные об образовании';
/*!40101 SET character_set_client = @saved_cs_client */;

--
-- Dumping data for table `resume_edus`
--

LOCK TABLES `resume_edus` WRITE;
/*!40000 ALTER TABLE `resume_edus` DISABLE KEYS */;
INSERT INTO `resume_edus` VALUES (1,1,'Техникум 1','2012-06-23','2017-06-23',4),(2,2,'Техникум 1','2016-05-06','2021-05-06',4),(3,3,'Университет 1','2004-08-21','2009-08-21',6),(4,3,'Академия 2','2004-08-21','2009-08-21',6),(5,4,'Техникум 1','1987-03-26','1992-03-26',4),(6,4,'Техникум 1','1987-03-26','1992-03-26',4),(7,5,'Университет 1','2009-08-02','2014-08-02',6),(8,5,'Академия 2','2009-08-02','2014-08-02',6),(9,6,'Техникум 1','1997-08-06','2002-08-06',4),(10,7,'Академия 2','2003-11-03','2008-11-03',6),(11,8,'Институт 1','1998-03-24','2003-03-24',6),(12,9,'Институт 3','2001-09-18','2006-09-18',6),(13,10,'Университет 2','1992-08-20','1997-08-20',6),(14,10,'Техникум 1','1992-08-20','1997-08-20',4),(15,11,'Академия 2','2013-04-01','2018-04-01',6),(16,12,'Академия 2','2002-10-22','2007-10-22',6),(17,12,'Университет 2','2002-10-22','2007-10-22',6),(18,13,'Университет 3','2007-08-05','2012-08-05',6),(19,14,'Академия 1','1994-02-26','1999-02-26',6),(20,15,'Институт 1','2006-11-23','2011-11-23',6),(21,15,'Академия 2','2006-11-23','2011-11-23',6),(22,16,'Техникум 1','2001-09-07','2006-09-07',4),(23,17,'Академия 2','1987-02-19','1992-02-19',6),(24,18,'Институт 2','2006-05-02','2011-05-02',6),(25,19,'Университет 2','2013-11-27','2018-11-27',6),(26,19,'Университет 1','2013-11-27','2018-11-27',6),(27,20,'Университет 3','1994-03-13','1999-03-13',6),(28,21,'Университет 2','2004-01-09','2009-01-09',6),(29,21,'Академия 3','2004-01-09','2009-01-09',6),(30,22,'Институт 2','2004-05-07','2009-05-07',6),(31,23,'Академия 1','2011-04-02','2016-04-02',6),(32,23,'Университет 2','2011-04-02','2016-04-02',6),(33,24,'Институт 3','2004-10-15','2009-10-15',6),(34,25,'Академия 2','1991-03-23','1996-03-23',6),(35,25,'Академия 1','1991-03-23','1996-03-23',6),(36,26,'Университет 1','2009-10-02','2014-10-02',6),(37,27,'Техникум 2','1992-11-03','1997-11-03',4),(38,28,'Техникум 2','2002-02-07','2007-02-07',4),(39,29,'Академия 2','2008-09-24','2013-09-24',6),(40,29,'Университет 3','2008-09-24','2013-09-24',6),(41,30,'Университет 1','1992-01-25','1997-01-25',6),(42,30,'Университет 1','1992-01-25','1997-01-25',6),(43,31,'Техникум 2','2003-01-20','2008-01-20',4),(44,31,'Институт 1','2003-01-20','2008-01-20',6),(45,32,'Университет 3','2008-04-09','2013-04-09',6),(46,33,'Институт 2','2005-10-16','2010-10-16',6),(47,33,'Академия 3','2005-10-16','2010-10-16',6),(48,34,'Академия 1','1988-04-12','1993-04-12',6),(49,34,'Институт 3','1988-04-12','1993-04-12',6),(50,35,'Академия 2','1991-02-11','1996-02-11',6),(51,35,'Университет 2','1991-02-11','1996-02-11',6),(52,36,'Институт 2','1996-02-24','2001-02-24',6),(53,37,'Институт 3','2003-01-22','2008-01-22',6),(54,37,'Академия 1','2003-01-22','2008-01-22',6),(55,38,'Академия 1','1995-03-06','2000-03-06',6),(56,38,'Институт 1','1995-03-06','2000-03-06',6),(57,39,'Техникум 2','1996-10-14','2001-10-14',4),(58,39,'Академия 3','1996-10-14','2001-10-14',6),(59,40,'Университет 2','2006-10-06','2011-10-06',6),(60,41,'Техникум 1','1987-10-04','1992-10-04',4),(61,42,'Институт 1','1993-06-27','1998-06-27',6),(62,42,'Институт 3','1993-06-27','1998-06-27',6),(63,43,'Институт 2','1992-03-21','1997-03-21',6),(64,44,'Университет 1','2005-10-08','2010-10-08',6),(65,45,'Академия 2','2005-11-27','2010-11-27',6),(66,45,'Академия 1','2005-11-27','2010-11-27',6),(67,46,'Академия 1','2006-07-22','2011-07-22',6),(68,46,'Институт 1','2006-07-22','2011-07-22',6),(69,47,'Университет 2','1987-03-07','1992-03-07',6),(70,47,'Академия 3','1987-03-07','1992-03-07',6),(71,48,'Университет 2','2012-06-04','2017-06-04',6),(72,49,'Техникум 2','1987-08-08','1992-08-08',4),(73,50,'Университет 1','1991-10-01','1996-10-01',6),(74,51,'Институт 1','1991-01-20','1996-01-20',6),(75,51,'Институт 2','1991-01-20','1996-01-20',6),(76,52,'Институт 2','1991-05-14','1996-05-14',6),(77,53,'Академия 1','1996-08-16','2001-08-16',6),(78,53,'Университет 1','1996-08-16','2001-08-16',6),(79,54,'Институт 2','1987-06-15','1992-06-15',6),(80,54,'Институт 3','1987-06-15','1992-06-15',6),(81,55,'Академия 2','1997-02-13','2002-02-13',6),(82,56,'Университет 2','1996-07-01','2001-07-01',6),(83,57,'Институт 3','2011-08-21','2016-08-21',6),(84,58,'Институт 1','1988-01-07','1993-01-07',6),(85,59,'Техникум 1','1994-07-08','1999-07-08',4),(86,60,'Университет 1','2003-11-08','2008-11-08',6),(87,60,'Академия 3','2003-11-08','2008-11-08',6),(88,61,'Академия 1','2009-03-23','2014-03-23',6),(89,62,'Институт 1','1999-11-11','2004-11-11',6),(90,62,'Академия 3','1999-11-11','2004-11-11',6),(91,63,'Академия 3','2015-07-23','2020-07-23',6),(92,63,'Техникум 2','2015-07-23','2020-07-23',4),(93,64,'Университет 3','2006-02-23','2011-02-23',6),(94,64,'Институт 3','2006-02-23','2011-02-23',6),(95,65,'Университет 3','1998-04-09','2003-04-09',6),(96,66,'Институт 2','2014-06-18','2019-06-18',6),(97,67,'Университет 1','2006-06-15','2011-06-15',6),(98,67,'Институт 2','2006-06-15','2011-06-15',6),(99,68,'Академия 2','2009-06-02','2014-06-02',6),(100,69,'Техникум 2','1989-06-08','1994-06-08',4),(101,69,'Институт 1','1989-06-08','1994-06-08',6),(102,70,'Техникум 1','2013-08-26','2018-08-26',4),(103,71,'Университет 3','1994-03-16','1999-03-16',6),(104,72,'Техникум 2','2000-11-13','2005-11-13',4),(105,73,'Академия 1','1990-06-05','1995-06-05',6),(106,73,'Техникум 1','1990-06-05','1995-06-05',4),(107,74,'Университет 1','2004-02-02','2009-02-02',6),(108,74,'Академия 3','2004-02-02','2009-02-02',6),(109,75,'Институт 3','2001-09-17','2006-09-17',6),(110,75,'Техникум 1','2001-09-17','2006-09-17',4),(111,76,'Университет 3','1998-07-21','2003-07-21',6),(112,77,'Институт 3','2015-10-14','2020-10-14',6),(113,78,'Академия 2','2013-09-11','2018-09-11',6),(114,78,'Университет 2','2013-09-11','2018-09-11',6),(115,79,'Академия 3','2001-06-05','2006-06-05',6),(116,80,'Университет 3','2006-02-19','2011-02-19',6),(117,80,'Институт 2','2006-02-19','2011-02-19',6),(118,81,'Университет 2','1994-05-08','1999-05-08',6),(119,81,'Институт 3','1994-05-08','1999-05-08',6),(120,82,'Академия 2','2012-10-18','2017-10-18',6),(121,82,'Академия 2','2012-10-18','2017-10-18',6),(122,83,'Институт 3','2015-08-21','2020-08-21',6),(123,83,'Университет 2','2015-08-21','2020-08-21',6),(124,84,'Институт 3','1987-11-22','1992-11-22',6),(125,85,'Институт 1','1996-09-21','2001-09-21',6),(126,85,'Университет 2','1996-09-21','2001-09-21',6),(127,86,'Университет 3','2005-07-06','2010-07-06',6),(128,86,'Университет 1','2005-07-06','2010-07-06',6),(129,87,'Институт 2','1996-07-02','2001-07-02',6),(130,87,'Университет 2','1996-07-02','2001-07-02',6),(131,88,'Институт 3','1990-08-05','1995-08-05',6),(132,89,'Университет 1','1997-09-16','2002-09-16',6),(133,90,'Институт 1','2011-11-09','2016-11-09',6),(134,91,'Университет 1','1988-04-08','1993-04-08',6),(135,91,'Академия 1','1988-04-08','1993-04-08',6),(136,92,'Университет 2','1998-08-08','2003-08-08',6),(137,93,'Университет 1','1997-02-20','2002-02-20',6),(138,93,'Университет 3','1997-02-20','2002-02-20',6),(139,94,'Институт 2','2015-05-26','2020-05-26',6),(140,94,'Университет 3','2015-05-26','2020-05-26',6),(141,95,'Институт 3','2008-07-16','2013-07-16',6),(142,96,'Академия 3','1987-01-10','1992-01-10',6),(143,96,'Университет 2','1987-01-10','1992-01-10',6),(144,97,'Академия 1','1987-10-10','1992-10-10',6),(145,97,'Институт 3','1987-10-10','1992-10-10',6),(146,98,'Университет 1','2007-11-24','2012-11-24',6);
/*!40000 ALTER TABLE `resume_edus` ENABLE KEYS */;
UNLOCK TABLES;

--
-- Table structure for table `resume_wishes`
--

DROP TABLE IF EXISTS `resume_wishes`;
/*!40101 SET @saved_cs_client     = @@character_set_client */;
/*!50503 SET character_set_client = utf8mb4 */;
CREATE TABLE `resume_wishes` (
  `resume_id` bigint unsigned NOT NULL,
  `wish_id` bigint unsigned NOT NULL COMMENT 'Пожелание',
  `wish_value` varchar(32) DEFAULT NULL COMMENT 'Значение пожелания',
  PRIMARY KEY (`resume_id`,`wish_id`),
  KEY `resume_wishes_wish_id_fk` (`wish_id`),
  CONSTRAINT `resume_wishes_resume_id_fk` FOREIGN KEY (`resume_id`) REFERENCES `resumes` (`id`),
  CONSTRAINT `resume_wishes_wish_id_fk` FOREIGN KEY (`wish_id`) REFERENCES `wishes` (`id`)
) ENGINE=InnoDB DEFAULT CHARSET=utf8mb4 COLLATE=utf8mb4_0900_ai_ci COMMENT='Пожелания кандидата';
/*!40101 SET character_set_client = @saved_cs_client */;

--
-- Dumping data for table `resume_wishes`
--

LOCK TABLES `resume_wishes` WRITE;
/*!40000 ALTER TABLE `resume_wishes` DISABLE KEYS */;
INSERT INTO `resume_wishes` VALUES (1,1,'Нет'),(1,2,'Нет'),(1,3,'Бессрочный'),(1,4,'Постоянная работв'),(1,5,'713894'),(2,1,'Нет'),(2,2,'Нет'),(2,3,'Бессрочный'),(2,4,'Постоянная работв'),(2,5,'118211'),(3,1,'Да'),(3,2,'Нет'),(3,3,'Срочный'),(3,4,'Временная работв'),(3,5,'729257'),(4,1,'Да'),(4,2,'Да'),(4,3,'Срочный'),(4,4,'Временная работв'),(4,5,'85418'),(5,1,'Да'),(5,2,'Нет'),(5,3,'Бессрочный'),(5,4,'Постоянная работв'),(5,5,'715350'),(6,1,'Нет'),(6,2,'Нет'),(6,3,'Бессрочный'),(6,4,'Постоянная работв'),(6,5,'107743'),(7,1,'Да'),(7,2,'Да'),(7,3,'Срочный'),(7,4,'Временная работв'),(7,5,'741769'),(8,1,'Нет'),(8,2,'Да'),(8,3,'Бессрочный'),(8,4,'Постоянная работв'),(8,5,'89240'),(9,1,'Да'),(9,2,'Да'),(9,3,'Бессрочный'),(9,4,'Постоянная работв'),(9,5,'741603'),(10,1,'Да'),(10,2,'Нет'),(10,3,'Бессрочный'),(10,4,'Постоянная работв'),(10,5,'89782'),(11,1,'Нет'),(11,2,'Да'),(11,3,'Срочный'),(11,4,'Временная работв'),(11,5,'746519'),(12,1,'Нет'),(12,2,'Да'),(12,3,'Срочный'),(12,4,'Временная работв'),(12,5,'82238'),(13,1,'Нет'),(13,2,'Да'),(13,3,'Бессрочный'),(13,4,'Постоянная работв'),(13,5,'701231'),(14,1,'Да'),(14,2,'Да'),(14,3,'Срочный'),(14,4,'Временная работв'),(14,5,'83586'),(15,1,'Нет'),(15,2,'Да'),(15,3,'Срочный'),(15,4,'Временная работв'),(15,5,'710464'),(16,1,'Нет'),(16,2,'Нет'),(16,3,'Бессрочный'),(16,4,'Постоянная работв'),(16,5,'111472'),(17,1,'Да'),(17,2,'Нет'),(17,3,'Бессрочный'),(17,4,'Постоянная работв'),(17,5,'725529'),(18,1,'Да'),(18,2,'Да'),(18,3,'Срочный'),(18,4,'Временная работв'),(18,5,'75136'),(19,1,'Да'),(19,2,'Да'),(19,3,'Бессрочный'),(19,4,'Постоянная работв'),(19,5,'722591'),(20,1,'Нет'),(20,2,'Нет'),(20,3,'Бессрочный'),(20,4,'Постоянная работв'),(20,5,'90327'),(21,1,'Нет'),(21,2,'Да'),(21,3,'Бессрочный'),(21,4,'Постоянная работв'),(21,5,'739355'),(22,1,'Да'),(22,2,'Да'),(22,3,'Срочный'),(22,4,'Временная работв'),(22,5,'96959'),(23,1,'Да'),(23,2,'Нет'),(23,3,'Срочный'),(23,4,'Временная работв'),(23,5,'730923'),(24,1,'Нет'),(24,2,'Нет'),(24,3,'Бессрочный'),(24,4,'Постоянная работв'),(24,5,'108143'),(25,1,'Да'),(25,2,'Нет'),(25,3,'Бессрочный'),(25,4,'Постоянная работв'),(25,5,'742383'),(26,1,'Да'),(26,2,'Нет'),(26,3,'Бессрочный'),(26,4,'Постоянная работв'),(26,5,'108916'),(27,1,'Да'),(27,2,'Да'),(27,3,'Бессрочный'),(27,4,'Постоянная работв'),(27,5,'706055'),(28,1,'Да'),(28,2,'Нет'),(28,3,'Срочный'),(28,4,'Временная работв'),(28,5,'90979'),(29,1,'Да'),(29,2,'Нет'),(29,3,'Срочный'),(29,4,'Временная работв'),(29,5,'727056'),(30,1,'Да'),(30,2,'Да'),(30,3,'Бессрочный'),(30,4,'Постоянная работв'),(30,5,'113844'),(31,1,'Да'),(31,2,'Да'),(31,3,'Срочный'),(31,4,'Временная работв'),(31,5,'739652'),(32,1,'Нет'),(32,2,'Нет'),(32,3,'Срочный'),(32,4,'Временная работв'),(32,5,'90755'),(33,1,'Нет'),(33,2,'Нет'),(33,3,'Срочный'),(33,4,'Временная работв'),(33,5,'712245'),(34,1,'Да'),(34,2,'Нет'),(34,3,'Бессрочный'),(34,4,'Постоянная работв'),(34,5,'107705'),(35,1,'Да'),(35,2,'Да'),(35,3,'Срочный'),(35,4,'Временная работв'),(35,5,'703428'),(36,1,'Нет'),(36,2,'Нет'),(36,3,'Срочный'),(36,4,'Временная работв'),(36,5,'112361'),(37,1,'Нет'),(37,2,'Да'),(37,3,'Срочный'),(37,4,'Временная работв'),(37,5,'743323'),(38,1,'Да'),(38,2,'Нет'),(38,3,'Бессрочный'),(38,4,'Постоянная работв'),(38,5,'108415'),(39,1,'Да'),(39,2,'Да'),(39,3,'Срочный'),(39,4,'Временная работв'),(39,5,'716698'),(40,1,'Нет'),(40,2,'Нет'),(40,3,'Бессрочный'),(40,4,'Постоянная работв'),(40,5,'98115'),(41,1,'Да'),(41,2,'Да'),(41,3,'Срочный'),(41,4,'Временная работв'),(41,5,'740464'),(42,1,'Нет'),(42,2,'Да'),(42,3,'Бессрочный'),(42,4,'Постоянная работв'),(42,5,'81276'),(43,1,'Нет'),(43,2,'Да'),(43,3,'Срочный'),(43,4,'Временная работв'),(43,5,'719910'),(44,1,'Да'),(44,2,'Нет'),(44,3,'Срочный'),(44,4,'Временная работв'),(44,5,'91171'),(45,1,'Да'),(45,2,'Да'),(45,3,'Срочный'),(45,4,'Временная работв'),(45,5,'701860'),(46,1,'Да'),(46,2,'Нет'),(46,3,'Срочный'),(46,4,'Временная работв'),(46,5,'112391'),(47,1,'Да'),(47,2,'Да'),(47,3,'Срочный'),(47,4,'Временная работв'),(47,5,'734828'),(48,1,'Нет'),(48,2,'Да'),(48,3,'Бессрочный'),(48,4,'Постоянная работв'),(48,5,'83463'),(49,1,'Нет'),(49,2,'Нет'),(49,3,'Срочный'),(49,4,'Временная работв'),(49,5,'702756'),(50,1,'Да'),(50,2,'Нет'),(50,3,'Срочный'),(50,4,'Временная работв'),(50,5,'92175'),(51,1,'Да'),(51,2,'Да'),(51,3,'Бессрочный'),(51,4,'Постоянная работв'),(51,5,'701991'),(52,1,'Нет'),(52,2,'Нет'),(52,3,'Срочный'),(52,4,'Временная работв'),(52,5,'108852'),(53,1,'Нет'),(53,2,'Нет'),(53,3,'Срочный'),(53,4,'Временная работв'),(53,5,'739951'),(54,1,'Да'),(54,2,'Нет'),(54,3,'Срочный'),(54,4,'Временная работв'),(54,5,'81785'),(55,1,'Да'),(55,2,'Нет'),(55,3,'Бессрочный'),(55,4,'Постоянная работв'),(55,5,'729890'),(56,1,'Да'),(56,2,'Да'),(56,3,'Бессрочный'),(56,4,'Постоянная работв'),(56,5,'81494'),(57,1,'Да'),(57,2,'Нет'),(57,3,'Бессрочный'),(57,4,'Постоянная работв'),(57,5,'737976'),(58,1,'Да'),(58,2,'Нет'),(58,3,'Бессрочный'),(58,4,'Постоянная работв'),(58,5,'70204'),(59,1,'Нет'),(59,2,'Да'),(59,3,'Срочный'),(59,4,'Временная работв'),(59,5,'705867'),(60,1,'Да'),(60,2,'Нет'),(60,3,'Бессрочный'),(60,4,'Постоянная работв'),(60,5,'97978'),(61,1,'Нет'),(61,2,'Нет'),(61,3,'Бессрочный'),(61,4,'Постоянная работв'),(61,5,'705107'),(62,1,'Да'),(62,2,'Нет'),(62,3,'Бессрочный'),(62,4,'Постоянная работв'),(62,5,'87630'),(63,1,'Да'),(63,2,'Нет'),(63,3,'Срочный'),(63,4,'Временная работв'),(63,5,'703712'),(64,1,'Нет'),(64,2,'Да'),(64,3,'Срочный'),(64,4,'Временная работв'),(64,5,'115634'),(65,1,'Да'),(65,2,'Да'),(65,3,'Бессрочный'),(65,4,'Постоянная работв'),(65,5,'719179'),(66,1,'Нет'),(66,2,'Нет'),(66,3,'Срочный'),(66,4,'Временная работв'),(66,5,'90961'),(67,1,'Да'),(67,2,'Да'),(67,3,'Срочный'),(67,4,'Временная работв'),(67,5,'708344'),(68,1,'Нет'),(68,2,'Да'),(68,3,'Бессрочный'),(68,4,'Постоянная работв'),(68,5,'105777'),(69,1,'Да'),(69,2,'Да'),(69,3,'Бессрочный'),(69,4,'Постоянная работв'),(69,5,'710556'),(70,1,'Да'),(70,2,'Да'),(70,3,'Бессрочный'),(70,4,'Постоянная работв'),(70,5,'109765'),(71,1,'Да'),(71,2,'Нет'),(71,3,'Бессрочный'),(71,4,'Постоянная работв'),(71,5,'748966'),(72,1,'Да'),(72,2,'Да'),(72,3,'Срочный'),(72,4,'Временная работв'),(72,5,'97654'),(73,1,'Да'),(73,2,'Нет'),(73,3,'Бессрочный'),(73,4,'Постоянная работв'),(73,5,'705600'),(74,1,'Да'),(74,2,'Да'),(74,3,'Срочный'),(74,4,'Временная работв'),(74,5,'94725'),(75,1,'Да'),(75,2,'Да'),(75,3,'Срочный'),(75,4,'Временная работв'),(75,5,'733613'),(76,1,'Нет'),(76,2,'Да'),(76,3,'Срочный'),(76,4,'Временная работв'),(76,5,'98604'),(77,1,'Да'),(77,2,'Да'),(77,3,'Срочный'),(77,4,'Временная работв'),(77,5,'709938'),(78,1,'Нет'),(78,2,'Да'),(78,3,'Срочный'),(78,4,'Временная работв'),(78,5,'77592'),(79,1,'Да'),(79,2,'Да'),(79,3,'Срочный'),(79,4,'Временная работв'),(79,5,'722677'),(80,1,'Нет'),(80,2,'Нет'),(80,3,'Бессрочный'),(80,4,'Постоянная работв'),(80,5,'77161'),(81,1,'Да'),(81,2,'Да'),(81,3,'Бессрочный'),(81,4,'Постоянная работв'),(81,5,'730655'),(82,1,'Да'),(82,2,'Да'),(82,3,'Бессрочный'),(82,4,'Постоянная работв'),(82,5,'98045'),(83,1,'Нет'),(83,2,'Да'),(83,3,'Срочный'),(83,4,'Временная работв'),(83,5,'716061'),(84,1,'Да'),(84,2,'Нет'),(84,3,'Бессрочный'),(84,4,'Постоянная работв'),(84,5,'110487'),(85,1,'Нет'),(85,2,'Да'),(85,3,'Срочный'),(85,4,'Временная работв'),(85,5,'745850'),(86,1,'Да'),(86,2,'Нет'),(86,3,'Срочный'),(86,4,'Временная работв'),(86,5,'90713'),(87,1,'Да'),(87,2,'Нет'),(87,3,'Срочный'),(87,4,'Временная работв'),(87,5,'738645'),(88,1,'Нет'),(88,2,'Да'),(88,3,'Срочный'),(88,4,'Временная работв'),(88,5,'81017'),(89,1,'Да'),(89,2,'Нет'),(89,3,'Бессрочный'),(89,4,'Постоянная работв'),(89,5,'744519'),(90,1,'Да'),(90,2,'Нет'),(90,3,'Срочный'),(90,4,'Временная работв'),(90,5,'101221'),(91,1,'Да'),(91,2,'Да'),(91,3,'Бессрочный'),(91,4,'Постоянная работв'),(91,5,'733899'),(92,1,'Нет'),(92,2,'Нет'),(92,3,'Бессрочный'),(92,4,'Постоянная работв'),(92,5,'104515'),(93,1,'Да'),(93,2,'Да'),(93,3,'Бессрочный'),(93,4,'Постоянная работв'),(93,5,'749511'),(94,1,'Да'),(94,2,'Нет'),(94,3,'Срочный'),(94,4,'Временная работв'),(94,5,'81891'),(95,1,'Да'),(95,2,'Нет'),(95,3,'Срочный'),(95,4,'Временная работв'),(95,5,'716327'),(96,1,'Да'),(96,2,'Нет'),(96,3,'Бессрочный'),(96,4,'Постоянная работв'),(96,5,'84947'),(97,1,'Нет'),(97,2,'Да'),(97,3,'Срочный'),(97,4,'Временная работв'),(97,5,'706689'),(98,1,'Да'),(98,2,'Нет'),(98,3,'Срочный'),(98,4,'Временная работв'),(98,5,'99652');
/*!40000 ALTER TABLE `resume_wishes` ENABLE KEYS */;
UNLOCK TABLES;

--
-- Table structure for table `resumes`
--

DROP TABLE IF EXISTS `resumes`;
/*!40101 SET @saved_cs_client     = @@character_set_client */;
/*!50503 SET character_set_client = utf8mb4 */;
CREATE TABLE `resumes` (
  `id` bigint unsigned NOT NULL AUTO_INCREMENT,
  `name` varchar(128) NOT NULL COMMENT 'Для прототы ФИО поместим с одно поле',
  `birthday` date NOT NULL,
  `sex` enum('мужской','женский') NOT NULL,
  `place_id` bigint unsigned DEFAULT NULL COMMENT 'Место рождения',
  `email` varchar(128) NOT NULL,
  `phone` varchar(16) NOT NULL,
  `salary_before` bigint unsigned DEFAULT NULL COMMENT 'Текущий размер зарплаты',
  `salary_after` bigint unsigned DEFAULT NULL COMMENT 'Желаемый размер зарплаты',
  UNIQUE KEY `id` (`id`),
  UNIQUE KEY `email` (`email`),
  UNIQUE KEY `phone` (`phone`),
  KEY `resumes_place_id_fk` (`place_id`),
  CONSTRAINT `resumes_place_id_fk` FOREIGN KEY (`place_id`) REFERENCES `places` (`id`)
) ENGINE=InnoDB AUTO_INCREMENT=99 DEFAULT CHARSET=utf8mb4 COLLATE=utf8mb4_0900_ai_ci COMMENT='Данные кандидатов';
/*!40101 SET character_set_client = @saved_cs_client */;

--
-- Dumping data for table `resumes`
--

LOCK TABLES `resumes` WRITE;
/*!40000 ALTER TABLE `resumes` DISABLE KEYS */;
INSERT INTO `resumes` VALUES (1,'Смирнов Вячеслав Витальевич','1995-06-23','мужской',8,'VVtsmirnov1@mail.ru','+79722135219',63799,713894),(2,'Рябова Мариа Сергеевна','1999-05-06','женский',9,'MaSeriabova1@mail.ru','+79752134373',92068,118211),(3,'Кузнецов Александр Иванoвич','1987-08-21','мужской',11,'AlIkuznecov2@gmail.com','+79682347636',70931,729257),(4,'Полякова Виктория Витальевна','1970-03-26','женский',17,'ViVtpoliakova2@gmail.com','+792021292',96905,85418),(5,'Новиков Вадим Семёнович','1992-08-02','мужской',2,'VSmnovikov3@bk.ru','+79283114548',95300,715350),(6,'Данилова Ольга Семёновна','1980-08-06','женский',12,'OlSmdanilova3@hotmail.com','+7905641225',84417,107743),(7,'Новиков Пётр Петрович','1986-11-03','мужской',1,'PPenovikov4@hotmail.com','+79617683097',59171,741769),(8,'Полякова Светланв Петровна','1981-03-24','женский',5,'SvPepoliakova4@hotmail.com','+79656987449',80336,89240),(9,'Иванов Семён Александрович','1984-09-18','мужской',5,'SAliavnov5@mail.ru','+7985362628',65110,741603),(10,'Ершова Елена Сергеевна','1975-08-20','женский',6,'ElSeershova5@mail.ru','+7957699385',81214,89782),(11,'Иванов Семён Семёнович','1996-04-01','мужской',20,'SSmiavnov6@gmail.com','+79001211145',67547,746519),(12,'Рябова Татьяна Петровна','1985-10-22','женский',13,'TaPeriabova6@hotmail.com','+79385395827',60600,82238),(13,'Лебедев Пётр Петрович','1990-08-05','мужской',4,'PPelebedev7@bk.ru','+79911968172',85582,701231),(14,'Жукова Людмила Семёновна','1977-02-26','женский',17,'LuSmshgukova7@hotmail.com','+79254846373',86400,83586),(15,'Иванов Иван Вадимович','1989-11-23','мужской',16,'IVaiavnov8@hotmail.com','+79311554077',63880,710464),(16,'Ершова Анна Александровна','1984-09-07','женский',14,'AnAlershova8@gmail.com','+79044561119',76881,111472),(17,'Лебедев Сергей Семёнович','1970-02-19','мужской',10,'SSmlebedev9@mail.ru','+79031643027',68102,725529),(18,'Соболева Людмила Вячеславовна','1989-05-02','женский',12,'LuVisoboleva9@mail.ru','+79028928743',66865,75136),(19,'Лебедев Пётр Васильевич','1996-11-27','мужской',11,'PValebedev10@gmail.com','+79105645926',90097,722591),(20,'Данилова Мариа Витальевна','1977-03-13','женский',15,'MaVtdanilova10@hotmail.com','+7966832569',65383,90327),(21,'Иванов Семён Семёнович','1987-01-09','мужской',4,'SSmiavnov11@bk.ru','+79485261935',93394,739355),(22,'Никитина Татьяна Васильевна','1987-05-07','женский',13,'TaVanikitina11@gmail.com','+79034521018',73458,96959),(23,'Кузнецов Антон Петрович','1994-04-02','мужской',1,'AnPekuznecov12@hotmail.com','+79428514125',66733,730923),(24,'Лазарева Виктория Вячеславовна','1987-10-15','женский',21,'ViVilazareva12@hotmail.com','+79193691045',76991,108143),(25,'Иванов Вячеслав Антонович','1974-03-23','мужской',11,'VAniavnov13@mail.ru','+79405264356',93847,742383),(26,'Полякова Анна Вячеславовна','1992-10-02','женский',15,'AnVipoliakova13@mail.ru','+79724721221',88098,108916),(27,'Козлов Вячеслав Вячеславович','1975-11-03','мужской',13,'VVikozlov14@gmail.com','+79703152124',58597,706055),(28,'Лазарева Мария Сергеевна','1985-02-07','женский',13,'MaSelazareva14@gmail.com','+79676594620',72439,90979),(29,'Новиков Василий Петрович','1991-09-24','мужской',5,'VPenovikov15@bk.ru','+79045386041',91781,727056),(30,'Медведева Екатерина Петровна','1975-01-25','женский',11,'EkPemedvedeva15@hotmail.com','+79214364496',84402,113844),(31,'Соколов Виталий Антонович','1986-01-20','мужской',8,'ViAnsokolov16@hotmail.com','+79325135943',79237,739652),(32,'Ершова Светланв Вадимовна','1991-04-09','женский',21,'SvVdershova16@hotmail.com','+7973687457',83361,90755),(33,'Смирнов Сергей Семёнович','1988-10-16','мужской',20,'SSmsmirnov17@mail.ru','+79244886898',80021,712245),(34,'Соболева Екатерина Вячеславовна','1971-04-12','женский',6,'EkVisoboleva17@mail.ru','+79196568839',55137,107705),(35,'Попов Иван Антонович','1974-02-11','мужской',5,'IAnpopov18@gmail.com','+79366664411',87143,703428),(36,'Медведева Екатерина Васильевна','1979-02-24','женский',13,'EkVamedvedeva18@hotmail.com','+79856619046',75959,112361),(37,'Козлов Антон Петрович','1986-01-22','мужской',5,'AnPekozlov19@bk.ru','+79671251251',74929,743323),(38,'Данилова Виктория Васильевна','1978-03-06','женский',19,'ViVadanilova19@hotmail.com','+79352659415',93494,108415),(39,'Кузнецов Антон Александрович','1979-10-14','мужской',2,'AnAlkuznecov20@hotmail.com','+79774317345',94905,716698),(40,'Жукова Людмила Васильевна','1989-10-06','женский',12,'LuVashgukova20@gmail.com','+79593889890',52275,98115),(41,'Козлов Вячеслав Васильевич','1970-10-04','мужской',12,'VVakozlov21@mail.ru','+7918521774',74524,740464),(42,'Рябова Анна Александровна','1976-06-27','женский',11,'AnAlriabova21@mail.ru','+7940147714',57728,81276),(43,'Козлов Вячеслав Петрович','1975-03-21','мужской',11,'VPekozlov22@gmail.com','+79081671760',89691,719910),(44,'Полякова Людмила Васильевна','1988-10-08','женский',13,'LuVapoliakova22@hotmail.com','+79854908582',71852,91171),(45,'Морозов Вадим Семёнович','1988-11-27','мужской',4,'VSmmorozov23@bk.ru','+79001734388',55008,701860),(46,'Данилова Екатерина Витальевна','1989-07-22','женский',18,'EkVtdanilova23@gmail.com','+7936440176',93640,112391),(47,'Козлов Александр Витальевич','1970-03-07','мужской',9,'AlVtkozlov24@hotmail.com','+79393533789',69659,734828),(48,'Никитина Анна Петровна','1995-06-04','женский',6,'AnPenikitina24@hotmail.com','+79068354130',70548,83463),(49,'Иванов Вадим Васильевич','1970-08-08','мужской',7,'VVaiavnov25@mail.ru','+7948552358',70420,702756),(50,'Лазарева Мария Петровна','1974-10-01','женский',5,'MaPelazareva25@mail.ru','+79367529643',91098,92175),(51,'Новиков Василий Антонович','1974-01-20','мужской',7,'VAnnovikov26@gmail.com','+7951460688',70199,701991),(52,'Жукова Людмила Сергеевна','1974-05-14','женский',18,'LuSeshgukova26@gmail.com','+79268126454',72367,108852),(53,'Лебедев Семён Петрович','1979-08-16','мужской',2,'SPelebedev27@bk.ru','+79728505071',60138,739951),(54,'Никитина Виктория Александровна','1970-06-15','женский',6,'ViAlnikitina27@hotmail.com','+79108423384',90535,81785),(55,'Новиков Иван Антонович','1980-02-13','мужской',3,'IAnnovikov28@hotmail.com','+79965086259',89508,729890),(56,'Полякова Татьяна Вячеславовна','1979-07-01','женский',9,'TaVipoliakova28@hotmail.com','+79336212422',63893,81494),(57,'Соколов Антон Васильевич','1994-08-21','мужской',14,'AnVasokolov29@mail.ru','+79882321421',76597,737976),(58,'Ершова Елена Иванoвна','1971-01-07','женский',8,'ElIvershova29@mail.ru','+79034249142',70072,70204),(59,'Морозов Иван Антонович','1977-07-08','мужской',18,'IAnmorozov30@gmail.com','+79517223437',56746,705867),(60,'Медведева Виктория Петровна','1986-11-08','женский',11,'ViPemedvedeva30@hotmail.com','+79382286267',70196,97978),(61,'Лебедев Пётр Васильевич','1992-03-23','мужской',18,'PValebedev31@bk.ru','+7955336775',56554,705107),(62,'Медведева Татьяна Иванoвна','1982-11-11','женский',20,'TaIvmedvedeva31@hotmail.com','+79197404063',91974,87630),(63,'Кузнецов Сергей Иванoвич','1998-07-23','мужской',1,'SIkuznecov32@hotmail.com','+79563488432',61879,703712),(64,'Полякова Мария Семёновна','1989-02-23','женский',3,'MaSmpoliakova32@gmail.com','+79668043825',92789,115634),(65,'Петров Пётр Петрович','1981-04-09','мужской',1,'PPepetrov33@mail.ru','+79643807886',74557,719179),(66,'Соболева Мария Иванoвна','1997-06-18','женский',8,'MaIvsoboleva33@mail.ru','+79737719425',55230,90961),(67,'Новиков Вячеслав Витальевич','1989-06-15','мужской',18,'VVtnovikov34@gmail.com','+79224947744',97280,708344),(68,'Жукова Анна Васильевна','1992-06-02','женский',13,'AnVashgukova34@hotmail.com','+7979810554',64664,105777),(69,'Козлов Семён Вячеславович','1972-06-08','мужской',2,'SVikozlov35@bk.ru','+79958367184',94820,710556),(70,'Никитина Ольга Антоновна','1996-08-26','женский',17,'OlAnnikitina35@gmail.com','+79527806574',81234,109765),(71,'Иванов Сергей Семёнович','1977-03-16','мужской',20,'SSmiavnov36@hotmail.com','+79045104364',88087,748966),(72,'Полякова Ольга Вадимовна','1983-11-13','женский',21,'OlVdpoliakova36@hotmail.com','+79491407564',94576,97654),(73,'Смирнов Вадим Вадимович','1973-06-05','мужской',17,'VVasmirnov37@mail.ru','+79332458788',64955,705600),(74,'Полякова Мариа Витальевна','1987-02-02','женский',2,'MaVtpoliakova37@mail.ru','+79818522436',67502,94725),(75,'Попов Вячеслав Антонович','1984-09-17','мужской',8,'VAnpopov38@gmail.com','+79623436225',96764,733613),(76,'Рябова Елена Сергеевна','1981-07-21','женский',9,'ElSeriabova38@gmail.com','+79966132745',88427,98604),(77,'Лебедев Иван Вячеславович','1998-10-14','мужской',9,'IVilebedev39@bk.ru','+7987838957',94458,709938),(78,'Никитина Мария Сергеевна','1996-09-11','женский',1,'MaSenikitina39@hotmail.com','+79566285894',62214,77592),(79,'Смирнов Вячеслав Семёнович','1984-06-05','мужской',2,'VSmsmirnov40@hotmail.com','+79236627989',87169,722677),(80,'Лазарева Людмила Иванoвна','1989-02-19','женский',11,'LuIvlazareva40@hotmail.com','+79104689648',57077,77161),(81,'Кузнецов Иван Петрович','1977-05-08','мужской',12,'IPekuznecov41@mail.ru','+79148422023',52617,730655),(82,'Жукова Елена Вадимовна','1995-10-18','женский',21,'ElVdshgukova41@mail.ru','+79664642694',55520,98045),(83,'Попов Вячеслав Витальевич','1998-08-21','мужской',6,'VVtpopov42@gmail.com','+79586657671',61466,716061),(84,'Жукова Светланв Семёновна','1970-11-22','женский',5,'SvSmshgukova42@hotmail.com','+79081258837',94189,110487),(85,'Соколов Александр Александрович','1979-09-21','мужской',2,'AlAlsokolov43@bk.ru','+79658909477',51479,745850),(86,'Соболева Елена Сергеевна','1988-07-06','женский',10,'ElSesoboleva43@hotmail.com','+79152494676',97738,90713),(87,'Кузнецов Вадим Семёнович','1979-07-02','мужской',13,'VSmkuznecov44@hotmail.com','+79514103874',85436,738645),(88,'Цветкова Екатерина Вячеславовна','1973-08-05','женский',16,'EkVicvetkova44@gmail.com','+79711702711',63818,81017),(89,'Кузнецов Вадим Вячеславович','1980-09-16','мужской',1,'VVikuznecov45@mail.ru','+79614372493',59011,744519),(90,'Жукова Людмила Вячеславовна','1994-11-09','женский',9,'LuVishgukova45@mail.ru','+79654381335',98480,101221),(91,'Кузнецов Сергей Семёнович','1971-04-08','мужской',10,'SSmkuznecov46@gmail.com','+79538027514',90162,733899),(92,'Жукова Людмила Семёновна','1981-08-08','женский',19,'LuSmshgukova46@hotmail.com','+79327712049',92982,104515),(93,'Морозов Пётр Антонович','1980-02-20','мужской',2,'PAnmorozov47@bk.ru','+79241103360',71412,749511),(94,'Полякова Екатерина Антоновна','1998-05-26','женский',12,'EkAnpoliakova47@gmail.com','+79633939045',68868,81891),(95,'Смирнов Александр Вячеславович','1991-07-16','мужской',16,'AlVismirnov48@hotmail.com','+7920375940',75535,716327),(96,'Медведева Виктория Семёновна','1970-01-10','женский',9,'ViSmmedvedeva48@hotmail.com','+7948442668',84607,84947),(97,'Попов Сергей Вадимович','1970-10-10','мужской',15,'SVapopov49@mail.ru','+79177334379',51934,706689),(98,'Рябова Екатерина Сергеевна','1990-11-24','женский',4,'EkSeriabova49@mail.ru','+7934217695',80474,99652);
/*!40000 ALTER TABLE `resumes` ENABLE KEYS */;
UNLOCK TABLES;

--
-- Table structure for table `selection_steps`
--

DROP TABLE IF EXISTS `selection_steps`;
/*!40101 SET @saved_cs_client     = @@character_set_client */;
/*!50503 SET character_set_client = utf8mb4 */;
CREATE TABLE `selection_steps` (
  `id` tinyint unsigned NOT NULL,
  `name` varchar(128) NOT NULL,
  PRIMARY KEY (`id`),
  UNIQUE KEY `name` (`name`)
) ENGINE=InnoDB DEFAULT CHARSET=utf8mb4 COLLATE=utf8mb4_0900_ai_ci COMMENT='Этапы прохождения отбора кандидатом';
/*!40101 SET character_set_client = @saved_cs_client */;

--
-- Dumping data for table `selection_steps`
--

LOCK TABLES `selection_steps` WRITE;
/*!40000 ALTER TABLE `selection_steps` DISABLE KEYS */;
INSERT INTO `selection_steps` VALUES (2,'Первичное собеседование в кадровой службе'),(6,'Принятие решение о приёме'),(5,'Проверка кандидата в Службе безопасности'),(1,'Проверка полноты персональных данных и документов'),(3,'Собеседование в подразделении подашем заявку на подбор'),(4,'Собеседование с руководителем кадровой службы');
/*!40000 ALTER TABLE `selection_steps` ENABLE KEYS */;
UNLOCK TABLES;

--
-- Table structure for table `staff_table`
--

DROP TABLE IF EXISTS `staff_table`;
/*!40101 SET @saved_cs_client     = @@character_set_client */;
/*!50503 SET character_set_client = utf8mb4 */;
CREATE TABLE `staff_table` (
  `id` bigint unsigned NOT NULL AUTO_INCREMENT,
  `unit_id` bigint unsigned NOT NULL,
  `position_id` bigint unsigned NOT NULL,
  `is_vacant` tinyint(1) DEFAULT '1',
  `vacant_from` datetime DEFAULT CURRENT_TIMESTAMP COMMENT 'С какой даты уществует вакансия',
  `begin_at` datetime DEFAULT CURRENT_TIMESTAMP COMMENT 'Дата создания штатной единицы',
  `end_at` datetime DEFAULT '9999-12-31 00:00:00' COMMENT 'Дата ограничения штатноой единицы',
  UNIQUE KEY `id` (`id`),
  KEY `staff_table_unit_id_fk` (`unit_id`),
  KEY `staff_table_position_id_fk` (`position_id`),
  CONSTRAINT `staff_table_position_id_fk` FOREIGN KEY (`position_id`) REFERENCES `positions` (`id`),
  CONSTRAINT `staff_table_unit_id_fk` FOREIGN KEY (`unit_id`) REFERENCES `units` (`id`)
) ENGINE=InnoDB AUTO_INCREMENT=116 DEFAULT CHARSET=utf8mb4 COLLATE=utf8mb4_0900_ai_ci COMMENT='Штатное расписание';
/*!40101 SET character_set_client = @saved_cs_client */;

--
-- Dumping data for table `staff_table`
--

LOCK TABLES `staff_table` WRITE;
/*!40000 ALTER TABLE `staff_table` DISABLE KEYS */;
INSERT INTO `staff_table` VALUES (1,1,1,1,'2020-02-21 11:27:59','2020-02-21 11:27:59','9999-12-31 00:00:00'),(2,1,11,1,'2020-02-21 11:27:59','2020-02-21 11:27:59','9999-12-31 00:00:00'),(3,1,12,0,'9999-12-31 00:00:00','2020-02-21 11:27:59','9999-12-31 00:00:00'),(4,2,2,1,'2020-02-21 11:27:59','2020-02-21 11:27:59','9999-12-31 00:00:00'),(5,2,5,1,'2020-02-21 11:27:59','2020-02-21 11:27:59','9999-12-31 00:00:00'),(6,2,11,0,'9999-12-31 00:00:00','2020-02-21 11:27:59','9999-12-31 00:00:00'),(7,3,3,1,'2020-02-21 11:27:59','2020-02-21 11:27:59','9999-12-31 00:00:00'),(8,3,6,1,'2020-02-21 11:27:59','2020-02-21 11:27:59','9999-12-31 00:00:00'),(9,3,11,0,'9999-12-31 00:00:00','2020-02-21 11:27:59','9999-12-31 00:00:00'),(10,4,4,0,'9999-12-31 00:00:00','2020-02-21 11:27:59','9999-12-31 00:00:00'),(11,4,7,1,'2020-02-21 11:27:59','2020-02-21 11:27:59','9999-12-31 00:00:00'),(12,4,8,0,'9999-12-31 00:00:00','2020-02-21 11:27:59','9999-12-31 00:00:00'),(13,4,8,1,'2020-02-21 11:27:59','2020-02-21 11:27:59','9999-12-31 00:00:00'),(14,4,9,1,'2020-02-21 11:28:00','2020-02-21 11:28:00','9999-12-31 00:00:00'),(15,5,4,1,'2020-02-21 11:28:00','2020-02-21 11:28:00','9999-12-31 00:00:00'),(16,5,7,1,'2020-02-21 11:28:00','2020-02-21 11:28:00','9999-12-31 00:00:00'),(17,5,9,1,'2020-02-21 11:28:00','2020-02-21 11:28:00','9999-12-31 00:00:00'),(18,5,8,1,'2020-02-21 11:28:00','2020-02-21 11:28:00','9999-12-31 00:00:00'),(19,5,8,1,'2020-02-21 11:28:00','2020-02-21 11:28:00','9999-12-31 00:00:00'),(20,6,4,1,'2020-02-21 11:28:00','2020-02-21 11:28:00','9999-12-31 00:00:00'),(21,6,7,1,'2020-02-21 11:28:00','2020-02-21 11:28:00','9999-12-31 00:00:00'),(22,6,8,1,'2020-02-21 11:28:00','2020-02-21 11:28:00','9999-12-31 00:00:00'),(23,6,8,1,'2020-02-21 11:28:00','2020-02-21 11:28:00','9999-12-31 00:00:00'),(24,6,8,1,'2020-02-21 11:28:00','2020-02-21 11:28:00','9999-12-31 00:00:00'),(25,7,3,1,'2020-02-21 11:28:00','2020-02-21 11:28:00','9999-12-31 00:00:00'),(26,7,6,1,'2020-02-21 11:28:00','2020-02-21 11:28:00','9999-12-31 00:00:00'),(27,7,11,1,'2020-02-21 11:28:00','2020-02-21 11:28:00','9999-12-31 00:00:00'),(28,8,4,1,'2020-02-21 11:28:01','2020-02-21 11:28:01','9999-12-31 00:00:00'),(29,8,7,1,'2020-02-21 11:28:01','2020-02-21 11:28:01','9999-12-31 00:00:00'),(30,8,8,1,'2020-02-21 11:28:01','2020-02-21 11:28:01','9999-12-31 00:00:00'),(31,8,8,1,'2020-02-21 11:28:01','2020-02-21 11:28:01','9999-12-31 00:00:00'),(32,8,9,1,'2020-02-21 11:28:01','2020-02-21 11:28:01','9999-12-31 00:00:00'),(33,9,4,1,'2020-02-21 11:28:01','2020-02-21 11:28:01','9999-12-31 00:00:00'),(34,9,7,1,'2020-02-21 11:28:01','2020-02-21 11:28:01','9999-12-31 00:00:00'),(35,9,9,1,'2020-02-21 11:28:01','2020-02-21 11:28:01','9999-12-31 00:00:00'),(36,9,9,1,'2020-02-21 11:28:01','2020-02-21 11:28:01','9999-12-31 00:00:00'),(37,9,8,1,'2020-02-21 11:28:01','2020-02-21 11:28:01','9999-12-31 00:00:00'),(38,10,4,1,'2020-02-21 11:28:01','2020-02-21 11:28:01','9999-12-31 00:00:00'),(39,10,7,1,'2020-02-21 11:28:01','2020-02-21 11:28:01','9999-12-31 00:00:00'),(40,10,8,1,'2020-02-21 11:28:01','2020-02-21 11:28:01','9999-12-31 00:00:00'),(41,10,9,1,'2020-02-21 11:28:02','2020-02-21 11:28:02','9999-12-31 00:00:00'),(42,10,9,1,'2020-02-21 11:28:02','2020-02-21 11:28:02','9999-12-31 00:00:00'),(43,11,2,1,'2020-02-21 11:28:02','2020-02-21 11:28:02','9999-12-31 00:00:00'),(44,11,5,1,'2020-02-21 11:28:02','2020-02-21 11:28:02','9999-12-31 00:00:00'),(45,11,11,1,'2020-02-21 11:28:02','2020-02-21 11:28:02','9999-12-31 00:00:00'),(46,12,3,1,'2020-02-21 11:28:02','2020-02-21 11:28:02','9999-12-31 00:00:00'),(47,12,6,1,'2020-02-21 11:28:02','2020-02-21 11:28:02','9999-12-31 00:00:00'),(48,12,11,1,'2020-02-21 11:28:02','2020-02-21 11:28:02','9999-12-31 00:00:00'),(49,13,4,1,'2020-02-21 11:28:02','2020-02-21 11:28:02','9999-12-31 00:00:00'),(50,13,7,1,'2020-02-21 11:28:02','2020-02-21 11:28:02','9999-12-31 00:00:00'),(51,13,9,1,'2020-02-21 11:28:02','2020-02-21 11:28:02','9999-12-31 00:00:00'),(52,13,9,1,'2020-02-21 11:28:02','2020-02-21 11:28:02','9999-12-31 00:00:00'),(53,13,8,1,'2020-02-21 11:28:02','2020-02-21 11:28:02','9999-12-31 00:00:00'),(54,14,4,1,'2020-02-21 11:28:02','2020-02-21 11:28:02','9999-12-31 00:00:00'),(55,14,7,1,'2020-02-21 11:28:02','2020-02-21 11:28:02','9999-12-31 00:00:00'),(56,14,8,1,'2020-02-21 11:28:03','2020-02-21 11:28:03','9999-12-31 00:00:00'),(57,14,8,1,'2020-02-21 11:28:03','2020-02-21 11:28:03','9999-12-31 00:00:00'),(58,14,8,1,'2020-02-21 11:28:03','2020-02-21 11:28:03','9999-12-31 00:00:00'),(59,15,4,1,'2020-02-21 11:28:03','2020-02-21 11:28:03','9999-12-31 00:00:00'),(60,15,7,1,'2020-02-21 11:28:03','2020-02-21 11:28:03','9999-12-31 00:00:00'),(61,15,9,1,'2020-02-21 11:28:03','2020-02-21 11:28:03','9999-12-31 00:00:00'),(62,15,8,1,'2020-02-21 11:28:03','2020-02-21 11:28:03','9999-12-31 00:00:00'),(63,15,9,1,'2020-02-21 11:28:03','2020-02-21 11:28:03','9999-12-31 00:00:00'),(64,16,3,1,'2020-02-21 11:28:04','2020-02-21 11:28:04','9999-12-31 00:00:00'),(65,16,6,1,'2020-02-21 11:28:04','2020-02-21 11:28:04','9999-12-31 00:00:00'),(66,16,11,1,'2020-02-21 11:28:04','2020-02-21 11:28:04','9999-12-31 00:00:00'),(67,17,4,1,'2020-02-21 11:28:04','2020-02-21 11:28:04','9999-12-31 00:00:00'),(68,17,7,1,'2020-02-21 11:28:04','2020-02-21 11:28:04','9999-12-31 00:00:00'),(69,17,9,1,'2020-02-21 11:28:04','2020-02-21 11:28:04','9999-12-31 00:00:00'),(70,17,9,1,'2020-02-21 11:28:04','2020-02-21 11:28:04','9999-12-31 00:00:00'),(71,17,9,1,'2020-02-21 11:28:04','2020-02-21 11:28:04','9999-12-31 00:00:00'),(72,18,4,1,'2020-02-21 11:28:04','2020-02-21 11:28:04','9999-12-31 00:00:00'),(73,18,7,1,'2020-02-21 11:28:04','2020-02-21 11:28:04','9999-12-31 00:00:00'),(74,18,9,1,'2020-02-21 11:28:04','2020-02-21 11:28:04','9999-12-31 00:00:00'),(75,18,8,1,'2020-02-21 11:28:04','2020-02-21 11:28:04','9999-12-31 00:00:00'),(76,18,8,1,'2020-02-21 11:28:04','2020-02-21 11:28:04','9999-12-31 00:00:00'),(77,19,4,1,'2020-02-21 11:28:04','2020-02-21 11:28:04','9999-12-31 00:00:00'),(78,19,7,1,'2020-02-21 11:28:04','2020-02-21 11:28:04','9999-12-31 00:00:00'),(79,19,8,1,'2020-02-21 11:28:05','2020-02-21 11:28:05','9999-12-31 00:00:00'),(80,19,8,1,'2020-02-21 11:28:05','2020-02-21 11:28:05','9999-12-31 00:00:00'),(81,19,9,1,'2020-02-21 11:28:05','2020-02-21 11:28:05','9999-12-31 00:00:00'),(82,20,2,1,'2020-02-21 11:28:05','2020-02-21 11:28:05','9999-12-31 00:00:00'),(83,20,5,1,'2020-02-21 11:28:05','2020-02-21 11:28:05','9999-12-31 00:00:00'),(84,20,11,1,'2020-02-21 11:28:05','2020-02-21 11:28:05','9999-12-31 00:00:00'),(85,21,3,1,'2020-02-21 11:28:05','2020-02-21 11:28:05','9999-12-31 00:00:00'),(86,21,6,1,'2020-02-21 11:28:05','2020-02-21 11:28:05','9999-12-31 00:00:00'),(87,21,11,1,'2020-02-21 11:28:05','2020-02-21 11:28:05','9999-12-31 00:00:00'),(88,22,4,1,'2020-02-21 11:28:05','2020-02-21 11:28:05','9999-12-31 00:00:00'),(89,22,7,1,'2020-02-21 11:28:05','2020-02-21 11:28:05','9999-12-31 00:00:00'),(90,22,8,1,'2020-02-21 11:28:05','2020-02-21 11:28:05','9999-12-31 00:00:00'),(91,22,9,1,'2020-02-21 11:28:05','2020-02-21 11:28:05','9999-12-31 00:00:00'),(92,22,8,1,'2020-02-21 11:28:05','2020-02-21 11:28:05','9999-12-31 00:00:00'),(93,23,4,1,'2020-02-21 11:28:05','2020-02-21 11:28:05','9999-12-31 00:00:00'),(94,23,7,1,'2020-02-21 11:28:05','2020-02-21 11:28:05','9999-12-31 00:00:00'),(95,23,8,1,'2020-02-21 11:28:06','2020-02-21 11:28:06','9999-12-31 00:00:00'),(96,23,8,1,'2020-02-21 11:28:06','2020-02-21 11:28:06','9999-12-31 00:00:00'),(97,23,9,1,'2020-02-21 11:28:06','2020-02-21 11:28:06','9999-12-31 00:00:00'),(98,24,4,1,'2020-02-21 11:28:06','2020-02-21 11:28:06','9999-12-31 00:00:00'),(99,24,7,1,'2020-02-21 11:28:06','2020-02-21 11:28:06','9999-12-31 00:00:00'),(100,24,9,1,'2020-02-21 11:28:06','2020-02-21 11:28:06','9999-12-31 00:00:00'),(101,24,8,1,'2020-02-21 11:28:06','2020-02-21 11:28:06','9999-12-31 00:00:00'),(102,24,9,1,'2020-02-21 11:28:06','2020-02-21 11:28:06','9999-12-31 00:00:00'),(103,25,3,1,'2020-02-21 11:28:06','2020-02-21 11:28:06','9999-12-31 00:00:00'),(104,25,6,1,'2020-02-21 11:28:06','2020-02-21 11:28:06','9999-12-31 00:00:00'),(105,25,11,1,'2020-02-21 11:28:06','2020-02-21 11:28:06','9999-12-31 00:00:00'),(106,26,4,1,'2020-02-21 11:28:06','2020-02-21 11:28:06','9999-12-31 00:00:00'),(107,26,7,1,'2020-02-21 11:28:06','2020-02-21 11:28:06','9999-12-31 00:00:00'),(108,26,9,1,'2020-02-21 11:28:06','2020-02-21 11:28:06','9999-12-31 00:00:00'),(109,26,8,1,'2020-02-21 11:28:07','2020-02-21 11:28:07','9999-12-31 00:00:00'),(110,26,9,1,'2020-02-21 11:28:07','2020-02-21 11:28:07','9999-12-31 00:00:00'),(111,27,4,1,'2020-02-21 11:28:07','2020-02-21 11:28:07','9999-12-31 00:00:00'),(112,27,7,1,'2020-02-21 11:28:07','2020-02-21 11:28:07','9999-12-31 00:00:00'),(113,27,8,1,'2020-02-21 11:28:07','2020-02-21 11:28:07','9999-12-31 00:00:00'),(114,27,8,1,'2020-02-21 11:28:07','2020-02-21 11:28:07','9999-12-31 00:00:00'),(115,27,8,1,'2020-02-21 11:28:07','2020-02-21 11:28:07','9999-12-31 00:00:00');
/*!40000 ALTER TABLE `staff_table` ENABLE KEYS */;
UNLOCK TABLES;

--
-- Table structure for table `tasks`
--

DROP TABLE IF EXISTS `tasks`;
/*!40101 SET @saved_cs_client     = @@character_set_client */;
/*!50503 SET character_set_client = utf8mb4 */;
CREATE TABLE `tasks` (
  `id` bigint unsigned NOT NULL AUTO_INCREMENT,
  `name` text NOT NULL COMMENT 'Текстовое описание задачи',
  `begin_at` datetime DEFAULT CURRENT_TIMESTAMP COMMENT 'Дата создания задачи',
  `end_at` datetime DEFAULT '9999-12-31 00:00:00' COMMENT 'Дата ограничения задачи',
  UNIQUE KEY `id` (`id`)
) ENGINE=InnoDB AUTO_INCREMENT=29 DEFAULT CHARSET=utf8mb4 COLLATE=utf8mb4_0900_ai_ci COMMENT='Задачи подразделений';
/*!40101 SET character_set_client = @saved_cs_client */;

--
-- Dumping data for table `tasks`
--

LOCK TABLES `tasks` WRITE;
/*!40000 ALTER TABLE `tasks` DISABLE KEYS */;
INSERT INTO `tasks` VALUES (1,'Задача 1','2020-02-18 20:44:55','9999-12-31 00:00:00'),(2,'Задача 2','2020-02-18 20:44:55','9999-12-31 00:00:00'),(3,'Задача 3','2020-02-18 20:44:55','9999-12-31 00:00:00'),(4,'Задача 4','2020-02-18 20:44:55','9999-12-31 00:00:00'),(5,'Задача 5','2020-02-18 20:44:55','9999-12-31 00:00:00'),(6,'Задача 6','2020-02-18 20:44:55','9999-12-31 00:00:00'),(7,'Задача 7','2020-02-18 20:44:55','9999-12-31 00:00:00'),(8,'Задача 8','2020-02-18 20:44:55','9999-12-31 00:00:00'),(9,'Задача 9','2020-02-18 20:44:56','9999-12-31 00:00:00'),(10,'Задача 10','2020-02-18 20:44:56','9999-12-31 00:00:00'),(11,'Задача 11','2020-02-18 20:44:56','9999-12-31 00:00:00'),(12,'Задача 12','2020-02-18 20:44:56','9999-12-31 00:00:00'),(13,'Задача 13','2020-02-18 20:44:56','9999-12-31 00:00:00'),(14,'Задача 14','2020-02-18 20:44:56','9999-12-31 00:00:00'),(15,'Задача 15','2020-02-18 20:44:56','9999-12-31 00:00:00'),(16,'Задача 16','2020-02-18 20:44:56','9999-12-31 00:00:00'),(17,'Задача 17','2020-02-18 20:44:56','9999-12-31 00:00:00'),(18,'Задача 18','2020-02-18 20:44:56','9999-12-31 00:00:00'),(19,'Задача 19','2020-02-18 20:44:56','9999-12-31 00:00:00'),(20,'Задача 20','2020-02-18 20:44:56','9999-12-31 00:00:00'),(21,'Задача 21','2020-02-18 20:44:56','9999-12-31 00:00:00'),(22,'Задача 22','2020-02-18 20:44:56','9999-12-31 00:00:00'),(23,'Задача 23','2020-02-18 20:44:56','9999-12-31 00:00:00'),(24,'Задача 24','2020-02-18 20:44:56','9999-12-31 00:00:00'),(25,'Задача 25','2020-02-18 20:44:56','9999-12-31 00:00:00'),(26,'Задача 26','2020-02-18 20:44:56','9999-12-31 00:00:00'),(27,'Задача 27','2020-02-18 20:44:56','9999-12-31 00:00:00'),(28,'Задача 28','2020-02-18 20:44:56','9999-12-31 00:00:00');
/*!40000 ALTER TABLE `tasks` ENABLE KEYS */;
UNLOCK TABLES;

--
-- Table structure for table `tasks_units`
--

DROP TABLE IF EXISTS `tasks_units`;
/*!40101 SET @saved_cs_client     = @@character_set_client */;
/*!50503 SET character_set_client = utf8mb4 */;
CREATE TABLE `tasks_units` (
  `unit_id` bigint unsigned NOT NULL,
  `task_id` bigint unsigned NOT NULL,
  `linked_at` datetime DEFAULT CURRENT_TIMESTAMP COMMENT 'Дата привязки задачи к подразделению',
  `unlinked_at` datetime DEFAULT '9999-12-31 00:00:00' COMMENT 'Дата отсоединения задачи от подразделения',
  KEY `tasks_units_task_id_fk` (`task_id`),
  KEY `tasks_units_unit_id_fk` (`unit_id`),
  CONSTRAINT `tasks_units_task_id_fk` FOREIGN KEY (`task_id`) REFERENCES `tasks` (`id`),
  CONSTRAINT `tasks_units_unit_id_fk` FOREIGN KEY (`unit_id`) REFERENCES `units` (`id`)
) ENGINE=InnoDB DEFAULT CHARSET=utf8mb4 COLLATE=utf8mb4_0900_ai_ci COMMENT='Функции распределяются по должностям штатного расписания';
/*!40101 SET character_set_client = @saved_cs_client */;

--
-- Dumping data for table `tasks_units`
--

LOCK TABLES `tasks_units` WRITE;
/*!40000 ALTER TABLE `tasks_units` DISABLE KEYS */;
INSERT INTO `tasks_units` VALUES (1,1,'2020-02-18 20:45:27','9999-12-31 00:00:00'),(2,2,'2020-02-18 20:45:27','9999-12-31 00:00:00'),(3,3,'2020-02-18 20:45:27','9999-12-31 00:00:00'),(4,4,'2020-02-18 20:45:27','9999-12-31 00:00:00'),(5,5,'2020-02-18 20:45:27','9999-12-31 00:00:00'),(6,6,'2020-02-18 20:45:27','9999-12-31 00:00:00'),(7,7,'2020-02-18 20:45:27','9999-12-31 00:00:00'),(8,8,'2020-02-18 20:45:27','9999-12-31 00:00:00'),(9,9,'2020-02-18 20:45:27','9999-12-31 00:00:00'),(10,10,'2020-02-18 20:45:27','9999-12-31 00:00:00'),(11,11,'2020-02-18 20:45:27','9999-12-31 00:00:00'),(12,12,'2020-02-18 20:45:27','9999-12-31 00:00:00'),(13,13,'2020-02-18 20:45:27','9999-12-31 00:00:00'),(14,14,'2020-02-18 20:45:27','9999-12-31 00:00:00'),(15,15,'2020-02-18 20:45:27','9999-12-31 00:00:00'),(16,16,'2020-02-18 20:45:27','9999-12-31 00:00:00'),(17,17,'2020-02-18 20:45:27','9999-12-31 00:00:00'),(18,18,'2020-02-18 20:45:27','9999-12-31 00:00:00'),(19,19,'2020-02-18 20:45:27','9999-12-31 00:00:00'),(20,20,'2020-02-18 20:45:27','9999-12-31 00:00:00'),(21,21,'2020-02-18 20:45:27','9999-12-31 00:00:00'),(22,22,'2020-02-18 20:45:27','9999-12-31 00:00:00'),(23,23,'2020-02-18 20:45:27','9999-12-31 00:00:00'),(24,24,'2020-02-18 20:45:27','9999-12-31 00:00:00'),(25,25,'2020-02-18 20:45:27','9999-12-31 00:00:00'),(26,26,'2020-02-18 20:45:27','9999-12-31 00:00:00'),(27,27,'2020-02-18 20:45:27','9999-12-31 00:00:00'),(28,28,'2020-02-18 20:45:27','9999-12-31 00:00:00');
/*!40000 ALTER TABLE `tasks_units` ENABLE KEYS */;
UNLOCK TABLES;

--
-- Table structure for table `test_name`
--

DROP TABLE IF EXISTS `test_name`;
/*!40101 SET @saved_cs_client     = @@character_set_client */;
/*!50503 SET character_set_client = utf8mb4 */;
CREATE TABLE `test_name` (
  `id` bigint unsigned NOT NULL AUTO_INCREMENT,
  `name` varchar(128) DEFAULT NULL,
  `sex` enum('мужской','женский') DEFAULT NULL,
  `bd` date DEFAULT NULL,
  `email` varchar(64) DEFAULT NULL,
  `phone` varchar(16) DEFAULT NULL,
  UNIQUE KEY `id` (`id`)
) ENGINE=InnoDB AUTO_INCREMENT=10 DEFAULT CHARSET=utf8mb4 COLLATE=utf8mb4_0900_ai_ci;
/*!40101 SET character_set_client = @saved_cs_client */;

--
-- Dumping data for table `test_name`
--

LOCK TABLES `test_name` WRITE;
/*!40000 ALTER TABLE `test_name` DISABLE KEYS */;
INSERT INTO `test_name` VALUES (1,'Иванов Вадим Семёнович','мужской','1981-10-09','VSmiavnov@mail.ru','+79916325576'),(2,'Иванов Вячеслав Вадимович','мужской','1989-02-17','VVaiavnov@gmail.com','+79748051614'),(3,'Кузнецов Вадим Сергеевич','мужской','1979-02-24','VSekuznecov@hotmail.com','+79931394296'),(4,'Лебедев Иван Александрович','мужской','1987-03-06','IAllebedev@hotmail.com','+79531506721'),(5,'Петров Семён Вячеславович','мужской','1973-08-04','SVipetrov@mail.ru','+79554585440'),(6,'Соколов Александр Вячеславович','мужской','1985-09-07','AlVisokolov@hotmail.com','+79876698940'),(7,'Кузнецов Пётр Семёнович','мужской','1975-09-06','PSmkuznecov@hotmail.com','+79731812916'),(8,'Петров Сергей Витальевич','мужской','1985-07-08','SVtpetrov@gmail.com','+79675899816'),(9,'Новиков Василий Витальевич','мужской','1987-10-16','VVtnovikov@mail.ru','+79266023483');
/*!40000 ALTER TABLE `test_name` ENABLE KEYS */;
UNLOCK TABLES;

--
-- Table structure for table `unit_links`
--

DROP TABLE IF EXISTS `unit_links`;
/*!40101 SET @saved_cs_client     = @@character_set_client */;
/*!50503 SET character_set_client = utf8mb4 */;
CREATE TABLE `unit_links` (
  `unit_id` bigint unsigned NOT NULL,
  `parent_id` bigint unsigned NOT NULL,
  `level` tinyint unsigned NOT NULL COMMENT 'Уровень подразделения в структуре',
  PRIMARY KEY (`unit_id`,`parent_id`),
  KEY `unit_links_parent_id_fk` (`parent_id`),
  CONSTRAINT `unit_links_parent_id_fk` FOREIGN KEY (`parent_id`) REFERENCES `units` (`id`),
  CONSTRAINT `unit_links_unit_id_fk` FOREIGN KEY (`unit_id`) REFERENCES `units` (`id`)
) ENGINE=InnoDB DEFAULT CHARSET=utf8mb4 COLLATE=utf8mb4_0900_ai_ci COMMENT='Иерархия организационных единиц';
/*!40101 SET character_set_client = @saved_cs_client */;

--
-- Dumping data for table `unit_links`
--

LOCK TABLES `unit_links` WRITE;
/*!40000 ALTER TABLE `unit_links` DISABLE KEYS */;
INSERT INTO `unit_links` VALUES (1,1,1),(2,1,1),(2,2,2),(3,1,1),(3,2,2),(3,3,3),(4,1,1),(4,2,2),(4,3,3),(4,4,4),(5,1,1),(5,2,2),(5,3,3),(5,5,4),(6,1,1),(6,2,2),(6,3,3),(6,6,4),(7,1,1),(7,2,2),(7,7,3),(8,1,1),(8,2,2),(8,7,3),(8,8,4),(9,1,1),(9,2,2),(9,7,3),(9,9,4),(10,1,1),(10,2,2),(10,7,3),(10,10,4),(11,1,1),(11,11,2),(12,1,1),(12,11,2),(12,12,3),(13,1,1),(13,11,2),(13,12,3),(13,13,4),(14,1,1),(14,11,2),(14,12,3),(14,14,4),(15,1,1),(15,11,2),(15,12,3),(15,15,4),(16,1,1),(16,11,2),(16,16,3),(17,1,1),(17,11,2),(17,16,3),(17,17,4),(18,1,1),(18,11,2),(18,16,3),(18,18,4),(19,1,1),(19,11,2),(19,16,3),(19,19,4),(20,1,1),(20,20,2),(21,1,1),(21,20,2),(21,21,3),(22,1,1),(22,20,2),(22,21,3),(22,22,4),(23,1,1),(23,20,2),(23,21,3),(23,23,4),(24,1,1),(24,20,2),(24,21,3),(24,24,4),(25,1,1),(25,20,2),(25,25,3),(26,1,1),(26,20,2),(26,25,3),(26,26,4),(27,1,1),(27,20,2),(27,25,3),(27,27,4),(28,1,1),(28,20,2),(28,25,3),(28,28,4);
/*!40000 ALTER TABLE `unit_links` ENABLE KEYS */;
UNLOCK TABLES;

--
-- Table structure for table `units`
--

DROP TABLE IF EXISTS `units`;
/*!40101 SET @saved_cs_client     = @@character_set_client */;
/*!50503 SET character_set_client = utf8mb4 */;
CREATE TABLE `units` (
  `id` bigint unsigned NOT NULL AUTO_INCREMENT,
  `parent_id` bigint unsigned DEFAULT NULL,
  `name` varchar(128) DEFAULT NULL COMMENT 'Наименование орг. единицы',
  `begin_at` datetime DEFAULT CURRENT_TIMESTAMP COMMENT 'Дата создания орг. единицы',
  `end_at` datetime DEFAULT '9999-12-31 00:00:00' COMMENT 'Дата ограничения орг. единицы',
  UNIQUE KEY `id` (`id`)
) ENGINE=InnoDB AUTO_INCREMENT=29 DEFAULT CHARSET=utf8mb4 COLLATE=utf8mb4_0900_ai_ci COMMENT='Организационные единиц';
/*!40101 SET character_set_client = @saved_cs_client */;

--
-- Dumping data for table `units`
--

LOCK TABLES `units` WRITE;
/*!40000 ALTER TABLE `units` DISABLE KEYS */;
INSERT INTO `units` VALUES (1,NULL,'Организация','2020-02-18 20:43:51','9999-12-31 00:00:00'),(2,1,'Департамент 1','2020-02-18 20:43:51','9999-12-31 00:00:00'),(3,2,'Управление 11','2020-02-18 20:43:51','9999-12-31 00:00:00'),(4,3,'отдел 111','2020-02-18 20:43:51','9999-12-31 00:00:00'),(5,3,'отдел 112','2020-02-18 20:43:51','9999-12-31 00:00:00'),(6,3,'отдел 113','2020-02-18 20:43:51','9999-12-31 00:00:00'),(7,2,'Управление 12','2020-02-18 20:43:51','9999-12-31 00:00:00'),(8,7,'отдел 121','2020-02-18 20:43:51','9999-12-31 00:00:00'),(9,7,'отдел 122','2020-02-18 20:43:51','9999-12-31 00:00:00'),(10,7,'отдел 123','2020-02-18 20:43:51','9999-12-31 00:00:00'),(11,1,'Департамент 2','2020-02-18 20:43:51','9999-12-31 00:00:00'),(12,11,'Управление 21','2020-02-18 20:43:51','9999-12-31 00:00:00'),(13,12,'отдел 211','2020-02-18 20:43:51','9999-12-31 00:00:00'),(14,12,'отдел 212','2020-02-18 20:43:51','9999-12-31 00:00:00'),(15,12,'отдел 213','2020-02-18 20:43:51','9999-12-31 00:00:00'),(16,11,'Управление 22','2020-02-18 20:43:51','9999-12-31 00:00:00'),(17,16,'отдел 221','2020-02-18 20:43:51','9999-12-31 00:00:00'),(18,16,'отдел 222','2020-02-18 20:43:51','9999-12-31 00:00:00'),(19,16,'отдел 223','2020-02-18 20:43:51','9999-12-31 00:00:00'),(20,1,'Департамент 3','2020-02-18 20:43:51','9999-12-31 00:00:00'),(21,20,'Управление 31','2020-02-18 20:43:51','9999-12-31 00:00:00'),(22,21,'отдел 311','2020-02-18 20:43:51','9999-12-31 00:00:00'),(23,21,'отдел 312','2020-02-18 20:43:51','9999-12-31 00:00:00'),(24,21,'отдел 313','2020-02-18 20:43:51','9999-12-31 00:00:00'),(25,20,'Управление 32','2020-02-18 20:43:51','9999-12-31 00:00:00'),(26,25,'отдел 321','2020-02-18 20:43:51','9999-12-31 00:00:00'),(27,25,'отдел 322','2020-02-18 20:43:51','9999-12-31 00:00:00'),(28,25,'отдел 323','2020-02-18 20:43:51','9999-12-31 00:00:00');
/*!40000 ALTER TABLE `units` ENABLE KEYS */;
UNLOCK TABLES;
/*!50003 SET @saved_cs_client      = @@character_set_client */ ;
/*!50003 SET @saved_cs_results     = @@character_set_results */ ;
/*!50003 SET @saved_col_connection = @@collation_connection */ ;
/*!50003 SET character_set_client  = utf8 */ ;
/*!50003 SET character_set_results = utf8 */ ;
/*!50003 SET collation_connection  = utf8_general_ci */ ;
/*!50003 SET @saved_sql_mode       = @@sql_mode */ ;
/*!50003 SET sql_mode              = 'ONLY_FULL_GROUP_BY,STRICT_TRANS_TABLES,NO_ZERO_IN_DATE,NO_ZERO_DATE,ERROR_FOR_DIVISION_BY_ZERO,NO_ENGINE_SUBSTITUTION' */ ;
DELIMITER ;;
/*!50003 CREATE*/ /*!50017 DEFINER=`root`@`localhost`*/ /*!50003 TRIGGER `add_unit` AFTER INSERT ON `units` FOR EACH ROW BEGIN
	IF NEW.parent_id IS NULL THEN
		INSERT INTO unit_links (unit_id, parent_id, level)
			VALUES(NEW.id, NEW.id, 1);
    ELSE 
		SELECT level INTO @l FROM unit_links WHERE unit_id = NEW.parent_id AND parent_id = NEW.parent_id;
        INSERT INTO unit_links (unit_id, parent_id, level)
			VALUES(NEW.id, NEW.id, @l + 1);
        INSERT INTO unit_links (unit_id, parent_id, level)
					SELECT NEW.id, parent_id, level FROM unit_links WHERE unit_id = NEW.parent_id;	
    END IF;        
END */;;
DELIMITER ;
/*!50003 SET sql_mode              = @saved_sql_mode */ ;
/*!50003 SET character_set_client  = @saved_cs_client */ ;
/*!50003 SET character_set_results = @saved_cs_results */ ;
/*!50003 SET collation_connection  = @saved_col_connection */ ;

--
-- Table structure for table `wishes`
--

DROP TABLE IF EXISTS `wishes`;
/*!40101 SET @saved_cs_client     = @@character_set_client */;
/*!50503 SET character_set_client = utf8mb4 */;
CREATE TABLE `wishes` (
  `id` bigint unsigned NOT NULL AUTO_INCREMENT,
  `name` varchar(128) NOT NULL,
  UNIQUE KEY `id` (`id`),
  UNIQUE KEY `name` (`name`)
) ENGINE=InnoDB AUTO_INCREMENT=6 DEFAULT CHARSET=utf8mb4 COLLATE=utf8mb4_0900_ai_ci COMMENT='Виды пожеланий кандидата';
/*!40101 SET character_set_client = @saved_cs_client */;

--
-- Dumping data for table `wishes`
--

LOCK TABLES `wishes` WRITE;
/*!40000 ALTER TABLE `wishes` DISABLE KEYS */;
INSERT INTO `wishes` VALUES (3,'Вид договора'),(1,'Готовность к командировкам'),(2,'Готовность к перезду'),(5,'Ожидания по зарплате'),(4,'Характер занятости');
/*!40000 ALTER TABLE `wishes` ENABLE KEYS */;
UNLOCK TABLES;
/*!40103 SET TIME_ZONE=@OLD_TIME_ZONE */;

/*!40101 SET SQL_MODE=@OLD_SQL_MODE */;
/*!40014 SET FOREIGN_KEY_CHECKS=@OLD_FOREIGN_KEY_CHECKS */;
/*!40014 SET UNIQUE_CHECKS=@OLD_UNIQUE_CHECKS */;
/*!40101 SET CHARACTER_SET_CLIENT=@OLD_CHARACTER_SET_CLIENT */;
/*!40101 SET CHARACTER_SET_RESULTS=@OLD_CHARACTER_SET_RESULTS */;
/*!40101 SET COLLATION_CONNECTION=@OLD_COLLATION_CONNECTION */;
/*!40111 SET SQL_NOTES=@OLD_SQL_NOTES */;

-- Dump completed on 2020-02-21 13:36:53
