-- MySQL dump 10.13  Distrib 8.0.19, for Linux (x86_64)
--
-- Host: localhost    Database: hunter
-- ------------------------------------------------------
-- Server version	8.0.19

/*!40101 SET @OLD_CHARACTER_SET_CLIENT=@@CHARACTER_SET_CLIENT */;
/*!40101 SET @OLD_CHARACTER_SET_RESULTS=@@CHARACTER_SET_RESULTS */;
/*!40101 SET @OLD_COLLATION_CONNECTION=@@COLLATION_CONNECTION */;
/*!50503 SET NAMES utf8mb4 */;
/*!40103 SET @OLD_TIME_ZONE=@@TIME_ZONE */;
/*!40103 SET TIME_ZONE='+00:00' */;
/*!40014 SET @OLD_UNIQUE_CHECKS=@@UNIQUE_CHECKS, UNIQUE_CHECKS=0 */;
/*!40014 SET @OLD_FOREIGN_KEY_CHECKS=@@FOREIGN_KEY_CHECKS, FOREIGN_KEY_CHECKS=0 */;
/*!40101 SET @OLD_SQL_MODE=@@SQL_MODE, SQL_MODE='NO_AUTO_VALUE_ON_ZERO' */;
/*!40111 SET @OLD_SQL_NOTES=@@SQL_NOTES, SQL_NOTES=0 */;

--
-- Table structure for table `activities`
--

DROP TABLE IF EXISTS `activities`;
/*!40101 SET @saved_cs_client     = @@character_set_client */;
/*!50503 SET character_set_client = utf8mb4 */;
CREATE TABLE `activities` (
  `id` bigint unsigned NOT NULL AUTO_INCREMENT,
  `name` varchar(255) DEFAULT NULL,
  UNIQUE KEY `id` (`id`)
) ENGINE=InnoDB AUTO_INCREMENT=27 DEFAULT CHARSET=utf8mb4 COLLATE=utf8mb4_0900_ai_ci COMMENT='Направления деятельности';
/*!40101 SET character_set_client = @saved_cs_client */;

--
-- Dumping data for table `activities`
--

LOCK TABLES `activities` WRITE;
/*!40000 ALTER TABLE `activities` DISABLE KEYS */;
INSERT INTO `activities` VALUES (1,'Административное обеспечение'),(2,'Бурение'),(3,'Бухгалтерский учет и налогообложение'),(4,'Внешнеэкономическая деятельность'),(5,'Геологоразведка'),(6,'Геофизика'),(7,'Добыча газа, газового конденсата, нефти'),(8,'Инвестиции и строительство'),(9,'Маркетинг'),(10,'Мобилизационная подготовка и гражданская оборона'),(11,'Освоение морских месторождений'),(12,'Переработка и использование газа'),(13,'Подземное хранение газа'),(14,'Связи с общественностью'),(15,'Стратегическое развитие'),(16,'Страхование'),(17,'Транспортировка газа'),(18,'Транспортные средства и спецтехника'),(19,'Управление имуществом'),(20,'Управление персоналом'),(21,'Управление производственными объектами'),(22,'Управление технологическими процессами'),(23,'Финансы и экономика'),(24,'Хозяйственное обеспечение'),(25,'Электроэнергетика'),(26,'Юридическое сопровождение');
/*!40000 ALTER TABLE `activities` ENABLE KEYS */;
UNLOCK TABLES;

--
-- Table structure for table `contract_types`
--

DROP TABLE IF EXISTS `contract_types`;
/*!40101 SET @saved_cs_client     = @@character_set_client */;
/*!50503 SET character_set_client = utf8mb4 */;
CREATE TABLE `contract_types` (
  `id` bigint unsigned NOT NULL AUTO_INCREMENT,
  `name` varchar(64) DEFAULT NULL,
  UNIQUE KEY `id` (`id`)
) ENGINE=InnoDB AUTO_INCREMENT=3 DEFAULT CHARSET=utf8mb4 COLLATE=utf8mb4_0900_ai_ci COMMENT='Виды трудовых договоров';
/*!40101 SET character_set_client = @saved_cs_client */;

--
-- Dumping data for table `contract_types`
--

LOCK TABLES `contract_types` WRITE;
/*!40000 ALTER TABLE `contract_types` DISABLE KEYS */;
INSERT INTO `contract_types` VALUES (1,'Срочный'),(2,'Бессрочный');
/*!40000 ALTER TABLE `contract_types` ENABLE KEYS */;
UNLOCK TABLES;

--
-- Table structure for table `doc_types`
--

DROP TABLE IF EXISTS `doc_types`;
/*!40101 SET @saved_cs_client     = @@character_set_client */;
/*!50503 SET character_set_client = utf8mb4 */;
CREATE TABLE `doc_types` (
  `id` bigint unsigned NOT NULL AUTO_INCREMENT,
  `name` varchar(128) NOT NULL,
  `is_necessary` tinyint(1) NOT NULL,
  UNIQUE KEY `id` (`id`),
  UNIQUE KEY `name` (`name`)
) ENGINE=InnoDB AUTO_INCREMENT=16 DEFAULT CHARSET=utf8mb4 COLLATE=utf8mb4_0900_ai_ci COMMENT='Виды документов';
/*!40101 SET character_set_client = @saved_cs_client */;

--
-- Dumping data for table `doc_types`
--

LOCK TABLES `doc_types` WRITE;
/*!40000 ALTER TABLE `doc_types` DISABLE KEYS */;
INSERT INTO `doc_types` VALUES (1,'Справка',0),(2,'Аттесстат',0),(3,'Диплом',1),(4,'Сертификат',0),(5,'Свидетельство',0),(6,'Паспорт РФ',1),(7,'Заграничный паспорт',0),(8,'Свидетельство ИНН',1),(9,'СНИЛС',1),(10,'Автобиография',1),(11,'Трудовая книжка',1),(12,'Военный билет',0),(13,'Самопрезентация',1),(14,'Согласие на обработку персональных данных',1),(15,'Резюме',1);
/*!40000 ALTER TABLE `doc_types` ENABLE KEYS */;
UNLOCK TABLES;

--
-- Table structure for table `edu_m`
--

DROP TABLE IF EXISTS `edu_m`;
/*!40101 SET @saved_cs_client     = @@character_set_client */;
/*!50503 SET character_set_client = utf8mb4 */;
CREATE TABLE `edu_m` (
  `id` bigint unsigned NOT NULL AUTO_INCREMENT,
  `name` varchar(32) DEFAULT NULL,
  `edu_type_id` bigint unsigned DEFAULT NULL,
  UNIQUE KEY `id` (`id`)
) ENGINE=InnoDB AUTO_INCREMENT=13 DEFAULT CHARSET=utf8mb4 COLLATE=utf8mb4_0900_ai_ci;
/*!40101 SET character_set_client = @saved_cs_client */;

--
-- Dumping data for table `edu_m`
--

LOCK TABLES `edu_m` WRITE;
/*!40000 ALTER TABLE `edu_m` DISABLE KEYS */;
INSERT INTO `edu_m` VALUES (1,'Университет 1',6),(2,'Академия 1',6),(3,'Институт 1',6),(4,'Университет 2',6),(5,'Академия 2',6),(6,'Институт 2',6),(7,'Университет 3',6),(8,'Академия 3',6),(9,'Институт 3',6),(10,'Техникум 1',4),(11,'Техникум 2',4),(12,'Техникум 3',4);
/*!40000 ALTER TABLE `edu_m` ENABLE KEYS */;
UNLOCK TABLES;

--
-- Table structure for table `edu_types`
--

DROP TABLE IF EXISTS `edu_types`;
/*!40101 SET @saved_cs_client     = @@character_set_client */;
/*!50503 SET character_set_client = utf8mb4 */;
CREATE TABLE `edu_types` (
  `id` bigint unsigned NOT NULL AUTO_INCREMENT,
  `name` varchar(128) NOT NULL,
  UNIQUE KEY `id` (`id`),
  UNIQUE KEY `name` (`name`)
) ENGINE=InnoDB AUTO_INCREMENT=14 DEFAULT CHARSET=utf8mb4 COLLATE=utf8mb4_0900_ai_ci COMMENT='Виды образования';
/*!40101 SET character_set_client = @saved_cs_client */;

--
-- Dumping data for table `edu_types`
--

LOCK TABLES `edu_types` WRITE;
/*!40000 ALTER TABLE `edu_types` DISABLE KEYS */;
INSERT INTO `edu_types` VALUES (6,'Высшее профессиональное образование'),(12,'Консультационные семинары'),(11,'Краткосрочные семинары'),(3,'Начальное профессиональное образование'),(5,'Неполное высшее образование'),(1,'Основное общее образование'),(9,'Повышение квалификации'),(7,'Послевузовское профессиональное образование'),(10,'Профессиональная переподготовка'),(2,'Среднее (полное) общее образование'),(4,'Среднее профессиональное образование'),(13,'Стажировка'),(8,'Ученое звание, ученая степень');
/*!40000 ALTER TABLE `edu_types` ENABLE KEYS */;
UNLOCK TABLES;

--
-- Table structure for table `fan_m`
--

DROP TABLE IF EXISTS `fan_m`;
/*!40101 SET @saved_cs_client     = @@character_set_client */;
/*!50503 SET character_set_client = utf8mb4 */;
CREATE TABLE `fan_m` (
  `id` bigint unsigned NOT NULL AUTO_INCREMENT,
  `name` varchar(32) DEFAULT NULL,
  `im` char(2) DEFAULT NULL,
  UNIQUE KEY `id` (`id`)
) ENGINE=InnoDB AUTO_INCREMENT=11 DEFAULT CHARSET=utf8mb4 COLLATE=utf8mb4_0900_ai_ci;
/*!40101 SET character_set_client = @saved_cs_client */;

--
-- Dumping data for table `fan_m`
--

LOCK TABLES `fan_m` WRITE;
/*!40000 ALTER TABLE `fan_m` DISABLE KEYS */;
INSERT INTO `fan_m` VALUES (1,'Иван','I'),(2,'Сергей','S'),(3,'Пётр','P'),(4,'Семён','S'),(5,'Василий','V'),(6,'Александр','Al'),(7,'Вячеслав','V'),(8,'Вадим','V'),(9,'Антон','An'),(10,'Виталий','Vi');
/*!40000 ALTER TABLE `fan_m` ENABLE KEYS */;
UNLOCK TABLES;

--
-- Table structure for table `fan_w`
--

DROP TABLE IF EXISTS `fan_w`;
/*!40101 SET @saved_cs_client     = @@character_set_client */;
/*!50503 SET character_set_client = utf8mb4 */;
CREATE TABLE `fan_w` (
  `id` bigint unsigned NOT NULL AUTO_INCREMENT,
  `name` varchar(32) DEFAULT NULL,
  `im` char(2) DEFAULT NULL,
  UNIQUE KEY `id` (`id`)
) ENGINE=InnoDB AUTO_INCREMENT=11 DEFAULT CHARSET=utf8mb4 COLLATE=utf8mb4_0900_ai_ci;
/*!40101 SET character_set_client = @saved_cs_client */;

--
-- Dumping data for table `fan_w`
--

LOCK TABLES `fan_w` WRITE;
/*!40000 ALTER TABLE `fan_w` DISABLE KEYS */;
INSERT INTO `fan_w` VALUES (1,'Мария','Ma'),(2,'Ольга','Ol'),(3,'Татьяна','Ta'),(4,'Екатерина','Ek'),(5,'Анна','An'),(6,'Виктория','Vi'),(7,'Светланв','Sv'),(8,'Елена','El'),(9,'Людмила','Lu'),(10,'Мариа','Ma');
/*!40000 ALTER TABLE `fan_w` ENABLE KEYS */;
UNLOCK TABLES;

--
-- Table structure for table `ffn_m`
--

DROP TABLE IF EXISTS `ffn_m`;
/*!40101 SET @saved_cs_client     = @@character_set_client */;
/*!50503 SET character_set_client = utf8mb4 */;
CREATE TABLE `ffn_m` (
  `id` bigint unsigned NOT NULL AUTO_INCREMENT,
  `name` varchar(32) DEFAULT NULL,
  `io` char(2) DEFAULT NULL,
  UNIQUE KEY `id` (`id`)
) ENGINE=InnoDB AUTO_INCREMENT=11 DEFAULT CHARSET=utf8mb4 COLLATE=utf8mb4_0900_ai_ci;
/*!40101 SET character_set_client = @saved_cs_client */;

--
-- Dumping data for table `ffn_m`
--

LOCK TABLES `ffn_m` WRITE;
/*!40000 ALTER TABLE `ffn_m` DISABLE KEYS */;
INSERT INTO `ffn_m` VALUES (1,'Иванoвич','I'),(2,'Сергеевич','Se'),(3,'Петрович','Pe'),(4,'Семёнович','Sm'),(5,'Васильевич','Va'),(6,'Александрович','Al'),(7,'Вячеславович','Vi'),(8,'Вадимович','Va'),(9,'Антонович','An'),(10,'Витальевич','Vt');
/*!40000 ALTER TABLE `ffn_m` ENABLE KEYS */;
UNLOCK TABLES;

--
-- Table structure for table `ffn_w`
--

DROP TABLE IF EXISTS `ffn_w`;
/*!40101 SET @saved_cs_client     = @@character_set_client */;
/*!50503 SET character_set_client = utf8mb4 */;
CREATE TABLE `ffn_w` (
  `id` bigint unsigned NOT NULL AUTO_INCREMENT,
  `name` varchar(32) DEFAULT NULL,
  `io` char(2) DEFAULT NULL,
  UNIQUE KEY `id` (`id`)
) ENGINE=InnoDB AUTO_INCREMENT=26 DEFAULT CHARSET=utf8mb4 COLLATE=utf8mb4_0900_ai_ci;
/*!40101 SET character_set_client = @saved_cs_client */;

--
-- Dumping data for table `ffn_w`
--

LOCK TABLES `ffn_w` WRITE;
/*!40000 ALTER TABLE `ffn_w` DISABLE KEYS */;
INSERT INTO `ffn_w` VALUES (1,'Иванoвна','Iv'),(2,'Сергеевна','Se'),(3,'Петровна','Pe'),(4,'Семёновна','Sm'),(5,'Васильевна','Va'),(6,'Александровна','Al'),(7,'Вячеславовна','Vi'),(8,'Вадимовна','Vd'),(9,'Антоновна','An'),(10,'Витальевна','Vt');
/*!40000 ALTER TABLE `ffn_w` ENABLE KEYS */;
UNLOCK TABLES;

--
-- Table structure for table `firms`
--

DROP TABLE IF EXISTS `firms`;
/*!40101 SET @saved_cs_client     = @@character_set_client */;
/*!50503 SET character_set_client = utf8mb4 */;
CREATE TABLE `firms` (
  `id` bigint unsigned NOT NULL AUTO_INCREMENT,
  `name` varchar(32) DEFAULT NULL,
  UNIQUE KEY `id` (`id`)
) ENGINE=InnoDB AUTO_INCREMENT=16 DEFAULT CHARSET=utf8mb4 COLLATE=utf8mb4_0900_ai_ci;
/*!40101 SET character_set_client = @saved_cs_client */;

--
-- Dumping data for table `firms`
--

LOCK TABLES `firms` WRITE;
/*!40000 ALTER TABLE `firms` DISABLE KEYS */;
INSERT INTO `firms` VALUES (1,'Завод 123'),(2,'Фирма Рога и Копыта'),(3,'Фирма 789'),(4,'Швейная фабрика'),(5,'Нефтеперерабатывающий завод'),(6,'Завод имени Кирова'),(7,'Путиловский завод'),(8,'РЖД'),(9,'Транснефть'),(10,'Роснефть'),(11,'Новатэк'),(12,'Перекресток'),(13,'Аэрофлот'),(14,'Транснефть'),(15,'Кока-Кола');
/*!40000 ALTER TABLE `firms` ENABLE KEYS */;
UNLOCK TABLES;

--
-- Table structure for table `foreign_levels`
--

DROP TABLE IF EXISTS `foreign_levels`;
/*!40101 SET @saved_cs_client     = @@character_set_client */;
/*!50503 SET character_set_client = utf8mb4 */;
CREATE TABLE `foreign_levels` (
  `id` bigint unsigned NOT NULL AUTO_INCREMENT,
  `name` varchar(64) NOT NULL,
  UNIQUE KEY `id` (`id`),
  UNIQUE KEY `name` (`name`)
) ENGINE=InnoDB AUTO_INCREMENT=10 DEFAULT CHARSET=utf8mb4 COLLATE=utf8mb4_0900_ai_ci COMMENT='Виды документов';
/*!40101 SET character_set_client = @saved_cs_client */;

--
-- Dumping data for table `foreign_levels`
--

LOCK TABLES `foreign_levels` WRITE;
/*!40000 ALTER TABLE `foreign_levels` DISABLE KEYS */;
INSERT INTO `foreign_levels` VALUES (1,'A1'),(2,'A2'),(3,'B1'),(4,'B2'),(5,'C1'),(6,'C2'),(9,'Владеет свободно'),(8,'Умеет объясняться'),(7,'Читает и переводит со словарем');
/*!40000 ALTER TABLE `foreign_levels` ENABLE KEYS */;
UNLOCK TABLES;

--
-- Table structure for table `fsn_m`
--

DROP TABLE IF EXISTS `fsn_m`;
/*!40101 SET @saved_cs_client     = @@character_set_client */;
/*!50503 SET character_set_client = utf8mb4 */;
CREATE TABLE `fsn_m` (
  `id` bigint unsigned NOT NULL AUTO_INCREMENT,
  `name` varchar(32) DEFAULT NULL,
  `ename` varchar(32) DEFAULT NULL,
  UNIQUE KEY `id` (`id`)
) ENGINE=InnoDB AUTO_INCREMENT=11 DEFAULT CHARSET=utf8mb4 COLLATE=utf8mb4_0900_ai_ci;
/*!40101 SET character_set_client = @saved_cs_client */;

--
-- Dumping data for table `fsn_m`
--

LOCK TABLES `fsn_m` WRITE;
/*!40000 ALTER TABLE `fsn_m` DISABLE KEYS */;
INSERT INTO `fsn_m` VALUES (1,'Смирнов','smirnov'),(2,'Иванов','iavnov'),(3,'Кузнецов','kuznecov'),(4,'Соколов','sokolov'),(5,'Попов','popov'),(6,'Лебедев','lebedev'),(7,'Козлов','kozlov'),(8,'Новиков','novikov'),(9,'Морозов','morozov'),(10,'Петров','petrov');
/*!40000 ALTER TABLE `fsn_m` ENABLE KEYS */;
UNLOCK TABLES;

--
-- Table structure for table `fsn_w`
--

DROP TABLE IF EXISTS `fsn_w`;
/*!40101 SET @saved_cs_client     = @@character_set_client */;
/*!50503 SET character_set_client = utf8mb4 */;
CREATE TABLE `fsn_w` (
  `id` bigint unsigned NOT NULL AUTO_INCREMENT,
  `name` varchar(32) DEFAULT NULL,
  `ename` varchar(32) DEFAULT NULL,
  UNIQUE KEY `id` (`id`)
) ENGINE=InnoDB AUTO_INCREMENT=11 DEFAULT CHARSET=utf8mb4 COLLATE=utf8mb4_0900_ai_ci;
/*!40101 SET character_set_client = @saved_cs_client */;

--
-- Dumping data for table `fsn_w`
--

LOCK TABLES `fsn_w` WRITE;
/*!40000 ALTER TABLE `fsn_w` DISABLE KEYS */;
INSERT INTO `fsn_w` VALUES (1,'Лазарева','lazareva'),(2,'Медведева','medvedeva'),(3,'Ершова','ershova'),(4,'Никитина','nikitina'),(5,'Соболева','soboleva'),(6,'Рябова','riabova'),(7,'Полякова','poliakova'),(8,'Цветкова','cvetkova'),(9,'Данилова','danilova'),(10,'Жукова','shgukova');
/*!40000 ALTER TABLE `fsn_w` ENABLE KEYS */;
UNLOCK TABLES;

--
-- Table structure for table `functions`
--

DROP TABLE IF EXISTS `functions`;
/*!40101 SET @saved_cs_client     = @@character_set_client */;
/*!50503 SET character_set_client = utf8mb4 */;
CREATE TABLE `functions` (
  `id` bigint unsigned NOT NULL AUTO_INCREMENT,
  `task_id` bigint unsigned NOT NULL,
  `name` text NOT NULL COMMENT 'Текстовое описание функции',
  `begin_at` datetime DEFAULT CURRENT_TIMESTAMP COMMENT 'Дата создания функции',
  `end_at` datetime DEFAULT '9999-12-31 00:00:00' COMMENT 'Дата ограничения функции',
  UNIQUE KEY `id` (`id`),
  KEY `functions_task_id_fk` (`task_id`),
  CONSTRAINT `functions_task_id_fk` FOREIGN KEY (`task_id`) REFERENCES `tasks` (`id`)
) ENGINE=InnoDB AUTO_INCREMENT=113 DEFAULT CHARSET=utf8mb4 COLLATE=utf8mb4_0900_ai_ci COMMENT='Функции распределяются по должностям штатного расписания';
/*!40101 SET character_set_client = @saved_cs_client */;

--
-- Dumping data for table `functions`
--

LOCK TABLES `functions` WRITE;
/*!40000 ALTER TABLE `functions` DISABLE KEYS */;
INSERT INTO `functions` VALUES (1,1,'Функция 11','2020-02-18 20:44:55','9999-12-31 00:00:00'),(2,1,'Функция 12','2020-02-18 20:44:55','9999-12-31 00:00:00'),(3,1,'Функция 13','2020-02-18 20:44:55','9999-12-31 00:00:00'),(4,1,'Функция 14','2020-02-18 20:44:55','9999-12-31 00:00:00'),(5,2,'Функция 21','2020-02-18 20:44:55','9999-12-31 00:00:00'),(6,2,'Функция 22','2020-02-18 20:44:55','9999-12-31 00:00:00'),(7,2,'Функция 23','2020-02-18 20:44:55','9999-12-31 00:00:00'),(8,2,'Функция 24','2020-02-18 20:44:55','9999-12-31 00:00:00'),(9,3,'Функция 31','2020-02-18 20:44:55','9999-12-31 00:00:00'),(10,3,'Функция 32','2020-02-18 20:44:55','9999-12-31 00:00:00'),(11,3,'Функция 33','2020-02-18 20:44:55','9999-12-31 00:00:00'),(12,3,'Функция 34','2020-02-18 20:44:55','9999-12-31 00:00:00'),(13,4,'Функция 41','2020-02-18 20:44:55','9999-12-31 00:00:00'),(14,4,'Функция 42','2020-02-18 20:44:55','9999-12-31 00:00:00'),(15,4,'Функция 43','2020-02-18 20:44:55','9999-12-31 00:00:00'),(16,4,'Функция 44','2020-02-18 20:44:55','9999-12-31 00:00:00'),(17,5,'Функция 51','2020-02-18 20:44:55','9999-12-31 00:00:00'),(18,5,'Функция 52','2020-02-18 20:44:55','9999-12-31 00:00:00'),(19,5,'Функция 53','2020-02-18 20:44:55','9999-12-31 00:00:00'),(20,5,'Функция 54','2020-02-18 20:44:55','9999-12-31 00:00:00'),(21,6,'Функция 61','2020-02-18 20:44:55','9999-12-31 00:00:00'),(22,6,'Функция 62','2020-02-18 20:44:55','9999-12-31 00:00:00'),(23,6,'Функция 63','2020-02-18 20:44:55','9999-12-31 00:00:00'),(24,6,'Функция 64','2020-02-18 20:44:55','9999-12-31 00:00:00'),(25,7,'Функция 71','2020-02-18 20:44:55','9999-12-31 00:00:00'),(26,7,'Функция 72','2020-02-18 20:44:55','9999-12-31 00:00:00'),(27,7,'Функция 73','2020-02-18 20:44:55','9999-12-31 00:00:00'),(28,7,'Функция 74','2020-02-18 20:44:55','9999-12-31 00:00:00'),(29,8,'Функция 81','2020-02-18 20:44:56','9999-12-31 00:00:00'),(30,8,'Функция 82','2020-02-18 20:44:56','9999-12-31 00:00:00'),(31,8,'Функция 83','2020-02-18 20:44:56','9999-12-31 00:00:00'),(32,8,'Функция 84','2020-02-18 20:44:56','9999-12-31 00:00:00'),(33,9,'Функция 91','2020-02-18 20:44:56','9999-12-31 00:00:00'),(34,9,'Функция 92','2020-02-18 20:44:56','9999-12-31 00:00:00'),(35,9,'Функция 93','2020-02-18 20:44:56','9999-12-31 00:00:00'),(36,9,'Функция 94','2020-02-18 20:44:56','9999-12-31 00:00:00'),(37,10,'Функция 101','2020-02-18 20:44:56','9999-12-31 00:00:00'),(38,10,'Функция 102','2020-02-18 20:44:56','9999-12-31 00:00:00'),(39,10,'Функция 103','2020-02-18 20:44:56','9999-12-31 00:00:00'),(40,10,'Функция 104','2020-02-18 20:44:56','9999-12-31 00:00:00'),(41,11,'Функция 111','2020-02-18 20:44:56','9999-12-31 00:00:00'),(42,11,'Функция 112','2020-02-18 20:44:56','9999-12-31 00:00:00'),(43,11,'Функция 113','2020-02-18 20:44:56','9999-12-31 00:00:00'),(44,11,'Функция 114','2020-02-18 20:44:56','9999-12-31 00:00:00'),(45,12,'Функция 121','2020-02-18 20:44:56','9999-12-31 00:00:00'),(46,12,'Функция 122','2020-02-18 20:44:56','9999-12-31 00:00:00'),(47,12,'Функция 123','2020-02-18 20:44:56','9999-12-31 00:00:00'),(48,12,'Функция 124','2020-02-18 20:44:56','9999-12-31 00:00:00'),(49,13,'Функция 131','2020-02-18 20:44:56','9999-12-31 00:00:00'),(50,13,'Функция 132','2020-02-18 20:44:56','9999-12-31 00:00:00'),(51,13,'Функция 133','2020-02-18 20:44:56','9999-12-31 00:00:00'),(52,13,'Функция 134','2020-02-18 20:44:56','9999-12-31 00:00:00'),(53,14,'Функция 141','2020-02-18 20:44:56','9999-12-31 00:00:00'),(54,14,'Функция 142','2020-02-18 20:44:56','9999-12-31 00:00:00'),(55,14,'Функция 143','2020-02-18 20:44:56','9999-12-31 00:00:00'),(56,14,'Функция 144','2020-02-18 20:44:56','9999-12-31 00:00:00'),(57,15,'Функция 151','2020-02-18 20:44:56','9999-12-31 00:00:00'),(58,15,'Функция 152','2020-02-18 20:44:56','9999-12-31 00:00:00'),(59,15,'Функция 153','2020-02-18 20:44:56','9999-12-31 00:00:00'),(60,15,'Функция 154','2020-02-18 20:44:56','9999-12-31 00:00:00'),(61,16,'Функция 161','2020-02-18 20:44:56','9999-12-31 00:00:00'),(62,16,'Функция 162','2020-02-18 20:44:56','9999-12-31 00:00:00'),(63,16,'Функция 163','2020-02-18 20:44:56','9999-12-31 00:00:00'),(64,16,'Функция 164','2020-02-18 20:44:56','9999-12-31 00:00:00'),(65,17,'Функция 171','2020-02-18 20:44:56','9999-12-31 00:00:00'),(66,17,'Функция 172','2020-02-18 20:44:56','9999-12-31 00:00:00'),(67,17,'Функция 173','2020-02-18 20:44:56','9999-12-31 00:00:00'),(68,17,'Функция 174','2020-02-18 20:44:56','9999-12-31 00:00:00'),(69,18,'Функция 181','2020-02-18 20:44:56','9999-12-31 00:00:00'),(70,18,'Функция 182','2020-02-18 20:44:56','9999-12-31 00:00:00'),(71,18,'Функция 183','2020-02-18 20:44:56','9999-12-31 00:00:00'),(72,18,'Функция 184','2020-02-18 20:44:56','9999-12-31 00:00:00'),(73,19,'Функция 191','2020-02-18 20:44:56','9999-12-31 00:00:00'),(74,19,'Функция 192','2020-02-18 20:44:56','9999-12-31 00:00:00'),(75,19,'Функция 193','2020-02-18 20:44:56','9999-12-31 00:00:00'),(76,19,'Функция 194','2020-02-18 20:44:56','9999-12-31 00:00:00'),(77,20,'Функция 201','2020-02-18 20:44:56','9999-12-31 00:00:00'),(78,20,'Функция 202','2020-02-18 20:44:56','9999-12-31 00:00:00'),(79,20,'Функция 203','2020-02-18 20:44:56','9999-12-31 00:00:00'),(80,20,'Функция 204','2020-02-18 20:44:56','9999-12-31 00:00:00'),(81,21,'Функция 211','2020-02-18 20:44:56','9999-12-31 00:00:00'),(82,21,'Функция 212','2020-02-18 20:44:56','9999-12-31 00:00:00'),(83,21,'Функция 213','2020-02-18 20:44:56','9999-12-31 00:00:00'),(84,21,'Функция 214','2020-02-18 20:44:56','9999-12-31 00:00:00'),(85,22,'Функция 221','2020-02-18 20:44:56','9999-12-31 00:00:00'),(86,22,'Функция 222','2020-02-18 20:44:56','9999-12-31 00:00:00'),(87,22,'Функция 223','2020-02-18 20:44:56','9999-12-31 00:00:00'),(88,22,'Функция 224','2020-02-18 20:44:56','9999-12-31 00:00:00'),(89,23,'Функция 231','2020-02-18 20:44:56','9999-12-31 00:00:00'),(90,23,'Функция 232','2020-02-18 20:44:56','9999-12-31 00:00:00'),(91,23,'Функция 233','2020-02-18 20:44:56','9999-12-31 00:00:00'),(92,23,'Функция 234','2020-02-18 20:44:56','9999-12-31 00:00:00'),(93,24,'Функция 241','2020-02-18 20:44:56','9999-12-31 00:00:00'),(94,24,'Функция 242','2020-02-18 20:44:56','9999-12-31 00:00:00'),(95,24,'Функция 243','2020-02-18 20:44:56','9999-12-31 00:00:00'),(96,24,'Функция 244','2020-02-18 20:44:56','9999-12-31 00:00:00'),(97,25,'Функция 251','2020-02-18 20:44:56','9999-12-31 00:00:00'),(98,25,'Функция 252','2020-02-18 20:44:56','9999-12-31 00:00:00'),(99,25,'Функция 253','2020-02-18 20:44:56','9999-12-31 00:00:00'),(100,25,'Функция 254','2020-02-18 20:44:56','9999-12-31 00:00:00'),(101,26,'Функция 261','2020-02-18 20:44:56','9999-12-31 00:00:00'),(102,26,'Функция 262','2020-02-18 20:44:56','9999-12-31 00:00:00'),(103,26,'Функция 263','2020-02-18 20:44:56','9999-12-31 00:00:00'),(104,26,'Функция 264','2020-02-18 20:44:56','9999-12-31 00:00:00'),(105,27,'Функция 271','2020-02-18 20:44:56','9999-12-31 00:00:00'),(106,27,'Функция 272','2020-02-18 20:44:56','9999-12-31 00:00:00'),(107,27,'Функция 273','2020-02-18 20:44:56','9999-12-31 00:00:00'),(108,27,'Функция 274','2020-02-18 20:44:56','9999-12-31 00:00:00'),(109,28,'Функция 281','2020-02-18 20:44:56','9999-12-31 00:00:00'),(110,28,'Функция 282','2020-02-18 20:44:56','9999-12-31 00:00:00'),(111,28,'Функция 283','2020-02-18 20:44:56','9999-12-31 00:00:00'),(112,28,'Функция 284','2020-02-18 20:44:56','9999-12-31 00:00:00');
/*!40000 ALTER TABLE `functions` ENABLE KEYS */;
UNLOCK TABLES;

--
-- Table structure for table `functions_staffs`
--

DROP TABLE IF EXISTS `functions_staffs`;
/*!40101 SET @saved_cs_client     = @@character_set_client */;
/*!50503 SET character_set_client = utf8mb4 */;
CREATE TABLE `functions_staffs` (
  `staff_id` bigint unsigned NOT NULL,
  `function_id` bigint unsigned NOT NULL,
  `linked_at` datetime DEFAULT CURRENT_TIMESTAMP COMMENT 'Дата привязки задачи к подразделению',
  `unlinked_at` datetime DEFAULT '9999-12-31 00:00:00' COMMENT 'Дата отсоединения задачи от подразделения',
  KEY `functions_staffs_staff_id_fk` (`staff_id`),
  KEY `functions_staffs_function_id_fk` (`function_id`),
  CONSTRAINT `functions_staffs_function_id_fk` FOREIGN KEY (`function_id`) REFERENCES `functions` (`id`),
  CONSTRAINT `functions_staffs_staff_id_fk` FOREIGN KEY (`staff_id`) REFERENCES `staff_table` (`id`)
) ENGINE=InnoDB DEFAULT CHARSET=utf8mb4 COLLATE=utf8mb4_0900_ai_ci COMMENT='Функции распределяются по должностям штатного расписания';
/*!40101 SET character_set_client = @saved_cs_client */;

--
-- Dumping data for table `functions_staffs`
--

LOCK TABLES `functions_staffs` WRITE;
/*!40000 ALTER TABLE `functions_staffs` DISABLE KEYS */;
INSERT INTO `functions_staffs` VALUES (1,1,'2020-02-18 20:45:53','9999-12-31 00:00:00'),(1,2,'2020-02-18 20:45:53','9999-12-31 00:00:00'),(1,3,'2020-02-18 20:45:53','9999-12-31 00:00:00'),(1,4,'2020-02-18 20:45:53','9999-12-31 00:00:00'),(2,1,'2020-02-18 20:45:53','9999-12-31 00:00:00'),(2,2,'2020-02-18 20:45:53','9999-12-31 00:00:00'),(2,3,'2020-02-18 20:45:53','9999-12-31 00:00:00'),(2,4,'2020-02-18 20:45:53','9999-12-31 00:00:00'),(3,5,'2020-02-18 20:45:53','9999-12-31 00:00:00'),(3,6,'2020-02-18 20:45:53','9999-12-31 00:00:00'),(3,7,'2020-02-18 20:45:53','9999-12-31 00:00:00'),(3,8,'2020-02-18 20:45:53','9999-12-31 00:00:00'),(4,5,'2020-02-18 20:45:53','9999-12-31 00:00:00'),(4,6,'2020-02-18 20:45:53','9999-12-31 00:00:00'),(4,7,'2020-02-18 20:45:53','9999-12-31 00:00:00'),(4,8,'2020-02-18 20:45:53','9999-12-31 00:00:00'),(5,5,'2020-02-18 20:45:53','9999-12-31 00:00:00'),(5,6,'2020-02-18 20:45:53','9999-12-31 00:00:00'),(5,7,'2020-02-18 20:45:53','9999-12-31 00:00:00'),(5,8,'2020-02-18 20:45:53','9999-12-31 00:00:00'),(6,9,'2020-02-18 20:45:53','9999-12-31 00:00:00'),(6,10,'2020-02-18 20:45:53','9999-12-31 00:00:00'),(6,11,'2020-02-18 20:45:53','9999-12-31 00:00:00'),(6,12,'2020-02-18 20:45:53','9999-12-31 00:00:00'),(7,9,'2020-02-18 20:45:53','9999-12-31 00:00:00'),(7,10,'2020-02-18 20:45:53','9999-12-31 00:00:00'),(7,11,'2020-02-18 20:45:53','9999-12-31 00:00:00'),(7,12,'2020-02-18 20:45:53','9999-12-31 00:00:00'),(8,9,'2020-02-18 20:45:53','9999-12-31 00:00:00'),(8,10,'2020-02-18 20:45:53','9999-12-31 00:00:00'),(8,11,'2020-02-18 20:45:53','9999-12-31 00:00:00'),(8,12,'2020-02-18 20:45:53','9999-12-31 00:00:00'),(9,13,'2020-02-18 20:45:53','9999-12-31 00:00:00'),(9,14,'2020-02-18 20:45:53','9999-12-31 00:00:00'),(9,15,'2020-02-18 20:45:53','9999-12-31 00:00:00'),(9,16,'2020-02-18 20:45:53','9999-12-31 00:00:00'),(10,13,'2020-02-18 20:45:53','9999-12-31 00:00:00'),(10,14,'2020-02-18 20:45:53','9999-12-31 00:00:00'),(10,15,'2020-02-18 20:45:53','9999-12-31 00:00:00'),(10,16,'2020-02-18 20:45:53','9999-12-31 00:00:00'),(11,13,'2020-02-18 20:45:53','9999-12-31 00:00:00'),(11,14,'2020-02-18 20:45:53','9999-12-31 00:00:00'),(11,15,'2020-02-18 20:45:53','9999-12-31 00:00:00'),(11,16,'2020-02-18 20:45:53','9999-12-31 00:00:00'),(12,13,'2020-02-18 20:45:53','9999-12-31 00:00:00'),(12,14,'2020-02-18 20:45:53','9999-12-31 00:00:00'),(12,15,'2020-02-18 20:45:53','9999-12-31 00:00:00'),(12,16,'2020-02-18 20:45:53','9999-12-31 00:00:00'),(13,13,'2020-02-18 20:45:53','9999-12-31 00:00:00'),(13,14,'2020-02-18 20:45:53','9999-12-31 00:00:00'),(13,15,'2020-02-18 20:45:53','9999-12-31 00:00:00'),(13,16,'2020-02-18 20:45:53','9999-12-31 00:00:00'),(14,17,'2020-02-18 20:45:53','9999-12-31 00:00:00'),(14,18,'2020-02-18 20:45:53','9999-12-31 00:00:00'),(14,19,'2020-02-18 20:45:53','9999-12-31 00:00:00'),(14,20,'2020-02-18 20:45:53','9999-12-31 00:00:00'),(15,17,'2020-02-18 20:45:53','9999-12-31 00:00:00'),(15,18,'2020-02-18 20:45:53','9999-12-31 00:00:00'),(15,19,'2020-02-18 20:45:53','9999-12-31 00:00:00'),(15,20,'2020-02-18 20:45:53','9999-12-31 00:00:00'),(16,17,'2020-02-18 20:45:53','9999-12-31 00:00:00'),(16,18,'2020-02-18 20:45:53','9999-12-31 00:00:00'),(16,19,'2020-02-18 20:45:53','9999-12-31 00:00:00'),(16,20,'2020-02-18 20:45:53','9999-12-31 00:00:00'),(17,17,'2020-02-18 20:45:53','9999-12-31 00:00:00'),(17,18,'2020-02-18 20:45:53','9999-12-31 00:00:00'),(17,19,'2020-02-18 20:45:53','9999-12-31 00:00:00'),(17,20,'2020-02-18 20:45:53','9999-12-31 00:00:00'),(18,17,'2020-02-18 20:45:53','9999-12-31 00:00:00'),(18,18,'2020-02-18 20:45:53','9999-12-31 00:00:00'),(18,19,'2020-02-18 20:45:53','9999-12-31 00:00:00'),(18,20,'2020-02-18 20:45:53','9999-12-31 00:00:00'),(19,21,'2020-02-18 20:45:53','9999-12-31 00:00:00'),(19,22,'2020-02-18 20:45:53','9999-12-31 00:00:00'),(19,23,'2020-02-18 20:45:53','9999-12-31 00:00:00'),(19,24,'2020-02-18 20:45:53','9999-12-31 00:00:00'),(20,21,'2020-02-18 20:45:53','9999-12-31 00:00:00'),(20,22,'2020-02-18 20:45:53','9999-12-31 00:00:00'),(20,23,'2020-02-18 20:45:53','9999-12-31 00:00:00'),(20,24,'2020-02-18 20:45:53','9999-12-31 00:00:00'),(21,21,'2020-02-18 20:45:53','9999-12-31 00:00:00'),(21,22,'2020-02-18 20:45:53','9999-12-31 00:00:00'),(21,23,'2020-02-18 20:45:53','9999-12-31 00:00:00'),(21,24,'2020-02-18 20:45:53','9999-12-31 00:00:00'),(22,21,'2020-02-18 20:45:53','9999-12-31 00:00:00'),(22,22,'2020-02-18 20:45:53','9999-12-31 00:00:00'),(22,23,'2020-02-18 20:45:53','9999-12-31 00:00:00'),(22,24,'2020-02-18 20:45:53','9999-12-31 00:00:00'),(23,21,'2020-02-18 20:45:53','9999-12-31 00:00:00'),(23,22,'2020-02-18 20:45:53','9999-12-31 00:00:00'),(23,23,'2020-02-18 20:45:53','9999-12-31 00:00:00'),(23,24,'2020-02-18 20:45:53','9999-12-31 00:00:00'),(24,25,'2020-02-18 20:45:53','9999-12-31 00:00:00'),(24,26,'2020-02-18 20:45:53','9999-12-31 00:00:00'),(24,27,'2020-02-18 20:45:53','9999-12-31 00:00:00'),(24,28,'2020-02-18 20:45:53','9999-12-31 00:00:00'),(25,25,'2020-02-18 20:45:53','9999-12-31 00:00:00'),(25,26,'2020-02-18 20:45:53','9999-12-31 00:00:00'),(25,27,'2020-02-18 20:45:53','9999-12-31 00:00:00'),(25,28,'2020-02-18 20:45:53','9999-12-31 00:00:00'),(26,25,'2020-02-18 20:45:53','9999-12-31 00:00:00'),(26,26,'2020-02-18 20:45:53','9999-12-31 00:00:00'),(26,27,'2020-02-18 20:45:53','9999-12-31 00:00:00'),(26,28,'2020-02-18 20:45:53','9999-12-31 00:00:00'),(27,29,'2020-02-18 20:45:53','9999-12-31 00:00:00'),(27,30,'2020-02-18 20:45:53','9999-12-31 00:00:00'),(27,31,'2020-02-18 20:45:53','9999-12-31 00:00:00'),(27,32,'2020-02-18 20:45:53','9999-12-31 00:00:00'),(28,29,'2020-02-18 20:45:53','9999-12-31 00:00:00'),(28,30,'2020-02-18 20:45:53','9999-12-31 00:00:00'),(28,31,'2020-02-18 20:45:53','9999-12-31 00:00:00'),(28,32,'2020-02-18 20:45:53','9999-12-31 00:00:00'),(29,29,'2020-02-18 20:45:53','9999-12-31 00:00:00'),(29,30,'2020-02-18 20:45:53','9999-12-31 00:00:00'),(29,31,'2020-02-18 20:45:53','9999-12-31 00:00:00'),(29,32,'2020-02-18 20:45:53','9999-12-31 00:00:00'),(30,29,'2020-02-18 20:45:53','9999-12-31 00:00:00'),(30,30,'2020-02-18 20:45:53','9999-12-31 00:00:00'),(30,31,'2020-02-18 20:45:53','9999-12-31 00:00:00'),(30,32,'2020-02-18 20:45:53','9999-12-31 00:00:00'),(31,29,'2020-02-18 20:45:53','9999-12-31 00:00:00'),(31,30,'2020-02-18 20:45:53','9999-12-31 00:00:00'),(31,31,'2020-02-18 20:45:53','9999-12-31 00:00:00'),(31,32,'2020-02-18 20:45:53','9999-12-31 00:00:00'),(32,33,'2020-02-18 20:45:53','9999-12-31 00:00:00'),(32,34,'2020-02-18 20:45:53','9999-12-31 00:00:00'),(32,35,'2020-02-18 20:45:53','9999-12-31 00:00:00'),(32,36,'2020-02-18 20:45:53','9999-12-31 00:00:00'),(33,33,'2020-02-18 20:45:53','9999-12-31 00:00:00'),(33,34,'2020-02-18 20:45:53','9999-12-31 00:00:00'),(33,35,'2020-02-18 20:45:53','9999-12-31 00:00:00'),(33,36,'2020-02-18 20:45:53','9999-12-31 00:00:00'),(34,33,'2020-02-18 20:45:53','9999-12-31 00:00:00'),(34,34,'2020-02-18 20:45:53','9999-12-31 00:00:00'),(34,35,'2020-02-18 20:45:53','9999-12-31 00:00:00'),(34,36,'2020-02-18 20:45:53','9999-12-31 00:00:00'),(35,33,'2020-02-18 20:45:53','9999-12-31 00:00:00'),(35,34,'2020-02-18 20:45:53','9999-12-31 00:00:00'),(35,35,'2020-02-18 20:45:53','9999-12-31 00:00:00'),(35,36,'2020-02-18 20:45:53','9999-12-31 00:00:00'),(36,33,'2020-02-18 20:45:53','9999-12-31 00:00:00'),(36,34,'2020-02-18 20:45:53','9999-12-31 00:00:00'),(36,35,'2020-02-18 20:45:53','9999-12-31 00:00:00'),(36,36,'2020-02-18 20:45:53','9999-12-31 00:00:00'),(37,37,'2020-02-18 20:45:53','9999-12-31 00:00:00'),(37,38,'2020-02-18 20:45:53','9999-12-31 00:00:00'),(37,39,'2020-02-18 20:45:53','9999-12-31 00:00:00'),(37,40,'2020-02-18 20:45:53','9999-12-31 00:00:00'),(38,37,'2020-02-18 20:45:53','9999-12-31 00:00:00'),(38,38,'2020-02-18 20:45:53','9999-12-31 00:00:00'),(38,39,'2020-02-18 20:45:53','9999-12-31 00:00:00'),(38,40,'2020-02-18 20:45:53','9999-12-31 00:00:00'),(39,37,'2020-02-18 20:45:53','9999-12-31 00:00:00'),(39,38,'2020-02-18 20:45:53','9999-12-31 00:00:00'),(39,39,'2020-02-18 20:45:53','9999-12-31 00:00:00'),(39,40,'2020-02-18 20:45:53','9999-12-31 00:00:00'),(40,37,'2020-02-18 20:45:53','9999-12-31 00:00:00'),(40,38,'2020-02-18 20:45:53','9999-12-31 00:00:00'),(40,39,'2020-02-18 20:45:53','9999-12-31 00:00:00'),(40,40,'2020-02-18 20:45:53','9999-12-31 00:00:00'),(41,37,'2020-02-18 20:45:53','9999-12-31 00:00:00'),(41,38,'2020-02-18 20:45:53','9999-12-31 00:00:00'),(41,39,'2020-02-18 20:45:53','9999-12-31 00:00:00'),(41,40,'2020-02-18 20:45:53','9999-12-31 00:00:00'),(42,41,'2020-02-18 20:45:53','9999-12-31 00:00:00'),(42,42,'2020-02-18 20:45:53','9999-12-31 00:00:00'),(42,43,'2020-02-18 20:45:53','9999-12-31 00:00:00'),(42,44,'2020-02-18 20:45:53','9999-12-31 00:00:00'),(43,41,'2020-02-18 20:45:53','9999-12-31 00:00:00'),(43,42,'2020-02-18 20:45:53','9999-12-31 00:00:00'),(43,43,'2020-02-18 20:45:53','9999-12-31 00:00:00'),(43,44,'2020-02-18 20:45:53','9999-12-31 00:00:00'),(44,41,'2020-02-18 20:45:53','9999-12-31 00:00:00'),(44,42,'2020-02-18 20:45:53','9999-12-31 00:00:00'),(44,43,'2020-02-18 20:45:53','9999-12-31 00:00:00'),(44,44,'2020-02-18 20:45:53','9999-12-31 00:00:00'),(45,45,'2020-02-18 20:45:53','9999-12-31 00:00:00'),(45,46,'2020-02-18 20:45:53','9999-12-31 00:00:00'),(45,47,'2020-02-18 20:45:53','9999-12-31 00:00:00'),(45,48,'2020-02-18 20:45:53','9999-12-31 00:00:00'),(46,45,'2020-02-18 20:45:53','9999-12-31 00:00:00'),(46,46,'2020-02-18 20:45:53','9999-12-31 00:00:00'),(46,47,'2020-02-18 20:45:53','9999-12-31 00:00:00'),(46,48,'2020-02-18 20:45:53','9999-12-31 00:00:00'),(47,45,'2020-02-18 20:45:53','9999-12-31 00:00:00'),(47,46,'2020-02-18 20:45:53','9999-12-31 00:00:00'),(47,47,'2020-02-18 20:45:53','9999-12-31 00:00:00'),(47,48,'2020-02-18 20:45:53','9999-12-31 00:00:00'),(48,49,'2020-02-18 20:45:53','9999-12-31 00:00:00'),(48,50,'2020-02-18 20:45:53','9999-12-31 00:00:00'),(48,51,'2020-02-18 20:45:53','9999-12-31 00:00:00'),(48,52,'2020-02-18 20:45:53','9999-12-31 00:00:00'),(49,49,'2020-02-18 20:45:53','9999-12-31 00:00:00'),(49,50,'2020-02-18 20:45:53','9999-12-31 00:00:00'),(49,51,'2020-02-18 20:45:53','9999-12-31 00:00:00'),(49,52,'2020-02-18 20:45:53','9999-12-31 00:00:00'),(50,49,'2020-02-18 20:45:53','9999-12-31 00:00:00'),(50,50,'2020-02-18 20:45:53','9999-12-31 00:00:00'),(50,51,'2020-02-18 20:45:53','9999-12-31 00:00:00'),(50,52,'2020-02-18 20:45:53','9999-12-31 00:00:00'),(51,49,'2020-02-18 20:45:53','9999-12-31 00:00:00'),(51,50,'2020-02-18 20:45:53','9999-12-31 00:00:00'),(51,51,'2020-02-18 20:45:53','9999-12-31 00:00:00'),(51,52,'2020-02-18 20:45:53','9999-12-31 00:00:00'),(52,49,'2020-02-18 20:45:53','9999-12-31 00:00:00'),(52,50,'2020-02-18 20:45:53','9999-12-31 00:00:00'),(52,51,'2020-02-18 20:45:53','9999-12-31 00:00:00'),(52,52,'2020-02-18 20:45:53','9999-12-31 00:00:00'),(53,53,'2020-02-18 20:45:53','9999-12-31 00:00:00'),(53,54,'2020-02-18 20:45:53','9999-12-31 00:00:00'),(53,55,'2020-02-18 20:45:53','9999-12-31 00:00:00'),(53,56,'2020-02-18 20:45:53','9999-12-31 00:00:00'),(54,53,'2020-02-18 20:45:54','9999-12-31 00:00:00'),(54,54,'2020-02-18 20:45:54','9999-12-31 00:00:00'),(54,55,'2020-02-18 20:45:54','9999-12-31 00:00:00'),(54,56,'2020-02-18 20:45:54','9999-12-31 00:00:00'),(55,53,'2020-02-18 20:45:54','9999-12-31 00:00:00'),(55,54,'2020-02-18 20:45:54','9999-12-31 00:00:00'),(55,55,'2020-02-18 20:45:54','9999-12-31 00:00:00'),(55,56,'2020-02-18 20:45:54','9999-12-31 00:00:00'),(56,53,'2020-02-18 20:45:54','9999-12-31 00:00:00'),(56,54,'2020-02-18 20:45:54','9999-12-31 00:00:00'),(56,55,'2020-02-18 20:45:54','9999-12-31 00:00:00'),(56,56,'2020-02-18 20:45:54','9999-12-31 00:00:00'),(57,53,'2020-02-18 20:45:54','9999-12-31 00:00:00'),(57,54,'2020-02-18 20:45:54','9999-12-31 00:00:00'),(57,55,'2020-02-18 20:45:54','9999-12-31 00:00:00'),(57,56,'2020-02-18 20:45:54','9999-12-31 00:00:00'),(58,57,'2020-02-18 20:45:54','9999-12-31 00:00:00'),(58,58,'2020-02-18 20:45:54','9999-12-31 00:00:00'),(58,59,'2020-02-18 20:45:54','9999-12-31 00:00:00'),(58,60,'2020-02-18 20:45:54','9999-12-31 00:00:00'),(59,57,'2020-02-18 20:45:54','9999-12-31 00:00:00'),(59,58,'2020-02-18 20:45:54','9999-12-31 00:00:00'),(59,59,'2020-02-18 20:45:54','9999-12-31 00:00:00'),(59,60,'2020-02-18 20:45:54','9999-12-31 00:00:00'),(60,57,'2020-02-18 20:45:54','9999-12-31 00:00:00'),(60,58,'2020-02-18 20:45:54','9999-12-31 00:00:00'),(60,59,'2020-02-18 20:45:54','9999-12-31 00:00:00'),(60,60,'2020-02-18 20:45:54','9999-12-31 00:00:00'),(61,57,'2020-02-18 20:45:54','9999-12-31 00:00:00'),(61,58,'2020-02-18 20:45:54','9999-12-31 00:00:00'),(61,59,'2020-02-18 20:45:54','9999-12-31 00:00:00'),(61,60,'2020-02-18 20:45:54','9999-12-31 00:00:00'),(62,57,'2020-02-18 20:45:54','9999-12-31 00:00:00'),(62,58,'2020-02-18 20:45:54','9999-12-31 00:00:00'),(62,59,'2020-02-18 20:45:54','9999-12-31 00:00:00'),(62,60,'2020-02-18 20:45:54','9999-12-31 00:00:00'),(63,61,'2020-02-18 20:45:54','9999-12-31 00:00:00'),(63,62,'2020-02-18 20:45:54','9999-12-31 00:00:00'),(63,63,'2020-02-18 20:45:54','9999-12-31 00:00:00'),(63,64,'2020-02-18 20:45:54','9999-12-31 00:00:00'),(64,61,'2020-02-18 20:45:54','9999-12-31 00:00:00'),(64,62,'2020-02-18 20:45:54','9999-12-31 00:00:00'),(64,63,'2020-02-18 20:45:54','9999-12-31 00:00:00'),(64,64,'2020-02-18 20:45:54','9999-12-31 00:00:00'),(65,61,'2020-02-18 20:45:54','9999-12-31 00:00:00'),(65,62,'2020-02-18 20:45:54','9999-12-31 00:00:00'),(65,63,'2020-02-18 20:45:54','9999-12-31 00:00:00'),(65,64,'2020-02-18 20:45:54','9999-12-31 00:00:00'),(66,65,'2020-02-18 20:45:54','9999-12-31 00:00:00'),(66,66,'2020-02-18 20:45:54','9999-12-31 00:00:00'),(66,67,'2020-02-18 20:45:54','9999-12-31 00:00:00'),(66,68,'2020-02-18 20:45:54','9999-12-31 00:00:00'),(67,65,'2020-02-18 20:45:54','9999-12-31 00:00:00'),(67,66,'2020-02-18 20:45:54','9999-12-31 00:00:00'),(67,67,'2020-02-18 20:45:54','9999-12-31 00:00:00'),(67,68,'2020-02-18 20:45:54','9999-12-31 00:00:00'),(68,65,'2020-02-18 20:45:54','9999-12-31 00:00:00'),(68,66,'2020-02-18 20:45:54','9999-12-31 00:00:00'),(68,67,'2020-02-18 20:45:54','9999-12-31 00:00:00'),(68,68,'2020-02-18 20:45:54','9999-12-31 00:00:00'),(69,65,'2020-02-18 20:45:54','9999-12-31 00:00:00'),(69,66,'2020-02-18 20:45:54','9999-12-31 00:00:00'),(69,67,'2020-02-18 20:45:54','9999-12-31 00:00:00'),(69,68,'2020-02-18 20:45:54','9999-12-31 00:00:00'),(70,65,'2020-02-18 20:45:54','9999-12-31 00:00:00'),(70,66,'2020-02-18 20:45:54','9999-12-31 00:00:00'),(70,67,'2020-02-18 20:45:54','9999-12-31 00:00:00'),(70,68,'2020-02-18 20:45:54','9999-12-31 00:00:00'),(71,69,'2020-02-18 20:45:54','9999-12-31 00:00:00'),(71,70,'2020-02-18 20:45:54','9999-12-31 00:00:00'),(71,71,'2020-02-18 20:45:54','9999-12-31 00:00:00'),(71,72,'2020-02-18 20:45:54','9999-12-31 00:00:00'),(72,69,'2020-02-18 20:45:54','9999-12-31 00:00:00'),(72,70,'2020-02-18 20:45:54','9999-12-31 00:00:00'),(72,71,'2020-02-18 20:45:54','9999-12-31 00:00:00'),(72,72,'2020-02-18 20:45:54','9999-12-31 00:00:00'),(73,69,'2020-02-18 20:45:54','9999-12-31 00:00:00'),(73,70,'2020-02-18 20:45:54','9999-12-31 00:00:00'),(73,71,'2020-02-18 20:45:54','9999-12-31 00:00:00'),(73,72,'2020-02-18 20:45:54','9999-12-31 00:00:00'),(74,69,'2020-02-18 20:45:54','9999-12-31 00:00:00'),(74,70,'2020-02-18 20:45:54','9999-12-31 00:00:00'),(74,71,'2020-02-18 20:45:54','9999-12-31 00:00:00'),(74,72,'2020-02-18 20:45:54','9999-12-31 00:00:00'),(75,69,'2020-02-18 20:45:54','9999-12-31 00:00:00'),(75,70,'2020-02-18 20:45:54','9999-12-31 00:00:00'),(75,71,'2020-02-18 20:45:54','9999-12-31 00:00:00'),(75,72,'2020-02-18 20:45:54','9999-12-31 00:00:00'),(76,73,'2020-02-18 20:45:54','9999-12-31 00:00:00'),(76,74,'2020-02-18 20:45:54','9999-12-31 00:00:00'),(76,75,'2020-02-18 20:45:54','9999-12-31 00:00:00'),(76,76,'2020-02-18 20:45:54','9999-12-31 00:00:00'),(77,73,'2020-02-18 20:45:54','9999-12-31 00:00:00'),(77,74,'2020-02-18 20:45:54','9999-12-31 00:00:00'),(77,75,'2020-02-18 20:45:54','9999-12-31 00:00:00'),(77,76,'2020-02-18 20:45:54','9999-12-31 00:00:00'),(78,73,'2020-02-18 20:45:54','9999-12-31 00:00:00'),(78,74,'2020-02-18 20:45:54','9999-12-31 00:00:00'),(78,75,'2020-02-18 20:45:54','9999-12-31 00:00:00'),(78,76,'2020-02-18 20:45:54','9999-12-31 00:00:00'),(79,73,'2020-02-18 20:45:54','9999-12-31 00:00:00'),(79,74,'2020-02-18 20:45:54','9999-12-31 00:00:00'),(79,75,'2020-02-18 20:45:54','9999-12-31 00:00:00'),(79,76,'2020-02-18 20:45:54','9999-12-31 00:00:00'),(80,73,'2020-02-18 20:45:54','9999-12-31 00:00:00'),(80,74,'2020-02-18 20:45:54','9999-12-31 00:00:00'),(80,75,'2020-02-18 20:45:54','9999-12-31 00:00:00'),(80,76,'2020-02-18 20:45:54','9999-12-31 00:00:00'),(81,77,'2020-02-18 20:45:54','9999-12-31 00:00:00'),(81,78,'2020-02-18 20:45:54','9999-12-31 00:00:00'),(81,79,'2020-02-18 20:45:54','9999-12-31 00:00:00'),(81,80,'2020-02-18 20:45:54','9999-12-31 00:00:00'),(82,77,'2020-02-18 20:45:54','9999-12-31 00:00:00'),(82,78,'2020-02-18 20:45:54','9999-12-31 00:00:00'),(82,79,'2020-02-18 20:45:54','9999-12-31 00:00:00'),(82,80,'2020-02-18 20:45:54','9999-12-31 00:00:00'),(83,77,'2020-02-18 20:45:54','9999-12-31 00:00:00'),(83,78,'2020-02-18 20:45:54','9999-12-31 00:00:00'),(83,79,'2020-02-18 20:45:54','9999-12-31 00:00:00'),(83,80,'2020-02-18 20:45:54','9999-12-31 00:00:00'),(84,81,'2020-02-18 20:45:54','9999-12-31 00:00:00'),(84,82,'2020-02-18 20:45:54','9999-12-31 00:00:00'),(84,83,'2020-02-18 20:45:54','9999-12-31 00:00:00'),(84,84,'2020-02-18 20:45:54','9999-12-31 00:00:00'),(85,81,'2020-02-18 20:45:54','9999-12-31 00:00:00'),(85,82,'2020-02-18 20:45:54','9999-12-31 00:00:00'),(85,83,'2020-02-18 20:45:54','9999-12-31 00:00:00'),(85,84,'2020-02-18 20:45:54','9999-12-31 00:00:00'),(86,81,'2020-02-18 20:45:54','9999-12-31 00:00:00'),(86,82,'2020-02-18 20:45:54','9999-12-31 00:00:00'),(86,83,'2020-02-18 20:45:54','9999-12-31 00:00:00'),(86,84,'2020-02-18 20:45:54','9999-12-31 00:00:00'),(87,85,'2020-02-18 20:45:54','9999-12-31 00:00:00'),(87,86,'2020-02-18 20:45:54','9999-12-31 00:00:00'),(87,87,'2020-02-18 20:45:54','9999-12-31 00:00:00'),(87,88,'2020-02-18 20:45:54','9999-12-31 00:00:00'),(88,85,'2020-02-18 20:45:54','9999-12-31 00:00:00'),(88,86,'2020-02-18 20:45:54','9999-12-31 00:00:00'),(88,87,'2020-02-18 20:45:54','9999-12-31 00:00:00'),(88,88,'2020-02-18 20:45:54','9999-12-31 00:00:00'),(89,85,'2020-02-18 20:45:54','9999-12-31 00:00:00'),(89,86,'2020-02-18 20:45:54','9999-12-31 00:00:00'),(89,87,'2020-02-18 20:45:54','9999-12-31 00:00:00'),(89,88,'2020-02-18 20:45:54','9999-12-31 00:00:00'),(90,85,'2020-02-18 20:45:54','9999-12-31 00:00:00'),(90,86,'2020-02-18 20:45:54','9999-12-31 00:00:00'),(90,87,'2020-02-18 20:45:54','9999-12-31 00:00:00'),(90,88,'2020-02-18 20:45:54','9999-12-31 00:00:00'),(91,85,'2020-02-18 20:45:54','9999-12-31 00:00:00'),(91,86,'2020-02-18 20:45:54','9999-12-31 00:00:00'),(91,87,'2020-02-18 20:45:54','9999-12-31 00:00:00'),(91,88,'2020-02-18 20:45:54','9999-12-31 00:00:00'),(92,89,'2020-02-18 20:45:54','9999-12-31 00:00:00'),(92,90,'2020-02-18 20:45:54','9999-12-31 00:00:00'),(92,91,'2020-02-18 20:45:54','9999-12-31 00:00:00'),(92,92,'2020-02-18 20:45:54','9999-12-31 00:00:00'),(93,89,'2020-02-18 20:45:54','9999-12-31 00:00:00'),(93,90,'2020-02-18 20:45:54','9999-12-31 00:00:00'),(93,91,'2020-02-18 20:45:54','9999-12-31 00:00:00'),(93,92,'2020-02-18 20:45:54','9999-12-31 00:00:00'),(94,89,'2020-02-18 20:45:54','9999-12-31 00:00:00'),(94,90,'2020-02-18 20:45:54','9999-12-31 00:00:00'),(94,91,'2020-02-18 20:45:54','9999-12-31 00:00:00'),(94,92,'2020-02-18 20:45:54','9999-12-31 00:00:00'),(95,89,'2020-02-18 20:45:54','9999-12-31 00:00:00'),(95,90,'2020-02-18 20:45:54','9999-12-31 00:00:00'),(95,91,'2020-02-18 20:45:54','9999-12-31 00:00:00'),(95,92,'2020-02-18 20:45:54','9999-12-31 00:00:00'),(96,89,'2020-02-18 20:45:54','9999-12-31 00:00:00'),(96,90,'2020-02-18 20:45:54','9999-12-31 00:00:00'),(96,91,'2020-02-18 20:45:54','9999-12-31 00:00:00'),(96,92,'2020-02-18 20:45:54','9999-12-31 00:00:00'),(97,93,'2020-02-18 20:45:54','9999-12-31 00:00:00'),(97,94,'2020-02-18 20:45:54','9999-12-31 00:00:00'),(97,95,'2020-02-18 20:45:54','9999-12-31 00:00:00'),(97,96,'2020-02-18 20:45:54','9999-12-31 00:00:00'),(98,93,'2020-02-18 20:45:54','9999-12-31 00:00:00'),(98,94,'2020-02-18 20:45:54','9999-12-31 00:00:00'),(98,95,'2020-02-18 20:45:54','9999-12-31 00:00:00'),(98,96,'2020-02-18 20:45:54','9999-12-31 00:00:00'),(99,93,'2020-02-18 20:45:54','9999-12-31 00:00:00'),(99,94,'2020-02-18 20:45:54','9999-12-31 00:00:00'),(99,95,'2020-02-18 20:45:54','9999-12-31 00:00:00'),(99,96,'2020-02-18 20:45:54','9999-12-31 00:00:00'),(100,93,'2020-02-18 20:45:54','9999-12-31 00:00:00'),(100,94,'2020-02-18 20:45:54','9999-12-31 00:00:00'),(100,95,'2020-02-18 20:45:54','9999-12-31 00:00:00'),(100,96,'2020-02-18 20:45:54','9999-12-31 00:00:00'),(101,93,'2020-02-18 20:45:54','9999-12-31 00:00:00'),(101,94,'2020-02-18 20:45:54','9999-12-31 00:00:00'),(101,95,'2020-02-18 20:45:54','9999-12-31 00:00:00'),(101,96,'2020-02-18 20:45:54','9999-12-31 00:00:00'),(102,97,'2020-02-18 20:45:54','9999-12-31 00:00:00'),(102,98,'2020-02-18 20:45:54','9999-12-31 00:00:00'),(102,99,'2020-02-18 20:45:54','9999-12-31 00:00:00'),(102,100,'2020-02-18 20:45:54','9999-12-31 00:00:00'),(103,97,'2020-02-18 20:45:54','9999-12-31 00:00:00'),(103,98,'2020-02-18 20:45:54','9999-12-31 00:00:00'),(103,99,'2020-02-18 20:45:54','9999-12-31 00:00:00'),(103,100,'2020-02-18 20:45:54','9999-12-31 00:00:00'),(104,97,'2020-02-18 20:45:54','9999-12-31 00:00:00'),(104,98,'2020-02-18 20:45:54','9999-12-31 00:00:00'),(104,99,'2020-02-18 20:45:54','9999-12-31 00:00:00'),(104,100,'2020-02-18 20:45:54','9999-12-31 00:00:00'),(105,101,'2020-02-18 20:45:54','9999-12-31 00:00:00'),(105,102,'2020-02-18 20:45:54','9999-12-31 00:00:00'),(105,103,'2020-02-18 20:45:54','9999-12-31 00:00:00'),(105,104,'2020-02-18 20:45:54','9999-12-31 00:00:00'),(106,101,'2020-02-18 20:45:54','9999-12-31 00:00:00'),(106,102,'2020-02-18 20:45:54','9999-12-31 00:00:00'),(106,103,'2020-02-18 20:45:54','9999-12-31 00:00:00'),(106,104,'2020-02-18 20:45:54','9999-12-31 00:00:00'),(107,101,'2020-02-18 20:45:54','9999-12-31 00:00:00'),(107,102,'2020-02-18 20:45:54','9999-12-31 00:00:00'),(107,103,'2020-02-18 20:45:54','9999-12-31 00:00:00'),(107,104,'2020-02-18 20:45:54','9999-12-31 00:00:00'),(108,101,'2020-02-18 20:45:54','9999-12-31 00:00:00'),(108,102,'2020-02-18 20:45:54','9999-12-31 00:00:00'),(108,103,'2020-02-18 20:45:54','9999-12-31 00:00:00'),(108,104,'2020-02-18 20:45:54','9999-12-31 00:00:00'),(109,101,'2020-02-18 20:45:54','9999-12-31 00:00:00'),(109,102,'2020-02-18 20:45:54','9999-12-31 00:00:00'),(109,103,'2020-02-18 20:45:54','9999-12-31 00:00:00'),(109,104,'2020-02-18 20:45:54','9999-12-31 00:00:00'),(110,105,'2020-02-18 20:45:54','9999-12-31 00:00:00'),(110,106,'2020-02-18 20:45:54','9999-12-31 00:00:00'),(110,107,'2020-02-18 20:45:54','9999-12-31 00:00:00'),(110,108,'2020-02-18 20:45:54','9999-12-31 00:00:00'),(111,105,'2020-02-18 20:45:54','9999-12-31 00:00:00'),(111,106,'2020-02-18 20:45:54','9999-12-31 00:00:00'),(111,107,'2020-02-18 20:45:54','9999-12-31 00:00:00'),(111,108,'2020-02-18 20:45:54','9999-12-31 00:00:00'),(112,105,'2020-02-18 20:45:54','9999-12-31 00:00:00'),(112,106,'2020-02-18 20:45:54','9999-12-31 00:00:00'),(112,107,'2020-02-18 20:45:54','9999-12-31 00:00:00'),(112,108,'2020-02-18 20:45:54','9999-12-31 00:00:00'),(113,105,'2020-02-18 20:45:54','9999-12-31 00:00:00'),(113,106,'2020-02-18 20:45:54','9999-12-31 00:00:00'),(113,107,'2020-02-18 20:45:54','9999-12-31 00:00:00'),(113,108,'2020-02-18 20:45:54','9999-12-31 00:00:00'),(114,105,'2020-02-18 20:45:54','9999-12-31 00:00:00'),(114,106,'2020-02-18 20:45:54','9999-12-31 00:00:00'),(114,107,'2020-02-18 20:45:54','9999-12-31 00:00:00'),(114,108,'2020-02-18 20:45:54','9999-12-31 00:00:00');
/*!40000 ALTER TABLE `functions_staffs` ENABLE KEYS */;
UNLOCK TABLES;

--
-- Table structure for table `labor_periods`
--

DROP TABLE IF EXISTS `labor_periods`;
/*!40101 SET @saved_cs_client     = @@character_set_client */;
/*!50503 SET character_set_client = utf8mb4 */;
CREATE TABLE `labor_periods` (
  `id` bigint unsigned NOT NULL AUTO_INCREMENT,
  `resume_id` bigint unsigned NOT NULL,
  `name` varchar(255) NOT NULL COMMENT 'Наименование окпфтш',
  `begin_at` date NOT NULL COMMENT 'Начало оучения',
  `end_at` date NOT NULL COMMENT 'Окночание обучения',
  UNIQUE KEY `id` (`id`),
  KEY `labor_periods_resume_id_fk` (`resume_id`),
  CONSTRAINT `labor_periods_resume_id_fk` FOREIGN KEY (`resume_id`) REFERENCES `resumes` (`id`)
) ENGINE=InnoDB AUTO_INCREMENT=696 DEFAULT CHARSET=utf8mb4 COLLATE=utf8mb4_0900_ai_ci COMMENT='Данные о трудовой деятельности';
/*!40101 SET character_set_client = @saved_cs_client */;

--
-- Dumping data for table `labor_periods`
--

LOCK TABLES `labor_periods` WRITE;
/*!40000 ALTER TABLE `labor_periods` DISABLE KEYS */;
INSERT INTO `labor_periods` VALUES (1,1,'Швейная фабрика','2000-10-11','2001-10-11'),(2,1,'Аэрофлот','2001-10-11','2002-10-11'),(3,1,'Перекресток','2002-10-11','2005-10-11'),(4,1,'Завод имени Кирова','2005-10-11','2007-10-11'),(5,1,'РЖД','2007-10-11','2008-10-11'),(6,1,'Фирма Рога и Копыта','2008-10-11','2009-10-11'),(7,1,'Аэрофлот','2009-10-11','2011-10-11'),(8,1,'Фирма Рога и Копыта','2011-10-11','2012-10-11'),(9,1,'Завод имени Кирова','2012-10-11','2013-10-11'),(10,1,'Завод 123','2013-10-11','2014-10-11'),(11,1,'Фирма 789','2014-10-11','2017-10-11'),(12,1,'Путиловский завод','2017-10-11','2020-10-11'),(13,2,'Транснефть','1996-10-19','1997-10-19'),(14,2,'РЖД','1997-10-19','1999-10-19'),(15,2,'Завод имени Кирова','1999-10-19','2002-10-19'),(16,2,'Перекресток','2002-10-19','2005-10-19'),(17,2,'Завод 123','2005-10-19','2006-10-19'),(18,2,'Путиловский завод','2006-10-19','2007-10-19'),(19,2,'Завод 123','2007-10-19','2010-10-19'),(20,2,'Путиловский завод','2010-10-19','2012-10-19'),(21,2,'Фирма Рога и Копыта','2012-10-19','2015-10-19'),(22,2,'РЖД','2015-10-19','2018-10-19'),(23,2,'Роснефть','2018-10-19','2020-10-19'),(24,3,'Завод имени Кирова','1993-10-27','1996-10-27'),(25,3,'Фирма Рога и Копыта','1996-10-27','1997-10-27'),(26,3,'Роснефть','1997-10-27','1999-10-27'),(27,3,'РЖД','1999-10-27','2000-10-27'),(28,3,'Транснефть','2000-10-27','2003-10-27'),(29,3,'Транснефть','2003-10-27','2005-10-27'),(30,3,'Завод 123','2005-10-27','2006-10-27'),(31,3,'Новатэк','2006-10-27','2007-10-27'),(32,3,'Перекресток','2007-10-27','2009-10-27'),(33,3,'Транснефть','2009-10-27','2012-10-27'),(34,3,'Нефтеперерабатывающий завод','2012-10-27','2013-10-27'),(35,3,'Фирма Рога и Копыта','2013-10-27','2015-10-27'),(36,3,'Аэрофлот','2015-10-27','2017-10-27'),(37,3,'Фирма 789','2017-10-27','2020-10-27'),(38,4,'РЖД','2011-03-02','2013-03-02'),(39,4,'Швейная фабрика','2013-03-02','2014-03-02'),(40,4,'Завод имени Кирова','2014-03-02','2017-03-02'),(41,4,'Фирма 789','2017-03-02','2018-03-02'),(42,4,'Новатэк','2018-03-02','2019-03-02'),(43,4,'Транснефть','2019-03-02','2022-03-02'),(44,5,'Перекресток','2000-01-08','2003-01-08'),(45,5,'Завод имени Кирова','2003-01-08','2005-01-08'),(46,5,'Перекресток','2005-01-08','2006-01-08'),(47,5,'Фирма 789','2006-01-08','2009-01-08'),(48,5,'Фирма Рога и Копыта','2009-01-08','2012-01-08'),(49,5,'Завод имени Кирова','2012-01-08','2015-01-08'),(50,5,'Аэрофлот','2015-01-08','2018-01-08'),(51,5,'Новатэк','2018-01-08','2021-01-08'),(52,6,'Перекресток','2002-02-15','2003-02-15'),(53,6,'РЖД','2003-02-15','2004-02-15'),(54,6,'Транснефть','2004-02-15','2007-02-15'),(55,6,'Транснефть','2007-02-15','2010-02-15'),(56,6,'Перекресток','2010-02-15','2012-02-15'),(57,6,'Нефтеперерабатывающий завод','2012-02-15','2014-02-15'),(58,6,'Фирма 789','2014-02-15','2016-02-15'),(59,6,'Швейная фабрика','2016-02-15','2018-02-15'),(60,6,'Фирма Рога и Копыта','2018-02-15','2021-02-15'),(61,7,'Фирма 789','2009-10-17','2010-10-17'),(62,7,'РЖД','2010-10-17','2011-10-17'),(63,7,'Аэрофлот','2011-10-17','2012-10-17'),(64,7,'Роснефть','2012-10-17','2013-10-17'),(65,7,'Путиловский завод','2013-10-17','2015-10-17'),(66,7,'Завод 123','2015-10-17','2018-10-17'),(67,7,'Перекресток','2018-10-17','2020-10-17'),(68,8,'РЖД','2000-02-26','2003-02-26'),(69,8,'Нефтеперерабатывающий завод','2003-02-26','2005-02-26'),(70,8,'Фирма 789','2005-02-26','2007-02-26'),(71,8,'Завод 123','2007-02-26','2009-02-26'),(72,8,'Новатэк','2009-02-26','2010-02-26'),(73,8,'Фирма 789','2010-02-26','2012-02-26'),(74,8,'Фирма 789','2012-02-26','2013-02-26'),(75,8,'Завод 123','2013-02-26','2014-02-26'),(76,8,'Роснефть','2014-02-26','2017-02-26'),(77,8,'Завод имени Кирова','2017-02-26','2019-02-26'),(78,8,'Транснефть','2019-02-26','2021-02-26'),(79,9,'Швейная фабрика','2006-07-18','2009-07-18'),(80,9,'Завод 123','2009-07-18','2011-07-18'),(81,9,'Фирма Рога и Копыта','2011-07-18','2012-07-18'),(82,9,'Путиловский завод','2012-07-18','2015-07-18'),(83,9,'Транснефть','2015-07-18','2016-07-18'),(84,9,'Путиловский завод','2016-07-18','2017-07-18'),(85,9,'Транснефть','2017-07-18','2019-07-18'),(86,9,'Новатэк','2019-07-18','2020-07-18'),(87,10,'Завод 123','2012-09-18','2014-09-18'),(88,10,'Фирма 789','2014-09-18','2016-09-18'),(89,10,'Завод имени Кирова','2016-09-18','2017-09-18'),(90,10,'Завод имени Кирова','2017-09-18','2020-09-18'),(91,11,'Путиловский завод','2002-09-16','2003-09-16'),(92,11,'Путиловский завод','2003-09-16','2006-09-16'),(93,11,'Фирма Рога и Копыта','2006-09-16','2007-09-16'),(94,11,'Завод имени Кирова','2007-09-16','2008-09-16'),(95,11,'Швейная фабрика','2008-09-16','2011-09-16'),(96,11,'РЖД','2011-09-16','2012-09-16'),(97,11,'Аэрофлот','2012-09-16','2013-09-16'),(98,11,'Фирма Рога и Копыта','2013-09-16','2014-09-16'),(99,11,'Завод 123','2014-09-16','2017-09-16'),(100,11,'Роснефть','2017-09-16','2019-09-16'),(101,11,'Транснефть','2019-09-16','2020-09-16'),(102,12,'Завод имени Кирова','2000-10-19','2003-10-19'),(103,12,'Швейная фабрика','2003-10-19','2004-10-19'),(104,12,'Новатэк','2004-10-19','2007-10-19'),(105,12,'Завод 123','2007-10-19','2009-10-19'),(106,12,'РЖД','2009-10-19','2012-10-19'),(107,12,'Завод имени Кирова','2012-10-19','2015-10-19'),(108,12,'Перекресток','2015-10-19','2016-10-19'),(109,12,'Транснефть','2016-10-19','2018-10-19'),(110,12,'Швейная фабрика','2018-10-19','2019-10-19'),(111,12,'Нефтеперерабатывающий завод','2019-10-19','2020-10-19'),(112,13,'Путиловский завод','2005-02-06','2006-02-06'),(113,13,'Транснефть','2006-02-06','2009-02-06'),(114,13,'РЖД','2009-02-06','2011-02-06'),(115,13,'Нефтеперерабатывающий завод','2011-02-06','2014-02-06'),(116,13,'Путиловский завод','2014-02-06','2016-02-06'),(117,13,'Нефтеперерабатывающий завод','2016-02-06','2019-02-06'),(118,13,'Транснефть','2019-02-06','2020-02-06'),(119,13,'Перекресток','2020-02-06','2021-02-06'),(120,14,'Фирма Рога и Копыта','2004-06-13','2005-06-13'),(121,14,'Фирма Рога и Копыта','2005-06-13','2007-06-13'),(122,14,'Транснефть','2007-06-13','2008-06-13'),(123,14,'Новатэк','2008-06-13','2011-06-13'),(124,14,'Завод имени Кирова','2011-06-13','2014-06-13'),(125,14,'Нефтеперерабатывающий завод','2014-06-13','2017-06-13'),(126,14,'Путиловский завод','2017-06-13','2018-06-13'),(127,14,'Новатэк','2018-06-13','2019-06-13'),(128,14,'Транснефть','2019-06-13','2022-06-13'),(129,16,'Транснефть','2015-11-16','2016-11-16'),(130,16,'Швейная фабрика','2016-11-16','2017-11-16'),(131,16,'Перекресток','2017-11-16','2020-11-16'),(132,17,'Транснефть','1999-07-27','2000-07-27'),(133,17,'Новатэк','2000-07-27','2001-07-27'),(134,17,'Завод имени Кирова','2001-07-27','2004-07-27'),(135,17,'Путиловский завод','2004-07-27','2006-07-27'),(136,17,'Швейная фабрика','2006-07-27','2009-07-27'),(137,17,'Фирма 789','2009-07-27','2011-07-27'),(138,17,'Швейная фабрика','2011-07-27','2012-07-27'),(139,17,'Путиловский завод','2012-07-27','2014-07-27'),(140,17,'Завод 123','2014-07-27','2017-07-27'),(141,17,'Нефтеперерабатывающий завод','2017-07-27','2020-07-27'),(142,18,'РЖД','2018-04-21','2020-04-21'),(143,19,'Завод имени Кирова','2009-09-06','2010-09-06'),(144,19,'Транснефть','2010-09-06','2011-09-06'),(145,19,'Перекресток','2011-09-06','2013-09-06'),(146,19,'Швейная фабрика','2013-09-06','2015-09-06'),(147,19,'Путиловский завод','2015-09-06','2017-09-06'),(148,19,'Путиловский завод','2017-09-06','2018-09-06'),(149,19,'Новатэк','2018-09-06','2019-09-06'),(150,19,'Транснефть','2019-09-06','2021-09-06'),(151,20,'Завод 123','1997-09-06','1999-09-06'),(152,20,'Транснефть','1999-09-06','2002-09-06'),(153,20,'Путиловский завод','2002-09-06','2003-09-06'),(154,20,'Путиловский завод','2003-09-06','2006-09-06'),(155,20,'Новатэк','2006-09-06','2007-09-06'),(156,20,'РЖД','2007-09-06','2008-09-06'),(157,20,'Перекресток','2008-09-06','2009-09-06'),(158,20,'Роснефть','2009-09-06','2012-09-06'),(159,20,'Завод имени Кирова','2012-09-06','2015-09-06'),(160,20,'Перекресток','2015-09-06','2018-09-06'),(161,20,'Завод имени Кирова','2018-09-06','2021-09-06'),(162,21,'Путиловский завод','2000-04-20','2001-04-20'),(163,21,'Транснефть','2001-04-20','2004-04-20'),(164,21,'Роснефть','2004-04-20','2005-04-20'),(165,21,'Путиловский завод','2005-04-20','2007-04-20'),(166,21,'Нефтеперерабатывающий завод','2007-04-20','2009-04-20'),(167,21,'Перекресток','2009-04-20','2011-04-20'),(168,21,'Завод имени Кирова','2011-04-20','2012-04-20'),(169,21,'Завод 123','2012-04-20','2013-04-20'),(170,21,'Транснефть','2013-04-20','2014-04-20'),(171,21,'Швейная фабрика','2014-04-20','2015-04-20'),(172,21,'Швейная фабрика','2015-04-20','2017-04-20'),(173,21,'РЖД','2017-04-20','2019-04-20'),(174,21,'РЖД','2019-04-20','2022-04-20'),(175,22,'Аэрофлот','1998-09-07','2000-09-07'),(176,22,'Завод имени Кирова','2000-09-07','2001-09-07'),(177,22,'Аэрофлот','2001-09-07','2004-09-07'),(178,22,'Транснефть','2004-09-07','2007-09-07'),(179,22,'Аэрофлот','2007-09-07','2008-09-07'),(180,22,'Транснефть','2008-09-07','2009-09-07'),(181,22,'Фирма 789','2009-09-07','2012-09-07'),(182,22,'Нефтеперерабатывающий завод','2012-09-07','2013-09-07'),(183,22,'Фирма Рога и Копыта','2013-09-07','2016-09-07'),(184,22,'Аэрофлот','2016-09-07','2019-09-07'),(185,22,'Новатэк','2019-09-07','2020-09-07'),(186,23,'Транснефть','2004-11-15','2006-11-15'),(187,23,'Фирма Рога и Копыта','2006-11-15','2008-11-15'),(188,23,'Путиловский завод','2008-11-15','2010-11-15'),(189,23,'Путиловский завод','2010-11-15','2011-11-15'),(190,23,'Завод 123','2011-11-15','2012-11-15'),(191,23,'Фирма Рога и Копыта','2012-11-15','2015-11-15'),(192,23,'Нефтеперерабатывающий завод','2015-11-15','2018-11-15'),(193,23,'Фирма Рога и Копыта','2018-11-15','2019-11-15'),(194,23,'Фирма 789','2019-11-15','2021-11-15'),(195,24,'Перекресток','2009-09-02','2012-09-02'),(196,24,'Новатэк','2012-09-02','2013-09-02'),(197,24,'Фирма 789','2013-09-02','2015-09-02'),(198,24,'Роснефть','2015-09-02','2017-09-02'),(199,24,'Завод 123','2017-09-02','2020-09-02'),(200,25,'Фирма 789','2000-11-25','2001-11-25'),(201,25,'Фирма Рога и Копыта','2001-11-25','2003-11-25'),(202,25,'Аэрофлот','2003-11-25','2005-11-25'),(203,25,'Аэрофлот','2005-11-25','2008-11-25'),(204,25,'Фирма Рога и Копыта','2008-11-25','2011-11-25'),(205,25,'Завод имени Кирова','2011-11-25','2014-11-25'),(206,25,'Нефтеперерабатывающий завод','2014-11-25','2016-11-25'),(207,25,'Путиловский завод','2016-11-25','2019-11-25'),(208,25,'Фирма 789','2019-11-25','2020-11-25'),(209,26,'Транснефть','1996-04-26','1998-04-26'),(210,26,'Завод имени Кирова','1998-04-26','2000-04-26'),(211,26,'Завод 123','2000-04-26','2001-04-26'),(212,26,'Транснефть','2001-04-26','2003-04-26'),(213,26,'Транснефть','2003-04-26','2005-04-26'),(214,26,'Новатэк','2005-04-26','2007-04-26'),(215,26,'Фирма Рога и Копыта','2007-04-26','2009-04-26'),(216,26,'Нефтеперерабатывающий завод','2009-04-26','2012-04-26'),(217,26,'Новатэк','2012-04-26','2015-04-26'),(218,26,'Швейная фабрика','2015-04-26','2018-04-26'),(219,26,'Новатэк','2018-04-26','2020-04-26'),(220,27,'Фирма 789','2015-07-14','2017-07-14'),(221,27,'Роснефть','2017-07-14','2018-07-14'),(222,27,'Транснефть','2018-07-14','2020-07-14'),(223,28,'Нефтеперерабатывающий завод','1999-09-04','2001-09-04'),(224,28,'Швейная фабрика','2001-09-04','2002-09-04'),(225,28,'Транснефть','2002-09-04','2004-09-04'),(226,28,'Аэрофлот','2004-09-04','2006-09-04'),(227,28,'Транснефть','2006-09-04','2007-09-04'),(228,28,'Аэрофлот','2007-09-04','2010-09-04'),(229,28,'Аэрофлот','2010-09-04','2013-09-04'),(230,28,'Транснефть','2013-09-04','2015-09-04'),(231,28,'Фирма Рога и Копыта','2015-09-04','2018-09-04'),(232,28,'РЖД','2018-09-04','2019-09-04'),(233,28,'Транснефть','2019-09-04','2020-09-04'),(234,29,'Новатэк','1997-08-01','2000-08-01'),(235,29,'Транснефть','2000-08-01','2001-08-01'),(236,29,'Фирма Рога и Копыта','2001-08-01','2004-08-01'),(237,29,'Нефтеперерабатывающий завод','2004-08-01','2007-08-01'),(238,29,'Аэрофлот','2007-08-01','2009-08-01'),(239,29,'Новатэк','2009-08-01','2010-08-01'),(240,29,'Транснефть','2010-08-01','2011-08-01'),(241,29,'Фирма 789','2011-08-01','2012-08-01'),(242,29,'Транснефть','2012-08-01','2014-08-01'),(243,29,'Фирма 789','2014-08-01','2017-08-01'),(244,29,'Швейная фабрика','2017-08-01','2019-08-01'),(245,29,'Перекресток','2019-08-01','2021-08-01'),(246,30,'Путиловский завод','2011-03-11','2012-03-11'),(247,30,'Роснефть','2012-03-11','2015-03-11'),(248,30,'Перекресток','2015-03-11','2018-03-11'),(249,30,'РЖД','2018-03-11','2019-03-11'),(250,30,'Фирма Рога и Копыта','2019-03-11','2020-03-11'),(251,31,'Новатэк','2001-06-20','2002-06-20'),(252,31,'Транснефть','2002-06-20','2004-06-20'),(253,31,'Роснефть','2004-06-20','2005-06-20'),(254,31,'Завод 123','2005-06-20','2006-06-20'),(255,31,'Транснефть','2006-06-20','2009-06-20'),(256,31,'Перекресток','2009-06-20','2012-06-20'),(257,31,'Путиловский завод','2012-06-20','2014-06-20'),(258,31,'Нефтеперерабатывающий завод','2014-06-20','2016-06-20'),(259,31,'Завод имени Кирова','2016-06-20','2018-06-20'),(260,31,'Новатэк','2018-06-20','2019-06-20'),(261,31,'Перекресток','2019-06-20','2020-06-20'),(262,32,'Фирма Рога и Копыта','2015-06-05','2016-06-05'),(263,32,'Аэрофлот','2016-06-05','2019-06-05'),(264,32,'Фирма Рога и Копыта','2019-06-05','2021-06-05'),(265,33,'Нефтеперерабатывающий завод','2007-10-19','2009-10-19'),(266,33,'Нефтеперерабатывающий завод','2009-10-19','2010-10-19'),(267,33,'Швейная фабрика','2010-10-19','2012-10-19'),(268,33,'РЖД','2012-10-19','2014-10-19'),(269,33,'Нефтеперерабатывающий завод','2014-10-19','2016-10-19'),(270,33,'Путиловский завод','2016-10-19','2019-10-19'),(271,33,'Завод 123','2019-10-19','2021-10-19'),(272,34,'Фирма Рога и Копыта','2003-04-17','2004-04-17'),(273,34,'Швейная фабрика','2004-04-17','2007-04-17'),(274,34,'Перекресток','2007-04-17','2008-04-17'),(275,34,'Перекресток','2008-04-17','2010-04-17'),(276,34,'Аэрофлот','2010-04-17','2011-04-17'),(277,34,'Аэрофлот','2011-04-17','2012-04-17'),(278,34,'Фирма 789','2012-04-17','2013-04-17'),(279,34,'Завод 123','2013-04-17','2015-04-17'),(280,34,'Роснефть','2015-04-17','2017-04-17'),(281,34,'Аэрофлот','2017-04-17','2018-04-17'),(282,34,'Транснефть','2018-04-17','2020-04-17'),(283,35,'РЖД','2001-07-01','2002-07-01'),(284,35,'РЖД','2002-07-01','2003-07-01'),(285,35,'РЖД','2003-07-01','2005-07-01'),(286,35,'Роснефть','2005-07-01','2006-07-01'),(287,35,'Транснефть','2006-07-01','2008-07-01'),(288,35,'Швейная фабрика','2008-07-01','2009-07-01'),(289,35,'Транснефть','2009-07-01','2012-07-01'),(290,35,'Роснефть','2012-07-01','2014-07-01'),(291,35,'Фирма Рога и Копыта','2014-07-01','2015-07-01'),(292,35,'РЖД','2015-07-01','2016-07-01'),(293,35,'Нефтеперерабатывающий завод','2016-07-01','2017-07-01'),(294,35,'Нефтеперерабатывающий завод','2017-07-01','2019-07-01'),(295,35,'Завод 123','2019-07-01','2020-07-01'),(296,36,'Нефтеперерабатывающий завод','2005-01-22','2006-01-22'),(297,36,'Нефтеперерабатывающий завод','2006-01-22','2009-01-22'),(298,36,'Транснефть','2009-01-22','2011-01-22'),(299,36,'Завод имени Кирова','2011-01-22','2013-01-22'),(300,36,'Завод 123','2013-01-22','2015-01-22'),(301,36,'Путиловский завод','2015-01-22','2017-01-22'),(302,36,'Транснефть','2017-01-22','2018-01-22'),(303,36,'Фирма 789','2018-01-22','2020-01-22'),(304,36,'РЖД','2020-01-22','2022-01-22'),(305,37,'РЖД','2016-09-05','2017-09-05'),(306,37,'Аэрофлот','2017-09-05','2019-09-05'),(307,37,'Аэрофлот','2019-09-05','2020-09-05'),(308,38,'Перекресток','2001-10-17','2003-10-17'),(309,38,'Транснефть','2003-10-17','2004-10-17'),(310,38,'Фирма Рога и Копыта','2004-10-17','2005-10-17'),(311,38,'Перекресток','2005-10-17','2008-10-17'),(312,38,'РЖД','2008-10-17','2011-10-17'),(313,38,'Аэрофлот','2011-10-17','2013-10-17'),(314,38,'РЖД','2013-10-17','2014-10-17'),(315,38,'РЖД','2014-10-17','2017-10-17'),(316,38,'Завод имени Кирова','2017-10-17','2020-10-17'),(317,39,'РЖД','2004-06-11','2005-06-11'),(318,39,'Завод имени Кирова','2005-06-11','2008-06-11'),(319,39,'Швейная фабрика','2008-06-11','2010-06-11'),(320,39,'Роснефть','2010-06-11','2011-06-11'),(321,39,'Завод 123','2011-06-11','2012-06-11'),(322,39,'Фирма Рога и Копыта','2012-06-11','2015-06-11'),(323,39,'Новатэк','2015-06-11','2016-06-11'),(324,39,'РЖД','2016-06-11','2018-06-11'),(325,39,'Швейная фабрика','2018-06-11','2019-06-11'),(326,39,'Фирма Рога и Копыта','2019-06-11','2022-06-11'),(327,40,'Фирма 789','2011-08-17','2012-08-17'),(328,40,'Роснефть','2012-08-17','2014-08-17'),(329,40,'Завод 123','2014-08-17','2016-08-17'),(330,40,'Швейная фабрика','2016-08-17','2019-08-17'),(331,40,'Завод 123','2019-08-17','2022-08-17'),(332,41,'Завод 123','2004-11-16','2007-11-16'),(333,41,'Фирма 789','2007-11-16','2008-11-16'),(334,41,'Роснефть','2008-11-16','2011-11-16'),(335,41,'Нефтеперерабатывающий завод','2011-11-16','2014-11-16'),(336,41,'Транснефть','2014-11-16','2017-11-16'),(337,41,'Фирма Рога и Копыта','2017-11-16','2018-11-16'),(338,41,'Новатэк','2018-11-16','2019-11-16'),(339,41,'Транснефть','2019-11-16','2021-11-16'),(340,43,'Завод 123','2003-02-12','2004-02-12'),(341,43,'Транснефть','2004-02-12','2005-02-12'),(342,43,'Завод имени Кирова','2005-02-12','2008-02-12'),(343,43,'Новатэк','2008-02-12','2010-02-12'),(344,43,'Швейная фабрика','2010-02-12','2013-02-12'),(345,43,'Фирма Рога и Копыта','2013-02-12','2014-02-12'),(346,43,'Путиловский завод','2014-02-12','2017-02-12'),(347,43,'Фирма Рога и Копыта','2017-02-12','2020-02-12'),(348,43,'Перекресток','2020-02-12','2022-02-12'),(349,44,'Завод имени Кирова','2002-03-06','2004-03-06'),(350,44,'Роснефть','2004-03-06','2006-03-06'),(351,44,'Роснефть','2006-03-06','2008-03-06'),(352,44,'Завод 123','2008-03-06','2011-03-06'),(353,44,'Перекресток','2011-03-06','2014-03-06'),(354,44,'Завод имени Кирова','2014-03-06','2015-03-06'),(355,44,'Роснефть','2015-03-06','2018-03-06'),(356,44,'Нефтеперерабатывающий завод','2018-03-06','2019-03-06'),(357,44,'Завод имени Кирова','2019-03-06','2021-03-06'),(358,45,'Транснефть','2006-05-17','2009-05-17'),(359,45,'Транснефть','2009-05-17','2010-05-17'),(360,45,'Фирма Рога и Копыта','2010-05-17','2012-05-17'),(361,45,'Транснефть','2012-05-17','2013-05-17'),(362,45,'РЖД','2013-05-17','2016-05-17'),(363,45,'Путиловский завод','2016-05-17','2019-05-17'),(364,45,'Фирма Рога и Копыта','2019-05-17','2022-05-17'),(365,46,'Путиловский завод','2008-11-27','2010-11-27'),(366,46,'Перекресток','2010-11-27','2013-11-27'),(367,46,'Швейная фабрика','2013-11-27','2014-11-27'),(368,46,'Перекресток','2014-11-27','2017-11-27'),(369,46,'Фирма Рога и Копыта','2017-11-27','2019-11-27'),(370,46,'Новатэк','2019-11-27','2021-11-27'),(371,47,'Роснефть','2010-04-25','2012-04-25'),(372,47,'Роснефть','2012-04-25','2013-04-25'),(373,47,'Фирма Рога и Копыта','2013-04-25','2016-04-25'),(374,47,'Нефтеперерабатывающий завод','2016-04-25','2019-04-25'),(375,47,'Роснефть','2019-04-25','2021-04-25'),(376,48,'РЖД','2019-03-12','2020-03-12'),(377,49,'Фирма Рога и Копыта','2012-04-15','2013-04-15'),(378,49,'Фирма 789','2013-04-15','2015-04-15'),(379,49,'Перекресток','2015-04-15','2018-04-15'),(380,49,'Транснефть','2018-04-15','2021-04-15'),(381,50,'Аэрофлот','2012-11-19','2013-11-19'),(382,50,'Путиловский завод','2013-11-19','2016-11-19'),(383,50,'Нефтеперерабатывающий завод','2016-11-19','2018-11-19'),(384,50,'Фирма Рога и Копыта','2018-11-19','2020-11-19'),(385,51,'РЖД','2000-03-09','2002-03-09'),(386,51,'Путиловский завод','2002-03-09','2004-03-09'),(387,51,'Нефтеперерабатывающий завод','2004-03-09','2007-03-09'),(388,51,'Нефтеперерабатывающий завод','2007-03-09','2008-03-09'),(389,51,'Путиловский завод','2008-03-09','2009-03-09'),(390,51,'Завод имени Кирова','2009-03-09','2011-03-09'),(391,51,'РЖД','2011-03-09','2014-03-09'),(392,51,'Перекресток','2014-03-09','2016-03-09'),(393,51,'Путиловский завод','2016-03-09','2018-03-09'),(394,51,'Завод имени Кирова','2018-03-09','2019-03-09'),(395,51,'Фирма Рога и Копыта','2019-03-09','2022-03-09'),(396,52,'Завод 123','2015-03-23','2017-03-23'),(397,52,'Транснефть','2017-03-23','2019-03-23'),(398,52,'Путиловский завод','2019-03-23','2020-03-23'),(399,53,'Перекресток','2012-04-15','2013-04-15'),(400,53,'Новатэк','2013-04-15','2015-04-15'),(401,53,'Аэрофлот','2015-04-15','2017-04-15'),(402,53,'Путиловский завод','2017-04-15','2019-04-15'),(403,53,'Транснефть','2019-04-15','2020-04-15'),(404,54,'Завод имени Кирова','2008-11-09','2010-11-09'),(405,54,'Роснефть','2010-11-09','2011-11-09'),(406,54,'Роснефть','2011-11-09','2012-11-09'),(407,54,'РЖД','2012-11-09','2014-11-09'),(408,54,'Нефтеперерабатывающий завод','2014-11-09','2016-11-09'),(409,54,'Швейная фабрика','2016-11-09','2019-11-09'),(410,54,'Фирма Рога и Копыта','2019-11-09','2020-11-09'),(411,55,'Аэрофлот','1998-10-24','2001-10-24'),(412,55,'Швейная фабрика','2001-10-24','2004-10-24'),(413,55,'Завод 123','2004-10-24','2007-10-24'),(414,55,'Новатэк','2007-10-24','2010-10-24'),(415,55,'РЖД','2010-10-24','2012-10-24'),(416,55,'Фирма 789','2012-10-24','2013-10-24'),(417,55,'Транснефть','2013-10-24','2016-10-24'),(418,55,'Новатэк','2016-10-24','2019-10-24'),(419,55,'Путиловский завод','2019-10-24','2020-10-24'),(420,56,'Транснефть','2015-03-23','2017-03-23'),(421,56,'Транснефть','2017-03-23','2018-03-23'),(422,56,'Нефтеперерабатывающий завод','2018-03-23','2021-03-23'),(423,57,'Транснефть','2004-03-26','2006-03-26'),(424,57,'Завод 123','2006-03-26','2008-03-26'),(425,57,'Новатэк','2008-03-26','2011-03-26'),(426,57,'Путиловский завод','2011-03-26','2012-03-26'),(427,57,'Нефтеперерабатывающий завод','2012-03-26','2013-03-26'),(428,57,'Аэрофлот','2013-03-26','2016-03-26'),(429,57,'РЖД','2016-03-26','2017-03-26'),(430,57,'Новатэк','2017-03-26','2020-03-26'),(431,58,'Фирма Рога и Копыта','2016-01-18','2017-01-18'),(432,58,'Транснефть','2017-01-18','2020-01-18'),(433,58,'РЖД','2020-01-18','2022-01-18'),(434,59,'Путиловский завод','2009-04-25','2011-04-25'),(435,59,'Транснефть','2011-04-25','2012-04-25'),(436,59,'РЖД','2012-04-25','2015-04-25'),(437,59,'Нефтеперерабатывающий завод','2015-04-25','2017-04-25'),(438,59,'РЖД','2017-04-25','2018-04-25'),(439,59,'Перекресток','2018-04-25','2020-04-25'),(440,60,'Фирма 789','2018-11-04','2021-11-04'),(441,61,'Нефтеперерабатывающий завод','1997-08-23','1998-08-23'),(442,61,'Фирма Рога и Копыта','1998-08-23','2001-08-23'),(443,61,'Фирма Рога и Копыта','2001-08-23','2004-08-23'),(444,61,'Транснефть','2004-08-23','2006-08-23'),(445,61,'Фирма Рога и Копыта','2006-08-23','2007-08-23'),(446,61,'Аэрофлот','2007-08-23','2010-08-23'),(447,61,'Фирма Рога и Копыта','2010-08-23','2011-08-23'),(448,61,'Нефтеперерабатывающий завод','2011-08-23','2013-08-23'),(449,61,'Завод имени Кирова','2013-08-23','2015-08-23'),(450,61,'Нефтеперерабатывающий завод','2015-08-23','2016-08-23'),(451,61,'Фирма Рога и Копыта','2016-08-23','2019-08-23'),(452,61,'Завод имени Кирова','2019-08-23','2020-08-23'),(453,62,'Швейная фабрика','2011-11-19','2014-11-19'),(454,62,'Транснефть','2014-11-19','2015-11-19'),(455,62,'Нефтеперерабатывающий завод','2015-11-19','2017-11-19'),(456,62,'Путиловский завод','2017-11-19','2020-11-19'),(457,63,'Аэрофлот','2014-05-24','2017-05-24'),(458,63,'Роснефть','2017-05-24','2020-05-24'),(459,64,'Завод 123','1997-02-03','2000-02-03'),(460,64,'Фирма Рога и Копыта','2000-02-03','2003-02-03'),(461,64,'Перекресток','2003-02-03','2005-02-03'),(462,64,'Нефтеперерабатывающий завод','2005-02-03','2006-02-03'),(463,64,'Завод 123','2006-02-03','2007-02-03'),(464,64,'Завод 123','2007-02-03','2009-02-03'),(465,64,'Завод имени Кирова','2009-02-03','2011-02-03'),(466,64,'Завод 123','2011-02-03','2014-02-03'),(467,64,'Транснефть','2014-02-03','2015-02-03'),(468,64,'Аэрофлот','2015-02-03','2016-02-03'),(469,64,'Фирма 789','2016-02-03','2018-02-03'),(470,64,'Транснефть','2018-02-03','2021-02-03'),(471,65,'РЖД','2007-08-21','2010-08-21'),(472,65,'Нефтеперерабатывающий завод','2010-08-21','2011-08-21'),(473,65,'Нефтеперерабатывающий завод','2011-08-21','2014-08-21'),(474,65,'Перекресток','2014-08-21','2017-08-21'),(475,65,'Транснефть','2017-08-21','2018-08-21'),(476,65,'Перекресток','2018-08-21','2021-08-21'),(477,66,'Аэрофлот','2016-11-13','2018-11-13'),(478,66,'Перекресток','2018-11-13','2020-11-13'),(479,67,'Завод имени Кирова','2009-11-01','2010-11-01'),(480,67,'Фирма Рога и Копыта','2010-11-01','2013-11-01'),(481,67,'Швейная фабрика','2013-11-01','2014-11-01'),(482,67,'Завод имени Кирова','2014-11-01','2015-11-01'),(483,67,'Завод 123','2015-11-01','2016-11-01'),(484,67,'РЖД','2016-11-01','2018-11-01'),(485,67,'Транснефть','2018-11-01','2019-11-01'),(486,67,'Транснефть','2019-11-01','2021-11-01'),(487,69,'Швейная фабрика','2008-06-22','2011-06-22'),(488,69,'Путиловский завод','2011-06-22','2014-06-22'),(489,69,'Роснефть','2014-06-22','2015-06-22'),(490,69,'Транснефть','2015-06-22','2018-06-22'),(491,69,'Фирма 789','2018-06-22','2020-06-22'),(492,70,'Транснефть','2018-04-01','2021-04-01'),(493,71,'Фирма 789','1997-02-03','1999-02-03'),(494,71,'Нефтеперерабатывающий завод','1999-02-03','2002-02-03'),(495,71,'Роснефть','2002-02-03','2004-02-03'),(496,71,'РЖД','2004-02-03','2005-02-03'),(497,71,'РЖД','2005-02-03','2008-02-03'),(498,71,'Новатэк','2008-02-03','2011-02-03'),(499,71,'Завод имени Кирова','2011-02-03','2014-02-03'),(500,71,'Швейная фабрика','2014-02-03','2016-02-03'),(501,71,'Завод имени Кирова','2016-02-03','2019-02-03'),(502,71,'РЖД','2019-02-03','2021-02-03'),(503,72,'Фирма 789','1995-06-01','1998-06-01'),(504,72,'Швейная фабрика','1998-06-01','2001-06-01'),(505,72,'Завод 123','2001-06-01','2003-06-01'),(506,72,'Перекресток','2003-06-01','2006-06-01'),(507,72,'Фирма Рога и Копыта','2006-06-01','2009-06-01'),(508,72,'Фирма Рога и Копыта','2009-06-01','2012-06-01'),(509,72,'Фирма Рога и Копыта','2012-06-01','2015-06-01'),(510,72,'Фирма 789','2015-06-01','2016-06-01'),(511,72,'Транснефть','2016-06-01','2018-06-01'),(512,72,'Транснефть','2018-06-01','2021-06-01'),(513,73,'Нефтеперерабатывающий завод','1999-06-17','2000-06-17'),(514,73,'Швейная фабрика','2000-06-17','2001-06-17'),(515,73,'Завод имени Кирова','2001-06-17','2002-06-17'),(516,73,'Аэрофлот','2002-06-17','2004-06-17'),(517,73,'Транснефть','2004-06-17','2006-06-17'),(518,73,'Путиловский завод','2006-06-17','2007-06-17'),(519,73,'Фирма 789','2007-06-17','2010-06-17'),(520,73,'Завод 123','2010-06-17','2012-06-17'),(521,73,'Завод 123','2012-06-17','2015-06-17'),(522,73,'Путиловский завод','2015-06-17','2017-06-17'),(523,73,'РЖД','2017-06-17','2020-06-17'),(524,74,'Фирма Рога и Копыта','1999-08-22','2002-08-22'),(525,74,'Фирма 789','2002-08-22','2005-08-22'),(526,74,'Завод имени Кирова','2005-08-22','2008-08-22'),(527,74,'Нефтеперерабатывающий завод','2008-08-22','2010-08-22'),(528,74,'Фирма 789','2010-08-22','2013-08-22'),(529,74,'Новатэк','2013-08-22','2016-08-22'),(530,74,'Завод 123','2016-08-22','2018-08-22'),(531,74,'Завод имени Кирова','2018-08-22','2020-08-22'),(532,76,'Завод имени Кирова','2009-04-23','2010-04-23'),(533,76,'Нефтеперерабатывающий завод','2010-04-23','2013-04-23'),(534,76,'Швейная фабрика','2013-04-23','2016-04-23'),(535,76,'Транснефть','2016-04-23','2018-04-23'),(536,76,'Транснефть','2018-04-23','2019-04-23'),(537,76,'Новатэк','2019-04-23','2021-04-23'),(538,77,'Аэрофлот','1994-09-22','1995-09-22'),(539,77,'Аэрофлот','1995-09-22','1996-09-22'),(540,77,'Транснефть','1996-09-22','1998-09-22'),(541,77,'РЖД','1998-09-22','1999-09-22'),(542,77,'Транснефть','1999-09-22','2002-09-22'),(543,77,'Роснефть','2002-09-22','2003-09-22'),(544,77,'Фирма Рога и Копыта','2003-09-22','2006-09-22'),(545,77,'Перекресток','2006-09-22','2008-09-22'),(546,77,'Швейная фабрика','2008-09-22','2011-09-22'),(547,77,'Роснефть','2011-09-22','2012-09-22'),(548,77,'РЖД','2012-09-22','2015-09-22'),(549,77,'Роснефть','2015-09-22','2018-09-22'),(550,77,'Транснефть','2018-09-22','2021-09-22'),(551,78,'Транснефть','1995-06-03','1997-06-03'),(552,78,'Фирма 789','1997-06-03','2000-06-03'),(553,78,'Швейная фабрика','2000-06-03','2003-06-03'),(554,78,'Путиловский завод','2003-06-03','2006-06-03'),(555,78,'Фирма Рога и Копыта','2006-06-03','2009-06-03'),(556,78,'Фирма 789','2009-06-03','2012-06-03'),(557,78,'Транснефть','2012-06-03','2014-06-03'),(558,78,'Путиловский завод','2014-06-03','2017-06-03'),(559,78,'Транснефть','2017-06-03','2018-06-03'),(560,78,'Нефтеперерабатывающий завод','2018-06-03','2020-06-03'),(561,79,'Завод имени Кирова','2010-06-14','2012-06-14'),(562,79,'Фирма Рога и Копыта','2012-06-14','2013-06-14'),(563,79,'Перекресток','2013-06-14','2015-06-14'),(564,79,'Фирма 789','2015-06-14','2017-06-14'),(565,79,'Нефтеперерабатывающий завод','2017-06-14','2018-06-14'),(566,79,'Роснефть','2018-06-14','2020-06-14'),(567,80,'Перекресток','2009-04-26','2010-04-26'),(568,80,'Роснефть','2010-04-26','2013-04-26'),(569,80,'Завод имени Кирова','2013-04-26','2016-04-26'),(570,80,'Завод имени Кирова','2016-04-26','2017-04-26'),(571,80,'Путиловский завод','2017-04-26','2018-04-26'),(572,80,'Фирма 789','2018-04-26','2020-04-26'),(573,81,'Швейная фабрика','2013-06-06','2016-06-06'),(574,81,'РЖД','2016-06-06','2018-06-06'),(575,81,'Транснефть','2018-06-06','2019-06-06'),(576,81,'Завод имени Кирова','2019-06-06','2020-06-06'),(577,82,'Новатэк','2016-09-07','2017-09-07'),(578,82,'Транснефть','2017-09-07','2019-09-07'),(579,82,'Транснефть','2019-09-07','2020-09-07'),(580,83,'Швейная фабрика','1997-05-08','1999-05-08'),(581,83,'Перекресток','1999-05-08','2001-05-08'),(582,83,'Роснефть','2001-05-08','2003-05-08'),(583,83,'Транснефть','2003-05-08','2004-05-08'),(584,83,'Завод имени Кирова','2004-05-08','2006-05-08'),(585,83,'Транснефть','2006-05-08','2009-05-08'),(586,83,'Путиловский завод','2009-05-08','2012-05-08'),(587,83,'Нефтеперерабатывающий завод','2012-05-08','2014-05-08'),(588,83,'Фирма Рога и Копыта','2014-05-08','2015-05-08'),(589,83,'Путиловский завод','2015-05-08','2018-05-08'),(590,83,'РЖД','2018-05-08','2021-05-08'),(591,84,'Транснефть','1999-01-08','2001-01-08'),(592,84,'Швейная фабрика','2001-01-08','2002-01-08'),(593,84,'Новатэк','2002-01-08','2005-01-08'),(594,84,'Путиловский завод','2005-01-08','2007-01-08'),(595,84,'Завод имени Кирова','2007-01-08','2008-01-08'),(596,84,'Новатэк','2008-01-08','2009-01-08'),(597,84,'Нефтеперерабатывающий завод','2009-01-08','2011-01-08'),(598,84,'Перекресток','2011-01-08','2013-01-08'),(599,84,'Завод имени Кирова','2013-01-08','2014-01-08'),(600,84,'Транснефть','2014-01-08','2016-01-08'),(601,84,'Аэрофлот','2016-01-08','2019-01-08'),(602,84,'Аэрофлот','2019-01-08','2021-01-08'),(603,85,'РЖД','2019-04-19','2022-04-19'),(604,86,'Транснефть','2000-02-27','2003-02-27'),(605,86,'РЖД','2003-02-27','2005-02-27'),(606,86,'Транснефть','2005-02-27','2006-02-27'),(607,86,'Аэрофлот','2006-02-27','2007-02-27'),(608,86,'Нефтеперерабатывающий завод','2007-02-27','2010-02-27'),(609,86,'Путиловский завод','2010-02-27','2011-02-27'),(610,86,'РЖД','2011-02-27','2012-02-27'),(611,86,'Нефтеперерабатывающий завод','2012-02-27','2013-02-27'),(612,86,'РЖД','2013-02-27','2014-02-27'),(613,86,'Транснефть','2014-02-27','2016-02-27'),(614,86,'Фирма Рога и Копыта','2016-02-27','2018-02-27'),(615,86,'Путиловский завод','2018-02-27','2019-02-27'),(616,86,'Транснефть','2019-02-27','2021-02-27'),(617,88,'Путиловский завод','2018-03-14','2019-03-14'),(618,88,'Новатэк','2019-03-14','2021-03-14'),(619,89,'Новатэк','2009-10-18','2012-10-18'),(620,89,'Роснефть','2012-10-18','2014-10-18'),(621,89,'Завод 123','2014-10-18','2017-10-18'),(622,89,'Завод имени Кирова','2017-10-18','2018-10-18'),(623,89,'Фирма 789','2018-10-18','2019-10-18'),(624,89,'Фирма Рога и Копыта','2019-10-18','2020-10-18'),(625,90,'Перекресток','1998-08-22','1999-08-22'),(626,90,'Путиловский завод','1999-08-22','2001-08-22'),(627,90,'Путиловский завод','2001-08-22','2004-08-22'),(628,90,'Транснефть','2004-08-22','2006-08-22'),(629,90,'Швейная фабрика','2006-08-22','2008-08-22'),(630,90,'Швейная фабрика','2008-08-22','2009-08-22'),(631,90,'Нефтеперерабатывающий завод','2009-08-22','2011-08-22'),(632,90,'Завод имени Кирова','2011-08-22','2014-08-22'),(633,90,'Путиловский завод','2014-08-22','2017-08-22'),(634,90,'РЖД','2017-08-22','2020-08-22'),(635,91,'РЖД','2006-04-08','2007-04-08'),(636,91,'Перекресток','2007-04-08','2010-04-08'),(637,91,'Транснефть','2010-04-08','2011-04-08'),(638,91,'РЖД','2011-04-08','2013-04-08'),(639,91,'Нефтеперерабатывающий завод','2013-04-08','2016-04-08'),(640,91,'Транснефть','2016-04-08','2018-04-08'),(641,91,'Роснефть','2018-04-08','2021-04-08'),(642,92,'Транснефть','1995-02-12','1998-02-12'),(643,92,'Нефтеперерабатывающий завод','1998-02-12','1999-02-12'),(644,92,'Нефтеперерабатывающий завод','1999-02-12','2002-02-12'),(645,92,'Новатэк','2002-02-12','2004-02-12'),(646,92,'Транснефть','2004-02-12','2005-02-12'),(647,92,'Нефтеперерабатывающий завод','2005-02-12','2006-02-12'),(648,92,'Завод 123','2006-02-12','2007-02-12'),(649,92,'Нефтеперерабатывающий завод','2007-02-12','2009-02-12'),(650,92,'Завод имени Кирова','2009-02-12','2011-02-12'),(651,92,'Завод 123','2011-02-12','2014-02-12'),(652,92,'Новатэк','2014-02-12','2017-02-12'),(653,92,'Фирма Рога и Копыта','2017-02-12','2020-02-12'),(654,92,'Перекресток','2020-02-12','2023-02-12'),(655,93,'Фирма Рога и Копыта','2010-03-02','2012-03-02'),(656,93,'Завод имени Кирова','2012-03-02','2015-03-02'),(657,93,'Роснефть','2015-03-02','2017-03-02'),(658,93,'Швейная фабрика','2017-03-02','2020-03-02'),(659,94,'Путиловский завод','2018-06-24','2021-06-24'),(660,95,'Фирма Рога и Копыта','1992-02-19','1994-02-19'),(661,95,'Швейная фабрика','1994-02-19','1996-02-19'),(662,95,'Нефтеперерабатывающий завод','1996-02-19','1999-02-19'),(663,95,'Транснефть','1999-02-19','2002-02-19'),(664,95,'Перекресток','2002-02-19','2003-02-19'),(665,95,'Перекресток','2003-02-19','2005-02-19'),(666,95,'Аэрофлот','2005-02-19','2006-02-19'),(667,95,'Путиловский завод','2006-02-19','2007-02-19'),(668,95,'Путиловский завод','2007-02-19','2010-02-19'),(669,95,'Швейная фабрика','2010-02-19','2011-02-19'),(670,95,'Завод 123','2011-02-19','2013-02-19'),(671,95,'Роснефть','2013-02-19','2016-02-19'),(672,95,'Завод 123','2016-02-19','2019-02-19'),(673,95,'Транснефть','2019-02-19','2022-02-19'),(674,96,'Фирма 789','2004-06-08','2006-06-08'),(675,96,'Транснефть','2006-06-08','2009-06-08'),(676,96,'Путиловский завод','2009-06-08','2012-06-08'),(677,96,'Швейная фабрика','2012-06-08','2013-06-08'),(678,96,'Аэрофлот','2013-06-08','2014-06-08'),(679,96,'Фирма Рога и Копыта','2014-06-08','2017-06-08'),(680,96,'Завод имени Кирова','2017-06-08','2018-06-08'),(681,96,'Роснефть','2018-06-08','2021-06-08'),(682,97,'Новатэк','2013-01-01','2016-01-01'),(683,97,'Завод имени Кирова','2016-01-01','2017-01-01'),(684,97,'Швейная фабрика','2017-01-01','2018-01-01'),(685,97,'Путиловский завод','2018-01-01','2019-01-01'),(686,97,'Завод 123','2019-01-01','2020-01-01'),(687,97,'РЖД','2020-01-01','2022-01-01'),(688,98,'Фирма Рога и Копыта','2004-05-18','2005-05-18'),(689,98,'Перекресток','2005-05-18','2008-05-18'),(690,98,'Аэрофлот','2008-05-18','2011-05-18'),(691,98,'Аэрофлот','2011-05-18','2014-05-18'),(692,98,'Аэрофлот','2014-05-18','2015-05-18'),(693,98,'Новатэк','2015-05-18','2018-05-18'),(694,98,'Роснефть','2018-05-18','2019-05-18'),(695,98,'Путиловский завод','2019-05-18','2020-05-18');
/*!40000 ALTER TABLE `labor_periods` ENABLE KEYS */;
UNLOCK TABLES;

--
-- Table structure for table `personal`
--

DROP TABLE IF EXISTS `personal`;
/*!40101 SET @saved_cs_client     = @@character_set_client */;
/*!50503 SET character_set_client = utf8mb4 */;
CREATE TABLE `personal` (
  `id` bigint unsigned NOT NULL AUTO_INCREMENT,
  `name` varchar(255) NOT NULL,
  `staff_id` bigint unsigned DEFAULT NULL COMMENT 'Занимаемая должность',
  UNIQUE KEY `id` (`id`)
) ENGINE=InnoDB AUTO_INCREMENT=6 DEFAULT CHARSET=utf8mb4 COLLATE=utf8mb4_0900_ai_ci COMMENT='Таблица сотрудников';
/*!40101 SET character_set_client = @saved_cs_client */;

--
-- Dumping data for table `personal`
--

LOCK TABLES `personal` WRITE;
/*!40000 ALTER TABLE `personal` DISABLE KEYS */;
INSERT INTO `personal` VALUES (1,'Пупкин Иван Семёнович',3),(2,'Тряпочкни Сергей Петрович',6),(3,'Сергеев Петр Сергеевич',9),(4,'Тюлькин Сергей Иванович',10),(5,'Иванов Сидр Петрович',12);
/*!40000 ALTER TABLE `personal` ENABLE KEYS */;
UNLOCK TABLES;
/*!50003 SET @saved_cs_client      = @@character_set_client */ ;
/*!50003 SET @saved_cs_results     = @@character_set_results */ ;
/*!50003 SET @saved_col_connection = @@collation_connection */ ;
/*!50003 SET character_set_client  = utf8 */ ;
/*!50003 SET character_set_results = utf8 */ ;
/*!50003 SET collation_connection  = utf8_general_ci */ ;
/*!50003 SET @saved_sql_mode       = @@sql_mode */ ;
/*!50003 SET sql_mode              = 'ONLY_FULL_GROUP_BY,STRICT_TRANS_TABLES,NO_ZERO_IN_DATE,NO_ZERO_DATE,ERROR_FOR_DIVISION_BY_ZERO,NO_ENGINE_SUBSTITUTION' */ ;
DELIMITER ;;
/*!50003 CREATE*/ /*!50017 DEFINER=`root`@`localhost`*/ /*!50003 TRIGGER `add_person` AFTER INSERT ON `personal` FOR EACH ROW BEGIN
	UPDATE staff_table SET is_vacant = FALSE, vacant_from = '9999-12-31'
		WHERE id = NEW.staff_id;
END */;;
DELIMITER ;
/*!50003 SET sql_mode              = @saved_sql_mode */ ;
/*!50003 SET character_set_client  = @saved_cs_client */ ;
/*!50003 SET character_set_results = @saved_cs_results */ ;
/*!50003 SET collation_connection  = @saved_col_connection */ ;
/*!50003 SET @saved_cs_client      = @@character_set_client */ ;
/*!50003 SET @saved_cs_results     = @@character_set_results */ ;
/*!50003 SET @saved_col_connection = @@collation_connection */ ;
/*!50003 SET character_set_client  = utf8 */ ;
/*!50003 SET character_set_results = utf8 */ ;
/*!50003 SET collation_connection  = utf8_general_ci */ ;
/*!50003 SET @saved_sql_mode       = @@sql_mode */ ;
/*!50003 SET sql_mode              = 'ONLY_FULL_GROUP_BY,STRICT_TRANS_TABLES,NO_ZERO_IN_DATE,NO_ZERO_DATE,ERROR_FOR_DIVISION_BY_ZERO,NO_ENGINE_SUBSTITUTION' */ ;
DELIMITER ;;
/*!50003 CREATE*/ /*!50017 DEFINER=`root`@`localhost`*/ /*!50003 TRIGGER `delete_person` AFTER DELETE ON `personal` FOR EACH ROW BEGIN
	UPDATE staff_table SET is_vacant = TRUE, vacant_from = NOW()
		WHERE id = OLD.staff_id;
END */;;
DELIMITER ;
/*!50003 SET sql_mode              = @saved_sql_mode */ ;
/*!50003 SET character_set_client  = @saved_cs_client */ ;
/*!50003 SET character_set_results = @saved_cs_results */ ;
/*!50003 SET collation_connection  = @saved_col_connection */ ;

--
-- Table structure for table `places`
--

DROP TABLE IF EXISTS `places`;
/*!40101 SET @saved_cs_client     = @@character_set_client */;
/*!50503 SET character_set_client = utf8mb4 */;
CREATE TABLE `places` (
  `id` bigint unsigned NOT NULL AUTO_INCREMENT,
  `name` varchar(128) NOT NULL,
  UNIQUE KEY `id` (`id`),
  UNIQUE KEY `name` (`name`)
) ENGINE=InnoDB AUTO_INCREMENT=23 DEFAULT CHARSET=utf8mb4 COLLATE=utf8mb4_0900_ai_ci COMMENT='Города';
/*!40101 SET character_set_client = @saved_cs_client */;

--
-- Dumping data for table `places`
--

LOCK TABLES `places` WRITE;
/*!40000 ALTER TABLE `places` DISABLE KEYS */;
INSERT INTO `places` VALUES (21,'Барнаул'),(15,'Волгоград'),(13,'Воронеж'),(4,'Екатеринбург'),(20,'Ижевск'),(6,'Казань'),(16,'Краснодар'),(12,'Красноярск'),(1,'Москва'),(5,'Нижний Новгород'),(3,'Новосибирск'),(8,'Омск'),(14,'Пермь'),(10,'Ростов-на-Дону'),(9,'Самара'),(2,'Санкт-Петербург'),(17,'Саратов'),(19,'Тольятти'),(18,'Тюмень'),(22,'Ульяновск'),(11,'Уфа'),(7,'Челябинск');
/*!40000 ALTER TABLE `places` ENABLE KEYS */;
UNLOCK TABLES;

--
-- Table structure for table `positions`
--

DROP TABLE IF EXISTS `positions`;
/*!40101 SET @saved_cs_client     = @@character_set_client */;
/*!50503 SET character_set_client = utf8mb4 */;
CREATE TABLE `positions` (
  `id` bigint unsigned NOT NULL AUTO_INCREMENT,
  `name` varchar(128) NOT NULL,
  `level_id` bigint unsigned NOT NULL,
  UNIQUE KEY `id` (`id`),
  UNIQUE KEY `name` (`name`),
  KEY `level_id_fk` (`level_id`),
  CONSTRAINT `level_id_fk` FOREIGN KEY (`level_id`) REFERENCES `positions_levels` (`id`)
) ENGINE=InnoDB AUTO_INCREMENT=14 DEFAULT CHARSET=utf8mb4 COLLATE=utf8mb4_0900_ai_ci COMMENT='Таблица должностей';
/*!40101 SET character_set_client = @saved_cs_client */;

--
-- Dumping data for table `positions`
--

LOCK TABLES `positions` WRITE;
/*!40000 ALTER TABLE `positions` DISABLE KEYS */;
INSERT INTO `positions` VALUES (1,'Генеральный директор',1),(2,'Начальник Департамента',2),(3,'Начальник Управления',2),(4,'Начальник отдела',2),(5,'Заместитель начальника Департамента',2),(6,'Заместитель начальника Управления',2),(7,'Заместитель начальника отдела',2),(8,'главный специалист',3),(9,'ведущий специалист',3),(10,'ведущий инженер',3),(11,'секретарь',4),(12,'референт',4),(13,'ведущий программист',3);
/*!40000 ALTER TABLE `positions` ENABLE KEYS */;
UNLOCK TABLES;

--
-- Table structure for table `positions_levels`
--

DROP TABLE IF EXISTS `positions_levels`;
/*!40101 SET @saved_cs_client     = @@character_set_client */;
/*!50503 SET character_set_client = utf8mb4 */;
CREATE TABLE `positions_levels` (
  `id` bigint unsigned NOT NULL AUTO_INCREMENT,
  `name` varchar(128) NOT NULL,
  UNIQUE KEY `id` (`id`),
  UNIQUE KEY `name` (`name`)
) ENGINE=InnoDB AUTO_INCREMENT=6 DEFAULT CHARSET=utf8mb4 COLLATE=utf8mb4_0900_ai_ci COMMENT='Таблица уровней должности';
/*!40101 SET character_set_client = @saved_cs_client */;

--
-- Dumping data for table `positions_levels`
--

LOCK TABLES `positions_levels` WRITE;
/*!40000 ALTER TABLE `positions_levels` DISABLE KEYS */;
INSERT INTO `positions_levels` VALUES (1,'Высший управленческий состав'),(5,'Рабочие'),(2,'Руководители'),(4,'Служащие'),(3,'Специалисты');
/*!40000 ALTER TABLE `positions_levels` ENABLE KEYS */;
UNLOCK TABLES;

--
-- Table structure for table `relative_types`
--

DROP TABLE IF EXISTS `relative_types`;
/*!40101 SET @saved_cs_client     = @@character_set_client */;
/*!50503 SET character_set_client = utf8mb4 */;
CREATE TABLE `relative_types` (
  `id` bigint unsigned NOT NULL AUTO_INCREMENT,
  `name` varchar(16) NOT NULL,
  UNIQUE KEY `id` (`id`),
  UNIQUE KEY `name` (`name`)
) ENGINE=InnoDB AUTO_INCREMENT=9 DEFAULT CHARSET=utf8mb4 COLLATE=utf8mb4_0900_ai_ci COMMENT='Родственники';
/*!40101 SET character_set_client = @saved_cs_client */;

--
-- Dumping data for table `relative_types`
--

LOCK TABLES `relative_types` WRITE;
/*!40000 ALTER TABLE `relative_types` DISABLE KEYS */;
INSERT INTO `relative_types` VALUES (7,'Брат'),(6,'Дочь'),(4,'Жена'),(1,'Мать'),(3,'Муж'),(2,'Отец'),(8,'Сестра'),(5,'Сын');
/*!40000 ALTER TABLE `relative_types` ENABLE KEYS */;
UNLOCK TABLES;

--
-- Table structure for table `relatives`
--

DROP TABLE IF EXISTS `relatives`;
/*!40101 SET @saved_cs_client     = @@character_set_client */;
/*!50503 SET character_set_client = utf8mb4 */;
CREATE TABLE `relatives` (
  `id` bigint unsigned NOT NULL AUTO_INCREMENT,
  `resume_id` bigint unsigned NOT NULL,
  `name` varchar(128) NOT NULL COMMENT 'Имя родственника',
  `relative_type_id` bigint unsigned DEFAULT NULL,
  UNIQUE KEY `id` (`id`),
  KEY `relatives_resume_id_fk` (`resume_id`),
  KEY `relatives_relative_type_id_fk` (`relative_type_id`),
  CONSTRAINT `relatives_relative_type_id_fk` FOREIGN KEY (`relative_type_id`) REFERENCES `relative_types` (`id`),
  CONSTRAINT `relatives_resume_id_fk` FOREIGN KEY (`resume_id`) REFERENCES `resumes` (`id`)
) ENGINE=InnoDB AUTO_INCREMENT=211 DEFAULT CHARSET=utf8mb4 COLLATE=utf8mb4_0900_ai_ci COMMENT='Данные о родственниках';
/*!40101 SET character_set_client = @saved_cs_client */;

--
-- Dumping data for table `relatives`
--

LOCK TABLES `relatives` WRITE;
/*!40000 ALTER TABLE `relatives` DISABLE KEYS */;
INSERT INTO `relatives` VALUES (1,1,'ФИО родственника 11',7),(2,2,'ФИО родственника 21',4),(3,2,'ФИО родственника 22',7),(4,3,'ФИО родственника 31',5),(5,4,'ФИО родственника 41',6),(6,4,'ФИО родственника 42',3),(7,5,'ФИО родственника 51',5),(8,5,'ФИО родственника 52',3),(9,6,'ФИО родственника 61',6),(10,7,'ФИО родственника 71',1),(11,7,'ФИО родственника 72',6),(12,8,'ФИО родственника 81',6),(13,8,'ФИО родственника 82',7),(14,9,'ФИО родственника 91',7),(15,9,'ФИО родственника 92',6),(16,10,'ФИО родственника 101',6),(17,11,'ФИО родственника 111',1),(18,11,'ФИО родственника 112',1),(19,12,'ФИО родственника 121',3),(20,12,'ФИО родственника 122',7),(21,12,'ФИО родственника 123',5),(22,13,'ФИО родственника 131',2),(23,14,'ФИО родственника 141',5),(24,14,'ФИО родственника 142',1),(25,14,'ФИО родственника 143',3),(26,15,'ФИО родственника 151',4),(27,15,'ФИО родственника 152',4),(28,15,'ФИО родственника 153',2),(29,16,'ФИО родственника 161',7),(30,16,'ФИО родственника 162',4),(31,16,'ФИО родственника 163',5),(32,17,'ФИО родственника 171',6),(33,17,'ФИО родственника 172',4),(34,17,'ФИО родственника 173',1),(35,18,'ФИО родственника 181',4),(36,18,'ФИО родственника 182',4),(37,18,'ФИО родственника 183',7),(38,19,'ФИО родственника 191',2),(39,20,'ФИО родственника 201',2),(40,20,'ФИО родственника 202',2),(41,21,'ФИО родственника 211',5),(42,22,'ФИО родственника 221',7),(43,23,'ФИО родственника 231',7),(44,24,'ФИО родственника 241',7),(45,24,'ФИО родственника 242',6),(46,24,'ФИО родственника 243',6),(47,25,'ФИО родственника 251',2),(48,25,'ФИО родственника 252',1),(49,25,'ФИО родственника 253',7),(50,26,'ФИО родственника 261',7),(51,26,'ФИО родственника 262',5),(52,27,'ФИО родственника 271',2),(53,27,'ФИО родственника 272',2),(54,27,'ФИО родственника 273',5),(55,28,'ФИО родственника 281',3),(56,28,'ФИО родственника 282',4),(57,29,'ФИО родственника 291',7),(58,29,'ФИО родственника 292',2),(59,30,'ФИО родственника 301',5),(60,31,'ФИО родственника 311',1),(61,32,'ФИО родственника 321',6),(62,32,'ФИО родственника 322',2),(63,33,'ФИО родственника 331',2),(64,33,'ФИО родственника 332',6),(65,33,'ФИО родственника 333',4),(66,34,'ФИО родственника 341',2),(67,34,'ФИО родственника 342',1),(68,34,'ФИО родственника 343',6),(69,35,'ФИО родственника 351',3),(70,35,'ФИО родственника 352',5),(71,35,'ФИО родственника 353',4),(72,36,'ФИО родственника 361',1),(73,36,'ФИО родственника 362',5),(74,37,'ФИО родственника 371',4),(75,37,'ФИО родственника 372',5),(76,37,'ФИО родственника 373',7),(77,38,'ФИО родственника 381',5),(78,38,'ФИО родственника 382',3),(79,38,'ФИО родственника 383',6),(80,39,'ФИО родственника 391',2),(81,39,'ФИО родственника 392',7),(82,39,'ФИО родственника 393',2),(83,40,'ФИО родственника 401',7),(84,41,'ФИО родственника 411',5),(85,42,'ФИО родственника 421',6),(86,43,'ФИО родственника 431',7),(87,43,'ФИО родственника 432',7),(88,43,'ФИО родственника 433',7),(89,44,'ФИО родственника 441',3),(90,44,'ФИО родственника 442',3),(91,44,'ФИО родственника 443',6),(92,45,'ФИО родственника 451',6),(93,46,'ФИО родственника 461',5),(94,46,'ФИО родственника 462',1),(95,46,'ФИО родственника 463',7),(96,47,'ФИО родственника 471',2),(97,47,'ФИО родственника 472',7),(98,47,'ФИО родственника 473',4),(99,48,'ФИО родственника 481',2),(100,48,'ФИО родственника 482',4),(101,48,'ФИО родственника 483',5),(102,49,'ФИО родственника 491',4),(103,49,'ФИО родственника 492',2),(104,50,'ФИО родственника 501',2),(105,50,'ФИО родственника 502',6),(106,50,'ФИО родственника 503',7),(107,51,'ФИО родственника 511',4),(108,51,'ФИО родственника 512',2),(109,51,'ФИО родственника 513',5),(110,52,'ФИО родственника 521',3),(111,52,'ФИО родственника 522',4),(112,53,'ФИО родственника 531',7),(113,54,'ФИО родственника 541',3),(114,54,'ФИО родственника 542',3),(115,55,'ФИО родственника 551',1),(116,56,'ФИО родственника 561',5),(117,56,'ФИО родственника 562',3),(118,57,'ФИО родственника 571',5),(119,57,'ФИО родственника 572',4),(120,57,'ФИО родственника 573',6),(121,58,'ФИО родственника 581',4),(122,59,'ФИО родственника 591',6),(123,59,'ФИО родственника 592',2),(124,59,'ФИО родственника 593',7),(125,60,'ФИО родственника 601',6),(126,60,'ФИО родственника 602',4),(127,60,'ФИО родственника 603',7),(128,61,'ФИО родственника 611',4),(129,62,'ФИО родственника 621',5),(130,62,'ФИО родственника 622',6),(131,63,'ФИО родственника 631',6),(132,64,'ФИО родственника 641',4),(133,64,'ФИО родственника 642',1),(134,65,'ФИО родственника 651',1),(135,66,'ФИО родственника 661',6),(136,66,'ФИО родственника 662',4),(137,67,'ФИО родственника 671',2),(138,68,'ФИО родственника 681',2),(139,68,'ФИО родственника 682',1),(140,68,'ФИО родственника 683',5),(141,69,'ФИО родственника 691',1),(142,70,'ФИО родственника 701',6),(143,70,'ФИО родственника 702',1),(144,71,'ФИО родственника 711',6),(145,71,'ФИО родственника 712',4),(146,71,'ФИО родственника 713',7),(147,72,'ФИО родственника 721',2),(148,72,'ФИО родственника 722',1),(149,73,'ФИО родственника 731',3),(150,73,'ФИО родственника 732',3),(151,73,'ФИО родственника 733',1),(152,74,'ФИО родственника 741',4),(153,75,'ФИО родственника 751',1),(154,76,'ФИО родственника 761',7),(155,77,'ФИО родственника 771',7),(156,77,'ФИО родственника 772',6),(157,78,'ФИО родственника 781',7),(158,78,'ФИО родственника 782',2),(159,79,'ФИО родственника 791',4),(160,80,'ФИО родственника 801',3),(161,80,'ФИО родственника 802',4),(162,80,'ФИО родственника 803',5),(163,81,'ФИО родственника 811',1),(164,81,'ФИО родственника 812',4),(165,82,'ФИО родственника 821',2),(166,82,'ФИО родственника 822',3),(167,82,'ФИО родственника 823',3),(168,83,'ФИО родственника 831',5),(169,83,'ФИО родственника 832',7),(170,83,'ФИО родственника 833',5),(171,84,'ФИО родственника 841',5),(172,84,'ФИО родственника 842',1),(173,84,'ФИО родственника 843',3),(174,85,'ФИО родственника 851',7),(175,85,'ФИО родственника 852',7),(176,85,'ФИО родственника 853',6),(177,86,'ФИО родственника 861',3),(178,86,'ФИО родственника 862',7),(179,87,'ФИО родственника 871',5),(180,87,'ФИО родственника 872',5),(181,87,'ФИО родственника 873',2),(182,88,'ФИО родственника 881',2),(183,88,'ФИО родственника 882',4),(184,88,'ФИО родственника 883',4),(185,89,'ФИО родственника 891',2),(186,89,'ФИО родственника 892',3),(187,89,'ФИО родственника 893',7),(188,90,'ФИО родственника 901',5),(189,90,'ФИО родственника 902',3),(190,90,'ФИО родственника 903',5),(191,91,'ФИО родственника 911',6),(192,91,'ФИО родственника 912',6),(193,92,'ФИО родственника 921',3),(194,92,'ФИО родственника 922',2),(195,92,'ФИО родственника 923',2),(196,93,'ФИО родственника 931',6),(197,93,'ФИО родственника 932',4),(198,93,'ФИО родственника 933',4),(199,94,'ФИО родственника 941',7),(200,94,'ФИО родственника 942',6),(201,95,'ФИО родственника 951',2),(202,95,'ФИО родственника 952',3),(203,95,'ФИО родственника 953',3),(204,96,'ФИО родственника 961',2),(205,96,'ФИО родственника 962',6),(206,97,'ФИО родственника 971',5),(207,97,'ФИО родственника 972',7),(208,98,'ФИО родственника 981',7),(209,98,'ФИО родственника 982',4),(210,98,'ФИО родственника 983',7);
/*!40000 ALTER TABLE `relatives` ENABLE KEYS */;
UNLOCK TABLES;

--
-- Table structure for table `requests`
--

DROP TABLE IF EXISTS `requests`;
/*!40101 SET @saved_cs_client     = @@character_set_client */;
/*!50503 SET character_set_client = utf8mb4 */;
CREATE TABLE `requests` (
  `id` bigint unsigned NOT NULL AUTO_INCREMENT,
  `staff_id` bigint unsigned DEFAULT NULL COMMENT 'Идентификатор вакантной должности',
  `activity_id` bigint unsigned DEFAULT NULL COMMENT 'Идентификатор направления деятельности',
  `created_at` datetime DEFAULT CURRENT_TIMESTAMP,
  `closed_at` datetime DEFAULT '9999-12-31 00:00:00',
  UNIQUE KEY `id` (`id`),
  KEY `requests_staff_id_fk` (`staff_id`),
  KEY `requests_activity_id_fk` (`activity_id`),
  CONSTRAINT `requests_activity_id_fk` FOREIGN KEY (`activity_id`) REFERENCES `activities` (`id`),
  CONSTRAINT `requests_staff_id_fk` FOREIGN KEY (`staff_id`) REFERENCES `staff_table` (`id`)
) ENGINE=InnoDB AUTO_INCREMENT=51 DEFAULT CHARSET=utf8mb4 COLLATE=utf8mb4_0900_ai_ci COMMENT='заявка на подбор';
/*!40101 SET character_set_client = @saved_cs_client */;

--
-- Dumping data for table `requests`
--

LOCK TABLES `requests` WRITE;
/*!40000 ALTER TABLE `requests` DISABLE KEYS */;
INSERT INTO `requests` VALUES (1,1,18,'2020-02-18 21:16:25','9999-12-31 00:00:00'),(2,2,5,'2020-02-18 21:16:25','9999-12-31 00:00:00'),(3,4,17,'2020-02-18 21:16:25','9999-12-31 00:00:00'),(4,5,23,'2020-02-18 21:16:25','9999-12-31 00:00:00'),(5,7,11,'2020-02-18 21:16:25','9999-12-31 00:00:00'),(6,8,11,'2020-02-18 21:16:25','9999-12-31 00:00:00'),(7,11,23,'2020-02-18 21:16:25','9999-12-31 00:00:00'),(8,13,6,'2020-02-18 21:16:25','9999-12-31 00:00:00'),(9,14,10,'2020-02-18 21:16:25','9999-12-31 00:00:00'),(10,15,8,'2020-02-18 21:16:25','9999-12-31 00:00:00'),(11,16,7,'2020-02-18 21:16:25','9999-12-31 00:00:00'),(12,17,10,'2020-02-18 21:16:25','9999-12-31 00:00:00'),(13,18,3,'2020-02-18 21:16:25','9999-12-31 00:00:00'),(14,19,10,'2020-02-18 21:16:25','9999-12-31 00:00:00'),(15,20,14,'2020-02-18 21:16:25','9999-12-31 00:00:00'),(16,21,17,'2020-02-18 21:16:25','9999-12-31 00:00:00'),(17,22,17,'2020-02-18 21:16:25','9999-12-31 00:00:00'),(18,23,7,'2020-02-18 21:16:25','9999-12-31 00:00:00'),(19,24,10,'2020-02-18 21:16:25','9999-12-31 00:00:00'),(20,25,2,'2020-02-18 21:16:25','9999-12-31 00:00:00'),(21,26,7,'2020-02-18 21:16:25','9999-12-31 00:00:00'),(22,27,1,'2020-02-18 21:16:25','9999-12-31 00:00:00'),(23,28,11,'2020-02-18 21:16:25','9999-12-31 00:00:00'),(24,29,24,'2020-02-18 21:16:25','9999-12-31 00:00:00'),(25,30,11,'2020-02-18 21:16:25','9999-12-31 00:00:00'),(26,31,8,'2020-02-18 21:16:25','9999-12-31 00:00:00'),(27,32,7,'2020-02-18 21:16:25','9999-12-31 00:00:00'),(28,33,10,'2020-02-18 21:16:25','9999-12-31 00:00:00'),(29,34,5,'2020-02-18 21:16:25','9999-12-31 00:00:00'),(30,35,17,'2020-02-18 21:16:25','9999-12-31 00:00:00'),(31,36,21,'2020-02-18 21:16:25','9999-12-31 00:00:00'),(32,37,5,'2020-02-18 21:16:25','9999-12-31 00:00:00'),(33,38,11,'2020-02-18 21:16:25','9999-12-31 00:00:00'),(34,39,14,'2020-02-18 21:16:25','9999-12-31 00:00:00'),(35,40,13,'2020-02-18 21:16:25','9999-12-31 00:00:00'),(36,41,21,'2020-02-18 21:16:25','9999-12-31 00:00:00'),(37,42,15,'2020-02-18 21:16:25','9999-12-31 00:00:00'),(38,43,11,'2020-02-18 21:16:25','9999-12-31 00:00:00'),(39,44,11,'2020-02-18 21:16:25','9999-12-31 00:00:00'),(40,45,20,'2020-02-18 21:16:25','9999-12-31 00:00:00'),(41,46,18,'2020-02-18 21:16:25','9999-12-31 00:00:00'),(42,47,4,'2020-02-18 21:16:25','9999-12-31 00:00:00'),(43,48,17,'2020-02-18 21:16:25','9999-12-31 00:00:00'),(44,49,24,'2020-02-18 21:16:25','9999-12-31 00:00:00'),(45,50,15,'2020-02-18 21:16:25','9999-12-31 00:00:00'),(46,51,2,'2020-02-18 21:16:25','9999-12-31 00:00:00'),(47,52,15,'2020-02-18 21:16:25','9999-12-31 00:00:00'),(48,53,18,'2020-02-18 21:16:25','9999-12-31 00:00:00'),(49,54,21,'2020-02-18 21:16:25','9999-12-31 00:00:00'),(50,55,2,'2020-02-18 21:16:25','9999-12-31 00:00:00');
/*!40000 ALTER TABLE `requests` ENABLE KEYS */;
UNLOCK TABLES;

--
-- Table structure for table `requests_detail`
--

DROP TABLE IF EXISTS `requests_detail`;
/*!40101 SET @saved_cs_client     = @@character_set_client */;
/*!50503 SET character_set_client = utf8mb4 */;
CREATE TABLE `requests_detail` (
  `request_id` bigint unsigned NOT NULL,
  `edu_id` bigint unsigned DEFAULT NULL COMMENT 'Требование к образованию',
  `experience` tinyint unsigned DEFAULT NULL COMMENT 'Требования к стажу',
  `language` varchar(32) DEFAULT NULL COMMENT 'Иностранный язык',
  `foreign_level_id` bigint unsigned DEFAULT NULL COMMENT 'Требование к уровню знания иностранного языка',
  `special_skills` text COMMENT 'Специальные умения и навыки',
  PRIMARY KEY (`request_id`),
  KEY `requests_detail_edu_id_fk` (`edu_id`),
  KEY `requests_detail_foreign_level_id_fk` (`foreign_level_id`),
  CONSTRAINT `requests_detail_edu_id_fk` FOREIGN KEY (`edu_id`) REFERENCES `edu_types` (`id`),
  CONSTRAINT `requests_detail_foreign_level_id_fk` FOREIGN KEY (`foreign_level_id`) REFERENCES `foreign_levels` (`id`),
  CONSTRAINT `requests_detail_recuest_id_fk` FOREIGN KEY (`request_id`) REFERENCES `requests` (`id`)
) ENGINE=InnoDB DEFAULT CHARSET=utf8mb4 COLLATE=utf8mb4_0900_ai_ci COMMENT='Детальные требования к должности';
/*!40101 SET character_set_client = @saved_cs_client */;

--
-- Dumping data for table `requests_detail`
--

LOCK TABLES `requests_detail` WRITE;
/*!40000 ALTER TABLE `requests_detail` DISABLE KEYS */;
INSERT INTO `requests_detail` VALUES (1,6,9,'Английский',4,'Навыки подготовки внутренних документов, ведения деловой переписки, аналитической работы'),(2,2,10,'Немецкий',1,'Высокий уровень владения стандартными приложениями MS Office (Word, Excel, PowerPoint и др.)'),(3,3,3,'Китиайский',6,'Способность оперативной обработки значительного объёма материала, обучаемость, логический склад ума'),(4,3,4,'Английский',4,'Навыки подготовки внутренних документов, ведения деловой переписки, аналитической работы'),(5,6,7,'Немецкий',2,'Высокий уровень владения стандартными приложениями MS Office (Word, Excel, PowerPoint и др.)'),(6,2,4,'Китиайский',2,'Способность оперативной обработки значительного объёма материала, обучаемость, логический склад ума'),(7,4,6,'Английский',2,'Навыки подготовки внутренних документов, ведения деловой переписки, аналитической работы'),(8,6,5,'Немецкий',5,'Высокий уровень владения стандартными приложениями MS Office (Word, Excel, PowerPoint и др.)'),(9,1,6,'Китиайский',8,'Способность оперативной обработки значительного объёма материала, обучаемость, логический склад ума'),(10,4,3,'Английский',7,'Навыки подготовки внутренних документов, ведения деловой переписки, аналитической работы'),(11,5,5,'Немецкий',9,'Высокий уровень владения стандартными приложениями MS Office (Word, Excel, PowerPoint и др.)'),(12,3,2,'Китиайский',4,'Способность оперативной обработки значительного объёма материала, обучаемость, логический склад ума'),(13,5,7,'Английский',8,'Навыки подготовки внутренних документов, ведения деловой переписки, аналитической работы'),(14,2,7,'Немецкий',7,'Высокий уровень владения стандартными приложениями MS Office (Word, Excel, PowerPoint и др.)'),(15,3,1,'Китиайский',9,'Способность оперативной обработки значительного объёма материала, обучаемость, логический склад ума'),(16,3,4,'Английский',4,'Навыки подготовки внутренних документов, ведения деловой переписки, аналитической работы'),(17,1,4,'Немецкий',5,'Высокий уровень владения стандартными приложениями MS Office (Word, Excel, PowerPoint и др.)'),(18,4,10,'Китиайский',1,'Способность оперативной обработки значительного объёма материала, обучаемость, логический склад ума'),(19,4,5,'Английский',5,'Навыки подготовки внутренних документов, ведения деловой переписки, аналитической работы'),(20,3,5,'Немецкий',2,'Высокий уровень владения стандартными приложениями MS Office (Word, Excel, PowerPoint и др.)'),(21,3,6,'Китиайский',6,'Способность оперативной обработки значительного объёма материала, обучаемость, логический склад ума'),(22,2,2,'Английский',3,'Навыки подготовки внутренних документов, ведения деловой переписки, аналитической работы'),(23,5,9,'Немецкий',1,'Высокий уровень владения стандартными приложениями MS Office (Word, Excel, PowerPoint и др.)'),(24,4,9,'Китиайский',6,'Способность оперативной обработки значительного объёма материала, обучаемость, логический склад ума'),(25,2,9,'Английский',2,'Навыки подготовки внутренних документов, ведения деловой переписки, аналитической работы'),(26,3,3,'Немецкий',1,'Высокий уровень владения стандартными приложениями MS Office (Word, Excel, PowerPoint и др.)'),(27,4,5,'Китиайский',8,'Способность оперативной обработки значительного объёма материала, обучаемость, логический склад ума'),(28,4,7,'Английский',6,'Навыки подготовки внутренних документов, ведения деловой переписки, аналитической работы'),(29,1,3,'Немецкий',9,'Высокий уровень владения стандартными приложениями MS Office (Word, Excel, PowerPoint и др.)'),(30,2,7,'Китиайский',3,'Способность оперативной обработки значительного объёма материала, обучаемость, логический склад ума'),(31,4,3,'Английский',2,'Навыки подготовки внутренних документов, ведения деловой переписки, аналитической работы'),(32,2,5,'Немецкий',8,'Высокий уровень владения стандартными приложениями MS Office (Word, Excel, PowerPoint и др.)'),(33,5,2,'Китиайский',5,'Способность оперативной обработки значительного объёма материала, обучаемость, логический склад ума'),(34,2,9,'Английский',4,'Навыки подготовки внутренних документов, ведения деловой переписки, аналитической работы'),(35,2,5,'Немецкий',3,'Высокий уровень владения стандартными приложениями MS Office (Word, Excel, PowerPoint и др.)'),(36,1,7,'Китиайский',1,'Способность оперативной обработки значительного объёма материала, обучаемость, логический склад ума'),(37,3,1,'Английский',1,'Навыки подготовки внутренних документов, ведения деловой переписки, аналитической работы'),(38,5,9,'Немецкий',1,'Высокий уровень владения стандартными приложениями MS Office (Word, Excel, PowerPoint и др.)'),(39,5,4,'Китиайский',4,'Способность оперативной обработки значительного объёма материала, обучаемость, логический склад ума'),(40,1,3,'Английский',2,'Навыки подготовки внутренних документов, ведения деловой переписки, аналитической работы'),(41,6,4,'Немецкий',1,'Высокий уровень владения стандартными приложениями MS Office (Word, Excel, PowerPoint и др.)'),(42,6,8,'Китиайский',6,'Способность оперативной обработки значительного объёма материала, обучаемость, логический склад ума'),(43,1,4,'Английский',6,'Навыки подготовки внутренних документов, ведения деловой переписки, аналитической работы'),(44,2,2,'Немецкий',1,'Высокий уровень владения стандартными приложениями MS Office (Word, Excel, PowerPoint и др.)'),(45,4,2,'Китиайский',8,'Способность оперативной обработки значительного объёма материала, обучаемость, логический склад ума'),(46,4,3,'Английский',7,'Навыки подготовки внутренних документов, ведения деловой переписки, аналитической работы'),(47,6,6,'Немецкий',7,'Высокий уровень владения стандартными приложениями MS Office (Word, Excel, PowerPoint и др.)'),(48,1,2,'Китиайский',4,'Способность оперативной обработки значительного объёма материала, обучаемость, логический склад ума'),(49,5,8,'Английский',5,'Навыки подготовки внутренних документов, ведения деловой переписки, аналитической работы'),(50,6,3,'Немецкий',5,'Высокий уровень владения стандартными приложениями MS Office (Word, Excel, PowerPoint и др.)');
/*!40000 ALTER TABLE `requests_detail` ENABLE KEYS */;
UNLOCK TABLES;

--
-- Table structure for table `resume_edus`
--

DROP TABLE IF EXISTS `resume_edus`;
/*!40101 SET @saved_cs_client     = @@character_set_client */;
/*!50503 SET character_set_client = utf8mb4 */;
CREATE TABLE `resume_edus` (
  `id` bigint unsigned NOT NULL AUTO_INCREMENT,
  `resume_id` bigint unsigned NOT NULL,
  `name` varchar(255) NOT NULL COMMENT 'Наименование учебного заведения',
  `begin_at` date NOT NULL COMMENT 'Начало обучения',
  `end_at` date NOT NULL COMMENT 'Окночание обучения',
  `edu_type_id` bigint unsigned NOT NULL,
  UNIQUE KEY `id` (`id`),
  KEY `resume_edus_resume_id_fk` (`resume_id`),
  KEY `resume_edus_edu_type_id_fk` (`edu_type_id`),
  CONSTRAINT `resume_edus_edu_type_id_fk` FOREIGN KEY (`edu_type_id`) REFERENCES `edu_types` (`id`),
  CONSTRAINT `resume_edus_resume_id_fk` FOREIGN KEY (`resume_id`) REFERENCES `resumes` (`id`)
) ENGINE=InnoDB AUTO_INCREMENT=149 DEFAULT CHARSET=utf8mb4 COLLATE=utf8mb4_0900_ai_ci COMMENT='Данные об образовании';
/*!40101 SET character_set_client = @saved_cs_client */;

--
-- Dumping data for table `resume_edus`
--

LOCK TABLES `resume_edus` WRITE;
/*!40000 ALTER TABLE `resume_edus` DISABLE KEYS */;
INSERT INTO `resume_edus` VALUES (1,1,'Академия 2','1995-10-11','2000-10-11',6),(2,1,'Академия 2','1995-10-11','2000-10-11',6),(3,2,'Институт 3','1991-10-19','1996-10-19',6),(4,2,'Академия 1','1991-10-19','1996-10-19',6),(5,3,'Университет 3','1988-10-27','1993-10-27',6),(6,4,'Техникум 2','2006-03-02','2011-03-02',4),(7,4,'Академия 3','2006-03-02','2011-03-02',6),(8,5,'Университет 2','1995-01-08','2000-01-08',6),(9,6,'Институт 1','1997-02-15','2002-02-15',6),(10,7,'Техникум 2','2004-10-17','2009-10-17',4),(11,8,'Техникум 2','1995-02-26','2000-02-26',4),(12,8,'Институт 3','1995-02-26','2000-02-26',6),(13,9,'Академия 1','2001-07-18','2006-07-18',6),(14,9,'Техникум 2','2001-07-18','2006-07-18',4),(15,10,'Университет 2','2007-09-18','2012-09-18',6),(16,11,'Академия 1','1997-09-16','2002-09-16',6),(17,12,'Институт 1','1995-10-19','2000-10-19',6),(18,12,'Университет 2','1995-10-19','2000-10-19',6),(19,13,'Академия 2','2000-02-06','2005-02-06',6),(20,13,'Академия 2','2000-02-06','2005-02-06',6),(21,14,'Институт 3','1999-06-13','2004-06-13',6),(22,14,'Академия 2','1999-06-13','2004-06-13',6),(23,15,'Институт 3','2015-10-10','2020-10-10',6),(24,15,'Академия 2','2015-10-10','2020-10-10',6),(25,16,'Академия 3','2010-11-16','2015-11-16',6),(26,16,'Академия 1','2010-11-16','2015-11-16',6),(27,17,'Институт 3','1994-07-27','1999-07-27',6),(28,17,'Техникум 2','1994-07-27','1999-07-27',4),(29,18,'Университет 3','2013-04-21','2018-04-21',6),(30,19,'Техникум 1','2004-09-06','2009-09-06',4),(31,20,'Академия 1','1992-09-06','1997-09-06',6),(32,20,'Техникум 2','1992-09-06','1997-09-06',4),(33,21,'Техникум 2','1995-04-20','2000-04-20',4),(34,22,'Институт 2','1993-09-07','1998-09-07',6),(35,22,'Институт 2','1993-09-07','1998-09-07',6),(36,23,'Академия 3','1999-11-15','2004-11-15',6),(37,23,'Институт 3','1999-11-15','2004-11-15',6),(38,24,'Университет 3','2004-09-02','2009-09-02',6),(39,24,'Техникум 1','2004-09-02','2009-09-02',4),(40,25,'Институт 3','1995-11-25','2000-11-25',6),(41,25,'Техникум 2','1995-11-25','2000-11-25',4),(42,26,'Университет 2','1991-04-26','1996-04-26',6),(43,27,'Академия 3','2010-07-14','2015-07-14',6),(44,27,'Академия 3','2010-07-14','2015-07-14',6),(45,28,'Университет 3','1994-09-04','1999-09-04',6),(46,29,'Институт 1','1992-08-01','1997-08-01',6),(47,30,'Техникум 1','2006-03-11','2011-03-11',4),(48,31,'Институт 1','1996-06-20','2001-06-20',6),(49,32,'Университет 3','2010-06-05','2015-06-05',6),(50,33,'Академия 1','2002-10-19','2007-10-19',6),(51,33,'Университет 1','2002-10-19','2007-10-19',6),(52,34,'Университет 2','1998-04-17','2003-04-17',6),(53,34,'Академия 3','1998-04-17','2003-04-17',6),(54,35,'Академия 2','1996-07-01','2001-07-01',6),(55,35,'Институт 3','1996-07-01','2001-07-01',6),(56,36,'Институт 1','2000-01-22','2005-01-22',6),(57,36,'Техникум 1','2000-01-22','2005-01-22',4),(58,37,'Университет 3','2011-09-05','2016-09-05',6),(59,37,'Институт 1','2011-09-05','2016-09-05',6),(60,38,'Академия 2','1996-10-17','2001-10-17',6),(61,39,'Университет 2','1999-06-11','2004-06-11',6),(62,39,'Академия 2','1999-06-11','2004-06-11',6),(63,40,'Институт 1','2006-08-17','2011-08-17',6),(64,41,'Университет 2','1999-11-16','2004-11-16',6),(65,42,'Институт 1','2015-02-22','2020-02-22',6),(66,43,'Институт 3','1998-02-12','2003-02-12',6),(67,44,'Университет 1','1997-03-06','2002-03-06',6),(68,44,'Институт 1','1997-03-06','2002-03-06',6),(69,45,'Академия 2','2001-05-17','2006-05-17',6),(70,46,'Техникум 1','2003-11-27','2008-11-27',4),(71,46,'Институт 3','2003-11-27','2008-11-27',6),(72,47,'Академия 1','2005-04-25','2010-04-25',6),(73,48,'Академия 2','2014-03-12','2019-03-12',6),(74,48,'Институт 1','2014-03-12','2019-03-12',6),(75,49,'Университет 2','2007-04-15','2012-04-15',6),(76,49,'Академия 2','2007-04-15','2012-04-15',6),(77,50,'Институт 1','2007-11-19','2012-11-19',6),(78,50,'Академия 2','2007-11-19','2012-11-19',6),(79,51,'Институт 2','1995-03-09','2000-03-09',6),(80,52,'Институт 3','2010-03-23','2015-03-23',6),(81,52,'Университет 3','2010-03-23','2015-03-23',6),(82,53,'Техникум 2','2007-04-15','2012-04-15',4),(83,53,'Техникум 2','2007-04-15','2012-04-15',4),(84,54,'Академия 2','2003-11-09','2008-11-09',6),(85,54,'Институт 2','2003-11-09','2008-11-09',6),(86,55,'Университет 3','1993-10-24','1998-10-24',6),(87,56,'Институт 3','2010-03-23','2015-03-23',6),(88,56,'Университет 3','2010-03-23','2015-03-23',6),(89,57,'Университет 1','1999-03-26','2004-03-26',6),(90,57,'Университет 1','1999-03-26','2004-03-26',6),(91,58,'Академия 3','2011-01-18','2016-01-18',6),(92,59,'Техникум 2','2004-04-25','2009-04-25',4),(93,59,'Университет 2','2004-04-25','2009-04-25',6),(94,60,'Университет 1','2013-11-04','2018-11-04',6),(95,60,'Техникум 1','2013-11-04','2018-11-04',4),(96,61,'Институт 1','1992-08-23','1997-08-23',6),(97,62,'Академия 1','2006-11-19','2011-11-19',6),(98,62,'Техникум 1','2006-11-19','2011-11-19',4),(99,63,'Университет 2','2009-05-24','2014-05-24',6),(100,64,'Институт 2','1992-02-03','1997-02-03',6),(101,64,'Техникум 1','1992-02-03','1997-02-03',4),(102,65,'Институт 3','2002-08-21','2007-08-21',6),(103,65,'Техникум 1','2002-08-21','2007-08-21',4),(104,66,'Академия 3','2011-11-13','2016-11-13',6),(105,67,'Институт 3','2004-11-01','2009-11-01',6),(106,68,'Институт 3','2016-09-23','2021-09-23',6),(107,69,'Техникум 2','2003-06-22','2008-06-22',4),(108,70,'Университет 3','2013-04-01','2018-04-01',6),(109,71,'Институт 2','1992-02-03','1997-02-03',6),(110,72,'Техникум 1','1990-06-01','1995-06-01',4),(111,73,'Институт 2','1994-06-17','1999-06-17',6),(112,74,'Университет 3','1994-08-22','1999-08-22',6),(113,74,'Академия 1','1994-08-22','1999-08-22',6),(114,75,'Академия 1','2015-04-27','2020-04-27',6),(115,75,'Техникум 1','2015-04-27','2020-04-27',4),(116,76,'Институт 2','2004-04-23','2009-04-23',6),(117,77,'Институт 2','1989-09-22','1994-09-22',6),(118,78,'Институт 3','1990-06-03','1995-06-03',6),(119,79,'Университет 3','2005-06-14','2010-06-14',6),(120,79,'Институт 1','2005-06-14','2010-06-14',6),(121,80,'Академия 2','2004-04-26','2009-04-26',6),(122,81,'Институт 3','2008-06-06','2013-06-06',6),(123,81,'Университет 2','2008-06-06','2013-06-06',6),(124,82,'Институт 3','2011-09-07','2016-09-07',6),(125,83,'Университет 1','1992-05-08','1997-05-08',6),(126,83,'Институт 2','1992-05-08','1997-05-08',6),(127,84,'Университет 1','1994-01-08','1999-01-08',6),(128,85,'Университет 2','2014-04-19','2019-04-19',6),(129,85,'Техникум 2','2014-04-19','2019-04-19',4),(130,86,'Институт 3','1995-02-27','2000-02-27',6),(131,86,'Техникум 2','1995-02-27','2000-02-27',4),(132,87,'Институт 1','2016-11-20','2021-11-20',6),(133,87,'Академия 2','2016-11-20','2021-11-20',6),(134,88,'Университет 1','2013-03-14','2018-03-14',6),(135,89,'Университет 1','2004-10-18','2009-10-18',6),(136,90,'Академия 1','1993-08-22','1998-08-22',6),(137,91,'Академия 1','2001-04-08','2006-04-08',6),(138,91,'Институт 1','2001-04-08','2006-04-08',6),(139,92,'Университет 3','1990-02-12','1995-02-12',6),(140,92,'Техникум 2','1990-02-12','1995-02-12',4),(141,93,'Академия 3','2005-03-02','2010-03-02',6),(142,94,'Техникум 1','2013-06-24','2018-06-24',4),(143,95,'Техникум 2','1987-02-19','1992-02-19',4),(144,95,'Академия 3','1987-02-19','1992-02-19',6),(145,96,'Академия 3','1999-06-08','2004-06-08',6),(146,97,'Техникум 2','2008-01-01','2013-01-01',4),(147,97,'Университет 1','2008-01-01','2013-01-01',6),(148,98,'Институт 1','1999-05-18','2004-05-18',6);
/*!40000 ALTER TABLE `resume_edus` ENABLE KEYS */;
UNLOCK TABLES;

--
-- Table structure for table `resumes`
--

DROP TABLE IF EXISTS `resumes`;
/*!40101 SET @saved_cs_client     = @@character_set_client */;
/*!50503 SET character_set_client = utf8mb4 */;
CREATE TABLE `resumes` (
  `id` bigint unsigned NOT NULL AUTO_INCREMENT,
  `name` varchar(128) NOT NULL COMMENT 'Для прототы ФИО поместим с одно поле',
  `birthday` date NOT NULL,
  `sex` enum('мужской','женский') NOT NULL,
  `place_id` bigint unsigned DEFAULT NULL COMMENT 'Место рождения',
  `email` varchar(128) NOT NULL,
  `phone` varchar(16) NOT NULL,
  `salary_before` bigint unsigned DEFAULT NULL COMMENT 'Текущий размер зарплаты',
  `salary_after` bigint unsigned DEFAULT NULL COMMENT 'Желаемый размер зарплаты',
  UNIQUE KEY `id` (`id`),
  UNIQUE KEY `email` (`email`),
  UNIQUE KEY `phone` (`phone`),
  KEY `resumes_place_id_fk` (`place_id`),
  CONSTRAINT `resumes_place_id_fk` FOREIGN KEY (`place_id`) REFERENCES `places` (`id`)
) ENGINE=InnoDB AUTO_INCREMENT=99 DEFAULT CHARSET=utf8mb4 COLLATE=utf8mb4_0900_ai_ci COMMENT='Данные кандидатов';
/*!40101 SET character_set_client = @saved_cs_client */;

--
-- Dumping data for table `resumes`
--

LOCK TABLES `resumes` WRITE;
/*!40000 ALTER TABLE `resumes` DISABLE KEYS */;
INSERT INTO `resumes` VALUES (1,'Морозов Василий Александрович','1978-10-11','мужской',14,'VAlmorozov1@mail.ru','+79482846873',97416,742228),(2,'Никитина Екатерина Вячеславовна','1974-10-19','женский',21,'EkVinikitina1@mail.ru','+79028948953',60138,706579),(3,'Смирнов Антон Сергеевич','1971-10-27','мужской',10,'AnSesmirnov2@gmail.com','+7948475873',62985,744825),(4,'Цветкова Людмила Иванoвна','1989-03-02','женский',10,'LuIvcvetkova2@gmail.com','+79714107775',94544,707845),(5,'Иванов Иван Сергеевич','1978-01-08','мужской',16,'ISeiavnov3@hotmail.com','+79402225428',95868,716725),(6,'Жукова Виктория Петровна','1980-02-15','женский',8,'ViPeshgukova3@hotmail.com','+79341784492',95763,727071),(7,'Петров Сергей Иванoвич','1987-10-17','мужской',2,'SIpetrov4@hotmail.com','+79475181832',74363,707841),(8,'Никитина Ольга Вадимовна','1978-02-26','женский',2,'OlVdnikitina4@hotmail.com','+79182111530',72817,703368),(9,'Петров Вячеслав Петрович','1984-07-18','мужской',18,'VPepetrov5@mail.ru','+79378575913',92311,734944),(10,'Жукова Светланв Александровна','1990-09-18','женский',9,'SvAlshgukova5@mail.ru','+79012217011',83092,705989),(11,'Козлов Вадим Вячеславович','1980-09-16','мужской',21,'VVikozlov6@hotmail.com','+79655789820',68693,744478),(12,'Никитина Мариа Антоновна','1978-10-19','женский',21,'MaAnnikitina6@hotmail.com','+79622238691',58876,745850),(13,'Смирнов Александр Семёнович','1983-02-06','мужской',1,'AlSmsmirnov7@hotmail.com','+79697932354',77211,730747),(14,'Соболева Екатерина Александровна','1982-06-13','женский',9,'EkAlsoboleva7@hotmail.com','+79692095641',84791,715557),(15,'Попов Василий Вячеславович','1998-10-10','мужской',4,'VVipopov8@gmail.com','+79208873162',50544,726145),(16,'Рябова Екатерина Витальевна','1993-11-16','женский',10,'EkVtriabova8@gmail.com','+79002992443',96611,716375),(17,'Морозов Пётр Александрович','1977-07-27','мужской',21,'PAlmorozov9@mail.ru','+79315709819',69582,748717),(18,'Полякова Виктория Вадимовна','1996-04-21','женский',7,'ViVdpoliakova9@mail.ru','+79882884974',60851,709831),(19,'Соколов Иван Семёнович','1987-09-06','мужской',9,'ISmsokolov10@hotmail.com','+79656554937',89982,742554),(20,'Данилова Елена Иванoвна','1975-09-06','женский',21,'ElIvdanilova10@hotmail.com','+79783451688',60727,706777),(21,'Смирнов Вадим Вадимович','1978-04-20','мужской',20,'VVasmirnov11@gmail.com','+79683263377',67748,747481),(22,'Полякова Виктория Вадимовна','1976-09-07','женский',15,'ViVdpoliakova11@gmail.com','+79772878243',54966,722950),(23,'Петров Вячеслав Иванoвич','1982-11-15','мужской',13,'VIpetrov12@hotmail.com','+79794256187',60535,716456),(24,'Лазарева Мария Семёновна','1987-09-02','женский',13,'MaSmlazareva12@hotmail.com','+7997738373',90691,712741),(25,'Морозов Семён Васильевич','1978-11-25','мужской',20,'SVamorozov13@mail.ru','+79624664061',84248,734765),(26,'Соболева Мария Антоновна','1974-04-26','женский',16,'MaAnsoboleva13@mail.ru','+79865059111',73496,703754),(27,'Петров Вячеслав Сергеевич','1993-07-14','мужской',8,'VSepetrov14@gmail.com','+79722668357',99618,746830),(28,'Цветкова Елена Васильевна','1977-09-04','женский',11,'ElVacvetkova14@gmail.com','+79374732161',80165,726788),(29,'Морозов Вадим Иванoвич','1975-08-01','мужской',2,'VImorozov15@hotmail.com','+79987953724',87288,722395),(30,'Лазарева Светланв Семёновна','1989-03-11','женский',14,'SvSmlazareva15@hotmail.com','+79197102386',83979,721147),(31,'Смирнов Сергей Семёнович','1979-06-20','мужской',12,'SSmsmirnov16@hotmail.com','+79031079367',90654,717788),(32,'Никитина Светланв Сергеевна','1993-06-05','женский',8,'SvSenikitina16@hotmail.com','+79311785339',77488,735722),(33,'Петров Василий Александрович','1985-10-19','мужской',10,'VAlpetrov17@mail.ru','+7979103616',55125,707162),(34,'Соболева Светланв Антоновна','1981-04-17','женский',7,'SvAnsoboleva17@mail.ru','+79961564290',88487,746905),(35,'Соколов Иван Семёнович','1979-07-01','мужской',4,'ISmsokolov18@hotmail.com','+79387619742',81588,730744),(36,'Медведева Мария Вадимовна','1983-01-22','женский',6,'MaVdmedvedeva18@hotmail.com','+79912884029',70870,715621),(37,'Соколов Вячеслав Сергеевич','1994-09-05','мужской',14,'VSesokolov19@hotmail.com','+79647038081',87747,742478),(38,'Жукова Екатерина Антоновна','1979-10-17','женский',7,'EkAnshgukova19@hotmail.com','+79254977110',67850,739874),(39,'Петров Сергей Сергеевич','1982-06-11','мужской',18,'SSepetrov20@gmail.com','+7932502518',94588,749486),(40,'Ершова Екатерина Сергеевна','1989-08-17','женский',12,'EkSeershova20@gmail.com','+7988625608',79194,711346),(41,'Соколов Пётр Иванoвич','1982-11-16','мужской',7,'PIsokolov21@mail.ru','+79024018194',83106,720129),(42,'Лазарева Мариа Александровна','1998-02-22','женский',5,'MaAllazareva21@mail.ru','+79647581634',52564,730683),(43,'Петров Вадим Витальевич','1981-02-12','мужской',15,'VVtpetrov22@hotmail.com','+79765746553',88273,740524),(44,'Цветкова Екатерина Васильевна','1980-03-06','женский',17,'EkVacvetkova22@hotmail.com','+7930853762',91679,741937),(45,'Козлов Виталий Вячеславович','1984-05-17','мужской',5,'ViVikozlov23@gmail.com','+7987534767',53434,733756),(46,'Медведева Людмила Вячеславовна','1986-11-27','женский',12,'LuVimedvedeva23@gmail.com','+7917825131',87029,704973),(47,'Кузнецов Иван Александрович','1988-04-25','мужской',12,'IAlkuznecov24@hotmail.com','+7953850855',51518,727087),(48,'Полякова Анна Васильевна','1997-03-12','женский',8,'AnVapoliakova24@hotmail.com','+79365678136',82910,712015),(49,'Кузнецов Василий Семёнович','1990-04-15','мужской',16,'VSmkuznecov25@mail.ru','+79656846615',62834,703036),(50,'Рябова Анна Антоновна','1990-11-19','женский',1,'AnAnriabova25@mail.ru','+79567362796',65579,721038),(51,'Иванов Александр Васильевич','1978-03-09','мужской',4,'AlVaiavnov26@gmail.com','+79833359278',70081,727046),(52,'Соболева Людмила Антоновна','1993-03-23','женский',13,'LuAnsoboleva26@gmail.com','+7951169854',95971,738961),(53,'Иванов Семён Семёнович','1990-04-15','мужской',6,'SSmiavnov27@hotmail.com','+79742154792',74194,732208),(54,'Цветкова Мариа Петровна','1986-11-09','женский',16,'MaPecvetkova27@hotmail.com','+79558157721',97743,731094),(55,'Кузнецов Семён Иванoвич','1976-10-24','мужской',12,'SIkuznecov28@hotmail.com','+79698002666',92150,725187),(56,'Жукова Анна Петровна','1993-03-23','женский',9,'AnPeshgukova28@hotmail.com','+79457366064',55650,716701),(57,'Соколов Вячеслав Петрович','1982-03-26','мужской',10,'VPesokolov29@mail.ru','+7900247914',54857,707761),(58,'Соболева Мариа Семёновна','1994-01-18','женский',7,'MaSmsoboleva29@mail.ru','+79157858155',93381,720764),(59,'Попов Сергей Сергеевич','1987-04-25','мужской',10,'SSepopov30@hotmail.com','+79507927837',59471,728590),(60,'Ершова Елена Антоновна','1996-11-04','женский',1,'ElAnershova30@hotmail.com','+79764981630',61183,702190),(61,'Лебедев Вячеслав Васильевич','1975-08-23','мужской',8,'VValebedev31@hotmail.com','+79142847189',54539,718645),(62,'Рябова Людмила Васильевна','1989-11-19','женский',6,'LuVariabova31@hotmail.com','+7959871427',74324,732566),(63,'Новиков Иван Вадимович','1992-05-24','мужской',6,'IVanovikov32@gmail.com','+79025356563',63846,733264),(64,'Соболева Анна Витальевна','1975-02-03','женский',2,'AnVtsoboleva32@gmail.com','+79123652737',58533,733638),(65,'Морозов Пётр Вячеславович','1985-08-21','мужской',18,'PVimorozov33@mail.ru','+79848682431',59989,726253),(66,'Лазарева Виктория Вячеславовна','1994-11-13','женский',4,'ViVilazareva33@mail.ru','+79385365618',70242,723343),(67,'Иванов Сергей Вячеславович','1987-11-01','мужской',9,'SViiavnov34@hotmail.com','+79221687553',73230,703716),(68,'Жукова Светланв Семёновна','1999-09-23','женский',11,'SvSmshgukova34@hotmail.com','+79795695180',54224,745799),(69,'Соколов Антон Васильевич','1986-06-22','мужской',20,'AnVasokolov35@gmail.com','+79406632936',81491,715571),(70,'Полякова Анна Иванoвна','1996-04-01','женский',15,'AnIvpoliakova35@gmail.com','+79156469470',62672,712275),(71,'Попов Александр Александрович','1975-02-03','мужской',13,'AlAlpopov36@hotmail.com','+7906140615',71105,719244),(72,'Полякова Ольга Вадимовна','1973-06-01','женский',4,'OlVdpoliakova36@hotmail.com','+79663294329',50566,725976),(73,'Лебедев Пётр Вячеславович','1977-06-17','мужской',15,'PVilebedev37@mail.ru','+79592561724',91588,701257),(74,'Полякова Мария Васильевна','1977-08-22','женский',16,'MaVapoliakova37@mail.ru','+79806651141',71582,748039),(75,'Лебедев Вячеслав Вадимович','1998-04-27','мужской',11,'VValebedev38@gmail.com','+79781328198',80591,724687),(76,'Полякова Светланв Александровна','1987-04-23','женский',1,'SvAlpoliakova38@gmail.com','+7916414457',90768,702990),(77,'Морозов Иван Антонович','1972-09-22','мужской',10,'IAnmorozov39@hotmail.com','+79616545883',89567,728195),(78,'Соболева Виктория Семёновна','1973-06-03','женский',15,'ViSmsoboleva39@hotmail.com','+7904856589',54684,723023),(79,'Смирнов Вадим Александрович','1988-06-14','мужской',1,'VAlsmirnov40@hotmail.com','+79985085735',55383,721916),(80,'Данилова Мария Александровна','1987-04-26','женский',11,'MaAldanilova40@hotmail.com','+79727277334',72736,739159),(81,'Лебедев Василий Семёнович','1991-06-06','мужской',13,'VSmlebedev41@mail.ru','+79583859890',56120,744827),(82,'Медведева Людмила Иванoвна','1994-09-07','женский',11,'LuIvmedvedeva41@mail.ru','+79013817152',94907,749897),(83,'Кузнецов Василий Александрович','1975-05-08','мужской',21,'VAlkuznecov42@hotmail.com','+79244293239',84900,728507),(84,'Цветкова Мария Иванoвна','1977-01-08','женский',10,'MaIvcvetkova42@hotmail.com','+79306877454',86863,713207),(85,'Иванов Вадим Васильевич','1997-04-19','мужской',8,'VVaiavnov43@hotmail.com','+79588116667',89916,744963),(86,'Медведева Людмила Вадимовна','1978-02-27','женский',7,'LuVdmedvedeva43@hotmail.com','+79391561554',89702,705290),(87,'Иванов Василий Вячеславович','1999-11-20','мужской',20,'VViiavnov44@gmail.com','+79746089274',71900,719280),(88,'Полякова Мариа Вадимовна','1996-03-14','женский',13,'MaVdpoliakova44@gmail.com','+79846881239',91919,719136),(89,'Соколов Антон Иванoвич','1987-10-18','мужской',20,'AnIsokolov45@mail.ru','+79547574686',55740,737033),(90,'Никитина Виктория Вадимовна','1976-08-22','женский',11,'ViVdnikitina45@mail.ru','+79933497373',65063,749432),(91,'Смирнов Пётр Иванoвич','1984-04-08','мужской',13,'PIsmirnov46@hotmail.com','+79286103271',94913,733020),(92,'Полякова Мария Васильевна','1973-02-12','женский',18,'MaVapoliakova46@hotmail.com','+79734187561',62032,736945),(93,'Петров Вячеслав Семёнович','1988-03-02','мужской',6,'VSmpetrov47@gmail.com','+79755937913',96007,740725),(94,'Никитина Ольга Вячеславовна','1996-06-24','женский',3,'OlVinikitina47@gmail.com','+79866799881',55874,711798),(95,'Морозов Василий Вячеславович','1970-02-19','мужской',11,'VVimorozov48@hotmail.com','+79946867877',59998,723888),(96,'Цветкова Виктория Сергеевна','1982-06-08','женский',21,'ViSecvetkova48@hotmail.com','+7988586362',89221,701378),(97,'Новиков Антон Антонович','1991-01-01','мужской',12,'AnAnnovikov49@mail.ru','+79926335261',90268,721266),(98,'Цветкова Татьяна Петровна','1982-05-18','женский',15,'TaPecvetkova49@mail.ru','+79074419029',81804,704001);
/*!40000 ALTER TABLE `resumes` ENABLE KEYS */;
UNLOCK TABLES;

--
-- Table structure for table `selection_steps`
--

DROP TABLE IF EXISTS `selection_steps`;
/*!40101 SET @saved_cs_client     = @@character_set_client */;
/*!50503 SET character_set_client = utf8mb4 */;
CREATE TABLE `selection_steps` (
  `id` tinyint unsigned NOT NULL,
  `name` varchar(128) NOT NULL,
  PRIMARY KEY (`id`),
  UNIQUE KEY `name` (`name`)
) ENGINE=InnoDB DEFAULT CHARSET=utf8mb4 COLLATE=utf8mb4_0900_ai_ci COMMENT='Этапы прохождения отбора кандидатом';
/*!40101 SET character_set_client = @saved_cs_client */;

--
-- Dumping data for table `selection_steps`
--

LOCK TABLES `selection_steps` WRITE;
/*!40000 ALTER TABLE `selection_steps` DISABLE KEYS */;
INSERT INTO `selection_steps` VALUES (2,'Первичное собеседование в кадровой службе'),(6,'Принятие решение о приёме'),(5,'Проверка кандидата в Службе безопасности'),(1,'Проверка полноты персональных данных и документов'),(3,'Собеседование в подразделении подашем заявку на подбор'),(4,'Собеседование с руководителем кадровой службы');
/*!40000 ALTER TABLE `selection_steps` ENABLE KEYS */;
UNLOCK TABLES;

--
-- Table structure for table `staff_table`
--

DROP TABLE IF EXISTS `staff_table`;
/*!40101 SET @saved_cs_client     = @@character_set_client */;
/*!50503 SET character_set_client = utf8mb4 */;
CREATE TABLE `staff_table` (
  `id` bigint unsigned NOT NULL AUTO_INCREMENT,
  `unit_id` bigint unsigned NOT NULL,
  `position_id` bigint unsigned NOT NULL,
  `is_vacant` tinyint(1) DEFAULT '1',
  `vacant_from` datetime DEFAULT CURRENT_TIMESTAMP COMMENT 'С какой даты уществует вакансия',
  `begin_at` datetime DEFAULT CURRENT_TIMESTAMP COMMENT 'Дата создания штатной единицы',
  `end_at` datetime DEFAULT '9999-12-31 00:00:00' COMMENT 'Дата ограничения штатноой единицы',
  UNIQUE KEY `id` (`id`),
  KEY `staff_table_unit_id_fk` (`unit_id`),
  KEY `staff_table_position_id_fk` (`position_id`),
  CONSTRAINT `staff_table_position_id_fk` FOREIGN KEY (`position_id`) REFERENCES `positions` (`id`),
  CONSTRAINT `staff_table_unit_id_fk` FOREIGN KEY (`unit_id`) REFERENCES `units` (`id`)
) ENGINE=InnoDB AUTO_INCREMENT=115 DEFAULT CHARSET=utf8mb4 COLLATE=utf8mb4_0900_ai_ci COMMENT='Штатное расписание';
/*!40101 SET character_set_client = @saved_cs_client */;

--
-- Dumping data for table `staff_table`
--

LOCK TABLES `staff_table` WRITE;
/*!40000 ALTER TABLE `staff_table` DISABLE KEYS */;
INSERT INTO `staff_table` VALUES (1,1,13,1,'2020-02-18 20:44:17','2020-02-18 20:44:17','9999-12-31 00:00:00'),(2,1,10,1,'2020-02-18 20:44:17','2020-02-18 20:44:17','9999-12-31 00:00:00'),(3,2,1,0,'9999-12-31 00:00:00','2020-02-18 20:44:17','9999-12-31 00:00:00'),(4,2,4,1,'2020-02-18 20:44:17','2020-02-18 20:44:17','9999-12-31 00:00:00'),(5,2,10,1,'2020-02-18 20:44:17','2020-02-18 20:44:17','9999-12-31 00:00:00'),(6,3,2,0,'9999-12-31 00:00:00','2020-02-18 20:44:17','9999-12-31 00:00:00'),(7,3,5,1,'2020-02-18 20:44:17','2020-02-18 20:44:17','9999-12-31 00:00:00'),(8,3,10,1,'2020-02-18 20:44:17','2020-02-18 20:44:17','9999-12-31 00:00:00'),(9,4,8,0,'9999-12-31 00:00:00','2020-02-18 20:44:17','9999-12-31 00:00:00'),(10,4,9,0,'9999-12-31 00:00:00','2020-02-18 20:44:17','9999-12-31 00:00:00'),(11,4,9,1,'2020-02-18 20:44:17','2020-02-18 20:44:17','9999-12-31 00:00:00'),(12,4,8,0,'9999-12-31 00:00:00','2020-02-18 20:44:17','9999-12-31 00:00:00'),(13,4,7,1,'2020-02-18 20:44:17','2020-02-18 20:44:17','9999-12-31 00:00:00'),(14,5,8,1,'2020-02-18 20:44:17','2020-02-18 20:44:17','9999-12-31 00:00:00'),(15,5,8,1,'2020-02-18 20:44:17','2020-02-18 20:44:17','9999-12-31 00:00:00'),(16,5,6,1,'2020-02-18 20:44:17','2020-02-18 20:44:17','9999-12-31 00:00:00'),(17,5,6,1,'2020-02-18 20:44:17','2020-02-18 20:44:17','9999-12-31 00:00:00'),(18,5,8,1,'2020-02-18 20:44:17','2020-02-18 20:44:17','9999-12-31 00:00:00'),(19,6,6,1,'2020-02-18 20:44:17','2020-02-18 20:44:17','9999-12-31 00:00:00'),(20,6,9,1,'2020-02-18 20:44:17','2020-02-18 20:44:17','9999-12-31 00:00:00'),(21,6,8,1,'2020-02-18 20:44:17','2020-02-18 20:44:17','9999-12-31 00:00:00'),(22,6,6,1,'2020-02-18 20:44:17','2020-02-18 20:44:17','9999-12-31 00:00:00'),(23,6,8,1,'2020-02-18 20:44:17','2020-02-18 20:44:17','9999-12-31 00:00:00'),(24,7,2,1,'2020-02-18 20:44:17','2020-02-18 20:44:17','9999-12-31 00:00:00'),(25,7,5,1,'2020-02-18 20:44:17','2020-02-18 20:44:17','9999-12-31 00:00:00'),(26,7,10,1,'2020-02-18 20:44:17','2020-02-18 20:44:17','9999-12-31 00:00:00'),(27,8,7,1,'2020-02-18 20:44:17','2020-02-18 20:44:17','9999-12-31 00:00:00'),(28,8,6,1,'2020-02-18 20:44:17','2020-02-18 20:44:17','9999-12-31 00:00:00'),(29,8,6,1,'2020-02-18 20:44:17','2020-02-18 20:44:17','9999-12-31 00:00:00'),(30,8,7,1,'2020-02-18 20:44:17','2020-02-18 20:44:17','9999-12-31 00:00:00'),(31,8,7,1,'2020-02-18 20:44:17','2020-02-18 20:44:17','9999-12-31 00:00:00'),(32,9,6,1,'2020-02-18 20:44:17','2020-02-18 20:44:17','9999-12-31 00:00:00'),(33,9,7,1,'2020-02-18 20:44:17','2020-02-18 20:44:17','9999-12-31 00:00:00'),(34,9,8,1,'2020-02-18 20:44:17','2020-02-18 20:44:17','9999-12-31 00:00:00'),(35,9,6,1,'2020-02-18 20:44:17','2020-02-18 20:44:17','9999-12-31 00:00:00'),(36,9,8,1,'2020-02-18 20:44:17','2020-02-18 20:44:17','9999-12-31 00:00:00'),(37,10,8,1,'2020-02-18 20:44:17','2020-02-18 20:44:17','9999-12-31 00:00:00'),(38,10,8,1,'2020-02-18 20:44:17','2020-02-18 20:44:17','9999-12-31 00:00:00'),(39,10,8,1,'2020-02-18 20:44:17','2020-02-18 20:44:17','9999-12-31 00:00:00'),(40,10,6,1,'2020-02-18 20:44:17','2020-02-18 20:44:17','9999-12-31 00:00:00'),(41,10,6,1,'2020-02-18 20:44:17','2020-02-18 20:44:17','9999-12-31 00:00:00'),(42,11,1,1,'2020-02-18 20:44:18','2020-02-18 20:44:18','9999-12-31 00:00:00'),(43,11,4,1,'2020-02-18 20:44:18','2020-02-18 20:44:18','9999-12-31 00:00:00'),(44,11,10,1,'2020-02-18 20:44:18','2020-02-18 20:44:18','9999-12-31 00:00:00'),(45,12,2,1,'2020-02-18 20:44:18','2020-02-18 20:44:18','9999-12-31 00:00:00'),(46,12,5,1,'2020-02-18 20:44:18','2020-02-18 20:44:18','9999-12-31 00:00:00'),(47,12,10,1,'2020-02-18 20:44:18','2020-02-18 20:44:18','9999-12-31 00:00:00'),(48,13,6,1,'2020-02-18 20:44:18','2020-02-18 20:44:18','9999-12-31 00:00:00'),(49,13,8,1,'2020-02-18 20:44:18','2020-02-18 20:44:18','9999-12-31 00:00:00'),(50,13,7,1,'2020-02-18 20:44:18','2020-02-18 20:44:18','9999-12-31 00:00:00'),(51,13,9,1,'2020-02-18 20:44:18','2020-02-18 20:44:18','9999-12-31 00:00:00'),(52,13,7,1,'2020-02-18 20:44:18','2020-02-18 20:44:18','9999-12-31 00:00:00'),(53,14,9,1,'2020-02-18 20:44:18','2020-02-18 20:44:18','9999-12-31 00:00:00'),(54,14,8,1,'2020-02-18 20:44:18','2020-02-18 20:44:18','9999-12-31 00:00:00'),(55,14,7,1,'2020-02-18 20:44:18','2020-02-18 20:44:18','9999-12-31 00:00:00'),(56,14,7,1,'2020-02-18 20:44:18','2020-02-18 20:44:18','9999-12-31 00:00:00'),(57,14,9,1,'2020-02-18 20:44:18','2020-02-18 20:44:18','9999-12-31 00:00:00'),(58,15,7,1,'2020-02-18 20:44:18','2020-02-18 20:44:18','9999-12-31 00:00:00'),(59,15,9,1,'2020-02-18 20:44:18','2020-02-18 20:44:18','9999-12-31 00:00:00'),(60,15,8,1,'2020-02-18 20:44:18','2020-02-18 20:44:18','9999-12-31 00:00:00'),(61,15,8,1,'2020-02-18 20:44:18','2020-02-18 20:44:18','9999-12-31 00:00:00'),(62,15,9,1,'2020-02-18 20:44:18','2020-02-18 20:44:18','9999-12-31 00:00:00'),(63,16,2,1,'2020-02-18 20:44:18','2020-02-18 20:44:18','9999-12-31 00:00:00'),(64,16,5,1,'2020-02-18 20:44:18','2020-02-18 20:44:18','9999-12-31 00:00:00'),(65,16,10,1,'2020-02-18 20:44:18','2020-02-18 20:44:18','9999-12-31 00:00:00'),(66,17,8,1,'2020-02-18 20:44:18','2020-02-18 20:44:18','9999-12-31 00:00:00'),(67,17,6,1,'2020-02-18 20:44:18','2020-02-18 20:44:18','9999-12-31 00:00:00'),(68,17,9,1,'2020-02-18 20:44:18','2020-02-18 20:44:18','9999-12-31 00:00:00'),(69,17,8,1,'2020-02-18 20:44:18','2020-02-18 20:44:18','9999-12-31 00:00:00'),(70,17,9,1,'2020-02-18 20:44:18','2020-02-18 20:44:18','9999-12-31 00:00:00'),(71,18,8,1,'2020-02-18 20:44:18','2020-02-18 20:44:18','9999-12-31 00:00:00'),(72,18,8,1,'2020-02-18 20:44:18','2020-02-18 20:44:18','9999-12-31 00:00:00'),(73,18,9,1,'2020-02-18 20:44:18','2020-02-18 20:44:18','9999-12-31 00:00:00'),(74,18,7,1,'2020-02-18 20:44:18','2020-02-18 20:44:18','9999-12-31 00:00:00'),(75,18,8,1,'2020-02-18 20:44:18','2020-02-18 20:44:18','9999-12-31 00:00:00'),(76,19,6,1,'2020-02-18 20:44:18','2020-02-18 20:44:18','9999-12-31 00:00:00'),(77,19,6,1,'2020-02-18 20:44:18','2020-02-18 20:44:18','9999-12-31 00:00:00'),(78,19,7,1,'2020-02-18 20:44:18','2020-02-18 20:44:18','9999-12-31 00:00:00'),(79,19,7,1,'2020-02-18 20:44:18','2020-02-18 20:44:18','9999-12-31 00:00:00'),(80,19,9,1,'2020-02-18 20:44:18','2020-02-18 20:44:18','9999-12-31 00:00:00'),(81,20,1,1,'2020-02-18 20:44:18','2020-02-18 20:44:18','9999-12-31 00:00:00'),(82,20,4,1,'2020-02-18 20:44:18','2020-02-18 20:44:18','9999-12-31 00:00:00'),(83,20,10,1,'2020-02-18 20:44:18','2020-02-18 20:44:18','9999-12-31 00:00:00'),(84,21,2,1,'2020-02-18 20:44:18','2020-02-18 20:44:18','9999-12-31 00:00:00'),(85,21,5,1,'2020-02-18 20:44:18','2020-02-18 20:44:18','9999-12-31 00:00:00'),(86,21,10,1,'2020-02-18 20:44:18','2020-02-18 20:44:18','9999-12-31 00:00:00'),(87,22,8,1,'2020-02-18 20:44:18','2020-02-18 20:44:18','9999-12-31 00:00:00'),(88,22,6,1,'2020-02-18 20:44:18','2020-02-18 20:44:18','9999-12-31 00:00:00'),(89,22,9,1,'2020-02-18 20:44:18','2020-02-18 20:44:18','9999-12-31 00:00:00'),(90,22,9,1,'2020-02-18 20:44:18','2020-02-18 20:44:18','9999-12-31 00:00:00'),(91,22,8,1,'2020-02-18 20:44:18','2020-02-18 20:44:18','9999-12-31 00:00:00'),(92,23,9,1,'2020-02-18 20:44:18','2020-02-18 20:44:18','9999-12-31 00:00:00'),(93,23,9,1,'2020-02-18 20:44:18','2020-02-18 20:44:18','9999-12-31 00:00:00'),(94,23,7,1,'2020-02-18 20:44:18','2020-02-18 20:44:18','9999-12-31 00:00:00'),(95,23,9,1,'2020-02-18 20:44:18','2020-02-18 20:44:18','9999-12-31 00:00:00'),(96,23,9,1,'2020-02-18 20:44:18','2020-02-18 20:44:18','9999-12-31 00:00:00'),(97,24,6,1,'2020-02-18 20:44:18','2020-02-18 20:44:18','9999-12-31 00:00:00'),(98,24,6,1,'2020-02-18 20:44:18','2020-02-18 20:44:18','9999-12-31 00:00:00'),(99,24,7,1,'2020-02-18 20:44:18','2020-02-18 20:44:18','9999-12-31 00:00:00'),(100,24,6,1,'2020-02-18 20:44:18','2020-02-18 20:44:18','9999-12-31 00:00:00'),(101,24,6,1,'2020-02-18 20:44:18','2020-02-18 20:44:18','9999-12-31 00:00:00'),(102,25,2,1,'2020-02-18 20:44:18','2020-02-18 20:44:18','9999-12-31 00:00:00'),(103,25,5,1,'2020-02-18 20:44:18','2020-02-18 20:44:18','9999-12-31 00:00:00'),(104,25,10,1,'2020-02-18 20:44:18','2020-02-18 20:44:18','9999-12-31 00:00:00'),(105,26,8,1,'2020-02-18 20:44:18','2020-02-18 20:44:18','9999-12-31 00:00:00'),(106,26,9,1,'2020-02-18 20:44:18','2020-02-18 20:44:18','9999-12-31 00:00:00'),(107,26,7,1,'2020-02-18 20:44:18','2020-02-18 20:44:18','9999-12-31 00:00:00'),(108,26,6,1,'2020-02-18 20:44:18','2020-02-18 20:44:18','9999-12-31 00:00:00'),(109,26,6,1,'2020-02-18 20:44:18','2020-02-18 20:44:18','9999-12-31 00:00:00'),(110,27,9,1,'2020-02-18 20:44:18','2020-02-18 20:44:18','9999-12-31 00:00:00'),(111,27,6,1,'2020-02-18 20:44:18','2020-02-18 20:44:18','9999-12-31 00:00:00'),(112,27,6,1,'2020-02-18 20:44:18','2020-02-18 20:44:18','9999-12-31 00:00:00'),(113,27,7,1,'2020-02-18 20:44:18','2020-02-18 20:44:18','9999-12-31 00:00:00'),(114,27,6,1,'2020-02-18 20:44:18','2020-02-18 20:44:18','9999-12-31 00:00:00');
/*!40000 ALTER TABLE `staff_table` ENABLE KEYS */;
UNLOCK TABLES;

--
-- Table structure for table `tasks`
--

DROP TABLE IF EXISTS `tasks`;
/*!40101 SET @saved_cs_client     = @@character_set_client */;
/*!50503 SET character_set_client = utf8mb4 */;
CREATE TABLE `tasks` (
  `id` bigint unsigned NOT NULL AUTO_INCREMENT,
  `name` text NOT NULL COMMENT 'Текстовое описание задачи',
  `begin_at` datetime DEFAULT CURRENT_TIMESTAMP COMMENT 'Дата создания задачи',
  `end_at` datetime DEFAULT '9999-12-31 00:00:00' COMMENT 'Дата ограничения задачи',
  UNIQUE KEY `id` (`id`)
) ENGINE=InnoDB AUTO_INCREMENT=29 DEFAULT CHARSET=utf8mb4 COLLATE=utf8mb4_0900_ai_ci COMMENT='Задачи подразделений';
/*!40101 SET character_set_client = @saved_cs_client */;

--
-- Dumping data for table `tasks`
--

LOCK TABLES `tasks` WRITE;
/*!40000 ALTER TABLE `tasks` DISABLE KEYS */;
INSERT INTO `tasks` VALUES (1,'Задача 1','2020-02-18 20:44:55','9999-12-31 00:00:00'),(2,'Задача 2','2020-02-18 20:44:55','9999-12-31 00:00:00'),(3,'Задача 3','2020-02-18 20:44:55','9999-12-31 00:00:00'),(4,'Задача 4','2020-02-18 20:44:55','9999-12-31 00:00:00'),(5,'Задача 5','2020-02-18 20:44:55','9999-12-31 00:00:00'),(6,'Задача 6','2020-02-18 20:44:55','9999-12-31 00:00:00'),(7,'Задача 7','2020-02-18 20:44:55','9999-12-31 00:00:00'),(8,'Задача 8','2020-02-18 20:44:55','9999-12-31 00:00:00'),(9,'Задача 9','2020-02-18 20:44:56','9999-12-31 00:00:00'),(10,'Задача 10','2020-02-18 20:44:56','9999-12-31 00:00:00'),(11,'Задача 11','2020-02-18 20:44:56','9999-12-31 00:00:00'),(12,'Задача 12','2020-02-18 20:44:56','9999-12-31 00:00:00'),(13,'Задача 13','2020-02-18 20:44:56','9999-12-31 00:00:00'),(14,'Задача 14','2020-02-18 20:44:56','9999-12-31 00:00:00'),(15,'Задача 15','2020-02-18 20:44:56','9999-12-31 00:00:00'),(16,'Задача 16','2020-02-18 20:44:56','9999-12-31 00:00:00'),(17,'Задача 17','2020-02-18 20:44:56','9999-12-31 00:00:00'),(18,'Задача 18','2020-02-18 20:44:56','9999-12-31 00:00:00'),(19,'Задача 19','2020-02-18 20:44:56','9999-12-31 00:00:00'),(20,'Задача 20','2020-02-18 20:44:56','9999-12-31 00:00:00'),(21,'Задача 21','2020-02-18 20:44:56','9999-12-31 00:00:00'),(22,'Задача 22','2020-02-18 20:44:56','9999-12-31 00:00:00'),(23,'Задача 23','2020-02-18 20:44:56','9999-12-31 00:00:00'),(24,'Задача 24','2020-02-18 20:44:56','9999-12-31 00:00:00'),(25,'Задача 25','2020-02-18 20:44:56','9999-12-31 00:00:00'),(26,'Задача 26','2020-02-18 20:44:56','9999-12-31 00:00:00'),(27,'Задача 27','2020-02-18 20:44:56','9999-12-31 00:00:00'),(28,'Задача 28','2020-02-18 20:44:56','9999-12-31 00:00:00');
/*!40000 ALTER TABLE `tasks` ENABLE KEYS */;
UNLOCK TABLES;

--
-- Table structure for table `tasks_units`
--

DROP TABLE IF EXISTS `tasks_units`;
/*!40101 SET @saved_cs_client     = @@character_set_client */;
/*!50503 SET character_set_client = utf8mb4 */;
CREATE TABLE `tasks_units` (
  `unit_id` bigint unsigned NOT NULL,
  `task_id` bigint unsigned NOT NULL,
  `linked_at` datetime DEFAULT CURRENT_TIMESTAMP COMMENT 'Дата привязки задачи к подразделению',
  `unlinked_at` datetime DEFAULT '9999-12-31 00:00:00' COMMENT 'Дата отсоединения задачи от подразделения',
  KEY `tasks_units_task_id_fk` (`task_id`),
  KEY `tasks_units_unit_id_fk` (`unit_id`),
  CONSTRAINT `tasks_units_task_id_fk` FOREIGN KEY (`task_id`) REFERENCES `tasks` (`id`),
  CONSTRAINT `tasks_units_unit_id_fk` FOREIGN KEY (`unit_id`) REFERENCES `units` (`id`)
) ENGINE=InnoDB DEFAULT CHARSET=utf8mb4 COLLATE=utf8mb4_0900_ai_ci COMMENT='Функции распределяются по должностям штатного расписания';
/*!40101 SET character_set_client = @saved_cs_client */;

--
-- Dumping data for table `tasks_units`
--

LOCK TABLES `tasks_units` WRITE;
/*!40000 ALTER TABLE `tasks_units` DISABLE KEYS */;
INSERT INTO `tasks_units` VALUES (1,1,'2020-02-18 20:45:27','9999-12-31 00:00:00'),(2,2,'2020-02-18 20:45:27','9999-12-31 00:00:00'),(3,3,'2020-02-18 20:45:27','9999-12-31 00:00:00'),(4,4,'2020-02-18 20:45:27','9999-12-31 00:00:00'),(5,5,'2020-02-18 20:45:27','9999-12-31 00:00:00'),(6,6,'2020-02-18 20:45:27','9999-12-31 00:00:00'),(7,7,'2020-02-18 20:45:27','9999-12-31 00:00:00'),(8,8,'2020-02-18 20:45:27','9999-12-31 00:00:00'),(9,9,'2020-02-18 20:45:27','9999-12-31 00:00:00'),(10,10,'2020-02-18 20:45:27','9999-12-31 00:00:00'),(11,11,'2020-02-18 20:45:27','9999-12-31 00:00:00'),(12,12,'2020-02-18 20:45:27','9999-12-31 00:00:00'),(13,13,'2020-02-18 20:45:27','9999-12-31 00:00:00'),(14,14,'2020-02-18 20:45:27','9999-12-31 00:00:00'),(15,15,'2020-02-18 20:45:27','9999-12-31 00:00:00'),(16,16,'2020-02-18 20:45:27','9999-12-31 00:00:00'),(17,17,'2020-02-18 20:45:27','9999-12-31 00:00:00'),(18,18,'2020-02-18 20:45:27','9999-12-31 00:00:00'),(19,19,'2020-02-18 20:45:27','9999-12-31 00:00:00'),(20,20,'2020-02-18 20:45:27','9999-12-31 00:00:00'),(21,21,'2020-02-18 20:45:27','9999-12-31 00:00:00'),(22,22,'2020-02-18 20:45:27','9999-12-31 00:00:00'),(23,23,'2020-02-18 20:45:27','9999-12-31 00:00:00'),(24,24,'2020-02-18 20:45:27','9999-12-31 00:00:00'),(25,25,'2020-02-18 20:45:27','9999-12-31 00:00:00'),(26,26,'2020-02-18 20:45:27','9999-12-31 00:00:00'),(27,27,'2020-02-18 20:45:27','9999-12-31 00:00:00'),(28,28,'2020-02-18 20:45:27','9999-12-31 00:00:00');
/*!40000 ALTER TABLE `tasks_units` ENABLE KEYS */;
UNLOCK TABLES;

--
-- Table structure for table `test_name`
--

DROP TABLE IF EXISTS `test_name`;
/*!40101 SET @saved_cs_client     = @@character_set_client */;
/*!50503 SET character_set_client = utf8mb4 */;
CREATE TABLE `test_name` (
  `id` bigint unsigned NOT NULL AUTO_INCREMENT,
  `name` varchar(128) DEFAULT NULL,
  `sex` enum('мужской','женский') DEFAULT NULL,
  `bd` date DEFAULT NULL,
  `email` varchar(64) DEFAULT NULL,
  `phone` varchar(16) DEFAULT NULL,
  UNIQUE KEY `id` (`id`)
) ENGINE=InnoDB AUTO_INCREMENT=10 DEFAULT CHARSET=utf8mb4 COLLATE=utf8mb4_0900_ai_ci;
/*!40101 SET character_set_client = @saved_cs_client */;

--
-- Dumping data for table `test_name`
--

LOCK TABLES `test_name` WRITE;
/*!40000 ALTER TABLE `test_name` DISABLE KEYS */;
INSERT INTO `test_name` VALUES (1,'Иванов Вадим Семёнович','мужской','1981-10-09','VSmiavnov@mail.ru','+79916325576'),(2,'Иванов Вячеслав Вадимович','мужской','1989-02-17','VVaiavnov@gmail.com','+79748051614'),(3,'Кузнецов Вадим Сергеевич','мужской','1979-02-24','VSekuznecov@hotmail.com','+79931394296'),(4,'Лебедев Иван Александрович','мужской','1987-03-06','IAllebedev@hotmail.com','+79531506721'),(5,'Петров Семён Вячеславович','мужской','1973-08-04','SVipetrov@mail.ru','+79554585440'),(6,'Соколов Александр Вячеславович','мужской','1985-09-07','AlVisokolov@hotmail.com','+79876698940'),(7,'Кузнецов Пётр Семёнович','мужской','1975-09-06','PSmkuznecov@hotmail.com','+79731812916'),(8,'Петров Сергей Витальевич','мужской','1985-07-08','SVtpetrov@gmail.com','+79675899816'),(9,'Новиков Василий Витальевич','мужской','1987-10-16','VVtnovikov@mail.ru','+79266023483');
/*!40000 ALTER TABLE `test_name` ENABLE KEYS */;
UNLOCK TABLES;

--
-- Table structure for table `unit_links`
--

DROP TABLE IF EXISTS `unit_links`;
/*!40101 SET @saved_cs_client     = @@character_set_client */;
/*!50503 SET character_set_client = utf8mb4 */;
CREATE TABLE `unit_links` (
  `unit_id` bigint unsigned NOT NULL,
  `parent_id` bigint unsigned NOT NULL,
  `level` tinyint unsigned NOT NULL COMMENT 'Уровень подразделения в структуре',
  PRIMARY KEY (`unit_id`,`parent_id`),
  KEY `unit_links_parent_id_fk` (`parent_id`),
  CONSTRAINT `unit_links_parent_id_fk` FOREIGN KEY (`parent_id`) REFERENCES `units` (`id`),
  CONSTRAINT `unit_links_unit_id_fk` FOREIGN KEY (`unit_id`) REFERENCES `units` (`id`)
) ENGINE=InnoDB DEFAULT CHARSET=utf8mb4 COLLATE=utf8mb4_0900_ai_ci COMMENT='Иерархия организационных единиц';
/*!40101 SET character_set_client = @saved_cs_client */;

--
-- Dumping data for table `unit_links`
--

LOCK TABLES `unit_links` WRITE;
/*!40000 ALTER TABLE `unit_links` DISABLE KEYS */;
INSERT INTO `unit_links` VALUES (1,1,1),(2,1,1),(2,2,2),(3,1,1),(3,2,2),(3,3,3),(4,1,1),(4,2,2),(4,3,3),(4,4,4),(5,1,1),(5,2,2),(5,3,3),(5,5,4),(6,1,1),(6,2,2),(6,3,3),(6,6,4),(7,1,1),(7,2,2),(7,7,3),(8,1,1),(8,2,2),(8,7,3),(8,8,4),(9,1,1),(9,2,2),(9,7,3),(9,9,4),(10,1,1),(10,2,2),(10,7,3),(10,10,4),(11,1,1),(11,11,2),(12,1,1),(12,11,2),(12,12,3),(13,1,1),(13,11,2),(13,12,3),(13,13,4),(14,1,1),(14,11,2),(14,12,3),(14,14,4),(15,1,1),(15,11,2),(15,12,3),(15,15,4),(16,1,1),(16,11,2),(16,16,3),(17,1,1),(17,11,2),(17,16,3),(17,17,4),(18,1,1),(18,11,2),(18,16,3),(18,18,4),(19,1,1),(19,11,2),(19,16,3),(19,19,4),(20,1,1),(20,20,2),(21,1,1),(21,20,2),(21,21,3),(22,1,1),(22,20,2),(22,21,3),(22,22,4),(23,1,1),(23,20,2),(23,21,3),(23,23,4),(24,1,1),(24,20,2),(24,21,3),(24,24,4),(25,1,1),(25,20,2),(25,25,3),(26,1,1),(26,20,2),(26,25,3),(26,26,4),(27,1,1),(27,20,2),(27,25,3),(27,27,4),(28,1,1),(28,20,2),(28,25,3),(28,28,4);
/*!40000 ALTER TABLE `unit_links` ENABLE KEYS */;
UNLOCK TABLES;

--
-- Table structure for table `units`
--

DROP TABLE IF EXISTS `units`;
/*!40101 SET @saved_cs_client     = @@character_set_client */;
/*!50503 SET character_set_client = utf8mb4 */;
CREATE TABLE `units` (
  `id` bigint unsigned NOT NULL AUTO_INCREMENT,
  `parent_id` bigint unsigned DEFAULT NULL,
  `name` varchar(128) DEFAULT NULL COMMENT 'Наименование орг. единицы',
  `begin_at` datetime DEFAULT CURRENT_TIMESTAMP COMMENT 'Дата создания орг. единицы',
  `end_at` datetime DEFAULT '9999-12-31 00:00:00' COMMENT 'Дата ограничения орг. единицы',
  UNIQUE KEY `id` (`id`)
) ENGINE=InnoDB AUTO_INCREMENT=29 DEFAULT CHARSET=utf8mb4 COLLATE=utf8mb4_0900_ai_ci COMMENT='Организационные единиц';
/*!40101 SET character_set_client = @saved_cs_client */;

--
-- Dumping data for table `units`
--

LOCK TABLES `units` WRITE;
/*!40000 ALTER TABLE `units` DISABLE KEYS */;
INSERT INTO `units` VALUES (1,NULL,'Организация','2020-02-18 20:43:51','9999-12-31 00:00:00'),(2,1,'Департамент 1','2020-02-18 20:43:51','9999-12-31 00:00:00'),(3,2,'Управление 11','2020-02-18 20:43:51','9999-12-31 00:00:00'),(4,3,'отдел 111','2020-02-18 20:43:51','9999-12-31 00:00:00'),(5,3,'отдел 112','2020-02-18 20:43:51','9999-12-31 00:00:00'),(6,3,'отдел 113','2020-02-18 20:43:51','9999-12-31 00:00:00'),(7,2,'Управление 12','2020-02-18 20:43:51','9999-12-31 00:00:00'),(8,7,'отдел 121','2020-02-18 20:43:51','9999-12-31 00:00:00'),(9,7,'отдел 122','2020-02-18 20:43:51','9999-12-31 00:00:00'),(10,7,'отдел 123','2020-02-18 20:43:51','9999-12-31 00:00:00'),(11,1,'Департамент 2','2020-02-18 20:43:51','9999-12-31 00:00:00'),(12,11,'Управление 21','2020-02-18 20:43:51','9999-12-31 00:00:00'),(13,12,'отдел 211','2020-02-18 20:43:51','9999-12-31 00:00:00'),(14,12,'отдел 212','2020-02-18 20:43:51','9999-12-31 00:00:00'),(15,12,'отдел 213','2020-02-18 20:43:51','9999-12-31 00:00:00'),(16,11,'Управление 22','2020-02-18 20:43:51','9999-12-31 00:00:00'),(17,16,'отдел 221','2020-02-18 20:43:51','9999-12-31 00:00:00'),(18,16,'отдел 222','2020-02-18 20:43:51','9999-12-31 00:00:00'),(19,16,'отдел 223','2020-02-18 20:43:51','9999-12-31 00:00:00'),(20,1,'Департамент 3','2020-02-18 20:43:51','9999-12-31 00:00:00'),(21,20,'Управление 31','2020-02-18 20:43:51','9999-12-31 00:00:00'),(22,21,'отдел 311','2020-02-18 20:43:51','9999-12-31 00:00:00'),(23,21,'отдел 312','2020-02-18 20:43:51','9999-12-31 00:00:00'),(24,21,'отдел 313','2020-02-18 20:43:51','9999-12-31 00:00:00'),(25,20,'Управление 32','2020-02-18 20:43:51','9999-12-31 00:00:00'),(26,25,'отдел 321','2020-02-18 20:43:51','9999-12-31 00:00:00'),(27,25,'отдел 322','2020-02-18 20:43:51','9999-12-31 00:00:00'),(28,25,'отдел 323','2020-02-18 20:43:51','9999-12-31 00:00:00');
/*!40000 ALTER TABLE `units` ENABLE KEYS */;
UNLOCK TABLES;
/*!50003 SET @saved_cs_client      = @@character_set_client */ ;
/*!50003 SET @saved_cs_results     = @@character_set_results */ ;
/*!50003 SET @saved_col_connection = @@collation_connection */ ;
/*!50003 SET character_set_client  = utf8 */ ;
/*!50003 SET character_set_results = utf8 */ ;
/*!50003 SET collation_connection  = utf8_general_ci */ ;
/*!50003 SET @saved_sql_mode       = @@sql_mode */ ;
/*!50003 SET sql_mode              = 'ONLY_FULL_GROUP_BY,STRICT_TRANS_TABLES,NO_ZERO_IN_DATE,NO_ZERO_DATE,ERROR_FOR_DIVISION_BY_ZERO,NO_ENGINE_SUBSTITUTION' */ ;
DELIMITER ;;
/*!50003 CREATE*/ /*!50017 DEFINER=`root`@`localhost`*/ /*!50003 TRIGGER `add_unit` AFTER INSERT ON `units` FOR EACH ROW BEGIN
	IF NEW.parent_id IS NULL THEN
		INSERT INTO unit_links (unit_id, parent_id, level)
			VALUES(NEW.id, NEW.id, 1);
    ELSE 
		SELECT level INTO @l FROM unit_links WHERE unit_id = NEW.parent_id AND parent_id = NEW.parent_id;
        INSERT INTO unit_links (unit_id, parent_id, level)
			VALUES(NEW.id, NEW.id, @l + 1);
        INSERT INTO unit_links (unit_id, parent_id, level)
					SELECT NEW.id, parent_id, level FROM unit_links WHERE unit_id = NEW.parent_id;	
    END IF;        
END */;;
DELIMITER ;
/*!50003 SET sql_mode              = @saved_sql_mode */ ;
/*!50003 SET character_set_client  = @saved_cs_client */ ;
/*!50003 SET character_set_results = @saved_cs_results */ ;
/*!50003 SET collation_connection  = @saved_col_connection */ ;

--
-- Table structure for table `wishes`
--

DROP TABLE IF EXISTS `wishes`;
/*!40101 SET @saved_cs_client     = @@character_set_client */;
/*!50503 SET character_set_client = utf8mb4 */;
CREATE TABLE `wishes` (
  `id` bigint unsigned NOT NULL AUTO_INCREMENT,
  `name` varchar(128) NOT NULL,
  UNIQUE KEY `id` (`id`),
  UNIQUE KEY `name` (`name`)
) ENGINE=InnoDB AUTO_INCREMENT=6 DEFAULT CHARSET=utf8mb4 COLLATE=utf8mb4_0900_ai_ci COMMENT='Виды пожеланий кандидата';
/*!40101 SET character_set_client = @saved_cs_client */;

--
-- Dumping data for table `wishes`
--

LOCK TABLES `wishes` WRITE;
/*!40000 ALTER TABLE `wishes` DISABLE KEYS */;
INSERT INTO `wishes` VALUES (3,'Вид договора'),(1,'Готовность к командировкам'),(2,'Готовность к перезду'),(5,'Ожидания по зарплате'),(4,'Характер занятости');
/*!40000 ALTER TABLE `wishes` ENABLE KEYS */;
UNLOCK TABLES;
/*!40103 SET TIME_ZONE=@OLD_TIME_ZONE */;

/*!40101 SET SQL_MODE=@OLD_SQL_MODE */;
/*!40014 SET FOREIGN_KEY_CHECKS=@OLD_FOREIGN_KEY_CHECKS */;
/*!40014 SET UNIQUE_CHECKS=@OLD_UNIQUE_CHECKS */;
/*!40101 SET CHARACTER_SET_CLIENT=@OLD_CHARACTER_SET_CLIENT */;
/*!40101 SET CHARACTER_SET_RESULTS=@OLD_CHARACTER_SET_RESULTS */;
/*!40101 SET COLLATION_CONNECTION=@OLD_COLLATION_CONNECTION */;
/*!40111 SET SQL_NOTES=@OLD_SQL_NOTES */;

-- Dump completed on 2020-02-19 22:46:45
